split,source,category,label,name,size,crc,offset,csize,method,sha256
train,progan_train,airplane,0_real,airplane/0_real/00190.png,80971,61f19de8,1263442103,80986,8,2cc37d686c7b497b2573800da67f836a3a0d873bc111b3015a4d8ea735e7905a
train,progan_train,airplane,0_real,airplane/0_real/00230.png,39786,6e4967f0,485361108,39461,8,e9eb46d82a5dad6ff04cc3bfda5015054742d423689b6319995d131b762e6c7a
train,progan_train,airplane,0_real,airplane/0_real/00308.png,68582,c8b70812,1256202762,68125,8,02f4d7c9b591c8a786a7ffcf27560142e9cf016b8e52b44a9dcff4b148b5684c
train,progan_train,airplane,0_real,airplane/0_real/00564.png,85101,da903028,856767465,85093,8,fde95178ccf828581c6a6fb90a36453581ce23dd73c4ac3ee8998d092025f9b9
train,progan_train,airplane,0_real,airplane/0_real/00616.png,53672,c2e2f0f7,82073964,53656,8,78c170088a7c343f0c40e9df31d998699db6ca292e1789a323747fb374ee8e53
train,progan_train,airplane,0_real,airplane/0_real/00693.png,71600,ae7e8b3c,1026815005,71129,8,5546654bbc18e49594b5e0983161eb08ae17459e769648d9e3d6a3aa75bb9355
train,progan_train,airplane,0_real,airplane/0_real/00996.png,71416,e2827435,697724792,71412,8,d6f9c31d29d2ba871b65989e9c10a40e68adde9d20a5ac369ced4d563a0184bc
train,progan_train,airplane,0_real,airplane/0_real/01023.png,68486,88e43410,1148877303,68416,8,18b955c9773c647997854d62820d6d95d3c3ccb9d453d12a732ede4f3f6aa47a
train,progan_train,airplane,0_real,airplane/0_real/01071.png,99894,2deb2852,281039910,99731,8,38d15bc1a8fa573d83f1cee336f548382952ffd05cfbcd2a27cf3ae66b72b255
train,progan_train,airplane,0_real,airplane/0_real/01148.png,54374,cb9d6a10,446139333,54202,8,6d6bc21dcce1b287d1e78ebe6a83acddfca99243d4d222614d804aeb6cf440fc
train,progan_train,airplane,0_real,airplane/0_real/01291.png,101671,889b52f0,1359454331,101457,8,fd3b168b71596868221ee51047ac8aab03a2224782c27cc77dac65e1d2a3d00f
train,progan_train,airplane,0_real,airplane/0_real/01830.png,58974,47ebc3e7,277113106,58546,8,632b3664f7d50b9be79e67ed022fc39c976241044468c3aa1cb949d32f94cf88
train,progan_train,airplane,0_real,airplane/0_real/01864.png,83748,7da74c22,1271145827,83393,8,7d8a9d766134c53f8ad4fbe386bbf8b01570668c851a9e7010b107d56967efaa
train,progan_train,airplane,0_real,airplane/0_real/01901.png,51401,e1f05575,308597587,51358,8,0a25fba5e56aa6ed2f5539bb8c5785b8731fb046e1090ac6d0e92b6a1ff427d9
train,progan_train,airplane,0_real,airplane/0_real/01931.png,89193,41e735e5,1156378406,89071,8,4d872f145ba25c3a0d57072bd869ba6e86538bc883d2cae8b6073733dda9b802
train,progan_train,airplane,0_real,airplane/0_real/01948.png,50178,aba2ff5e,338008937,50188,8,321a0fa4017c290fe6992b7c33ebb4f2ca020f334e4a2c21c313ab4c356c5241
train,progan_train,airplane,0_real,airplane/0_real/02429.png,44681,ca84b93c,200501872,44598,8,bced533b6a392095de4a473453f6d306b6bff575aa31c62c2539ae9091991b4e
train,progan_train,airplane,0_real,airplane/0_real/02459.png,85339,528e8e8c,981071067,85265,8,93cd6153de5db6b78be1b97eb5c6172518b60af3877fd3c7f48ed962d446dbf5
train,progan_train,airplane,0_real,airplane/0_real/02720.png,82535,485fb5d4,1145226563,82452,8,6552b229fb845c14ec6582bf54165f40515276168a20c701dbd38e6e214ee3a0
train,progan_train,airplane,0_real,airplane/0_real/03272.png,69836,44fcc0c8,405032470,69631,8,27db93f649242901c5a40d74c36577a1212e204b321cd84c1b85a540907ef612
train,progan_train,airplane,0_real,airplane/0_real/03326.png,89958,5d351a5e,1264028362,89935,8,53a112edd570b73464493d8b76bbd8b833d9d5cbcdb02bdbc56f336de2869f28
train,progan_train,airplane,0_real,airplane/0_real/03563.png,30694,98913755,526657578,30393,8,5c103d50d89009a9987d77a52a9f3cc043cbeb6d9260f20fa75cb6eb5ddef03e
train,progan_train,airplane,0_real,airplane/0_real/03575.png,78667,18adc059,1132300673,78453,8,ca803156609289ce7141adff39be740d25f2a76e71bf9ac623eb442a51f2e3c2
train,progan_train,airplane,0_real,airplane/0_real/03732.png,81616,1357469b,1260774245,81538,8,3f05c08cb99af71ced63b84e8d8473be4d8b022546eb02950e49fcec07bb64ef
train,progan_train,airplane,0_real,airplane/0_real/03736.png,70363,6ded096f,280750179,70373,8,25d136ab48208c0ae70b03ef75d42471566af1e64c436bf0facdc7c34bf70548
train,progan_train,airplane,0_real,airplane/0_real/03792.png,70921,51515c58,374500535,70761,8,1edfdc9269535bb8673ed8cad56521d5246541c5fe4a18528a20ace047d095f8
train,progan_train,airplane,0_real,airplane/0_real/03927.png,114780,682b5ffd,1034661660,114719,8,377d39fe31ab6432f82ebb9d763e4e5dda071e24c85b4b6975b3a75bd2b41004
train,progan_train,airplane,0_real,airplane/0_real/04202.png,33537,c4969112,741772319,33489,8,e643d1a1eb69b0bff7a0cd26978b68997f5925d2206d14de87bd8191badf0132
train,progan_train,airplane,0_real,airplane/0_real/04238.png,48283,98d1208f,1230919492,48293,8,1ac35db1689107d1d5c452fdc855f94a413dd1f6a14edcfa5b2422ce776c4a7b
train,progan_train,airplane,0_real,airplane/0_real/04333.png,48863,eb13b5b4,954810633,48873,8,c90da9e94a0064d0e063617cfb0e801946f66621b940ca65532e7566b6f8481c
train,progan_train,airplane,0_real,airplane/0_real/04344.png,59962,05869905,1030718428,59946,8,164ccd09379c6bd13c2d60c8e66c8486706017b01e5fff80ef8ef57165a7099b
train,progan_train,airplane,0_real,airplane/0_real/04749.png,80270,edb76ac0,274102283,80245,8,f162e247af30dc2f8839e1c3e9aa228ac350b5ff14635aca824ec51346e2eb37
train,progan_train,airplane,0_real,airplane/0_real/04861.png,67515,3a8e666b,1088380815,67424,8,286946f422900a4a96e96c059d6c1c0dbe423cc1063336a496289a7f54626f62
train,progan_train,airplane,0_real,airplane/0_real/04893.png,46778,798d53d9,1295744899,46788,8,7efc84805f22154da14fce8a8bdd1116a7527580245db2ae35648903de441982
train,progan_train,airplane,0_real,airplane/0_real/05103.png,49978,2e70951d,600510393,49584,8,b941c64bff1ee11bbc53b088e0b633c082b36ea43cbece993f90431e013cbb70
train,progan_train,airplane,0_real,airplane/0_real/05233.png,69915,3cf3039a,1327262149,69866,8,dcb611cdd6a90dc6ba0bf9e8f85abbeec7f0b61821c43c7fee8621c3bef49a29
train,progan_train,airplane,0_real,airplane/0_real/05264.png,75906,c09a4fca,377856026,75830,8,85b0b9265f3aaa9aa7a14d6dd1448d6e254a1b0c611ea4b89ff4c87fca60a7c0
train,progan_train,airplane,0_real,airplane/0_real/05531.png,32374,501edc31,1258436987,32234,8,28ae2837b2ec0b8e9bedc817363c41f622a125bff1cc89baf8ed782723b48510
train,progan_train,airplane,0_real,airplane/0_real/05592.png,39024,94e503e1,501424495,38959,8,41c45b288785e652a7b065cf54e5ebbd471bfbf4f465d61265b2e0a0db793e54
train,progan_train,airplane,0_real,airplane/0_real/05848.png,91185,414a1489,730740661,91133,8,6986e7971cc059be70f04b8f3a1ccc6d7fc3a76e455deb987dd1c95d9aa1239a
train,progan_train,airplane,0_real,airplane/0_real/06012.png,84276,4fcd0495,474858388,83953,8,5e4b3bdfd23698cf06321a03f30f844b89a7ffa8b506ee8c387da67ecb796b68
train,progan_train,airplane,0_real,airplane/0_real/06057.png,100813,bec94b06,1098803344,100754,8,e373ea025c396f55241b5273880946edb707ac14aab28f21ff6a83cb4c520e3a
train,progan_train,airplane,0_real,airplane/0_real/06094.png,114715,a01d9254,94463525,114697,8,d26abd9542042275f50c434b5af4ac520b53341ea4b5832c1aac56771706ad9a
train,progan_train,airplane,0_real,airplane/0_real/06137.png,49581,bb8fbbc8,436797610,49448,8,35d8b80b937502d13da2e205157711e5dec1ee64b8b1621c9a32533719296ea7
train,progan_train,airplane,0_real,airplane/0_real/06346.png,40498,d78b83e9,160040747,40398,8,06e023e3154092898832456c1be4b635cd3680559b512f95b416470e688e1fa4
train,progan_train,airplane,0_real,airplane/0_real/06347.png,54364,76abfbe1,19954911,54371,8,fa16cf2dc2e45188e607eacaab43c5f7ab5bff03e370b546cb31dabe6f81bdb3
train,progan_train,airplane,0_real,airplane/0_real/06418.png,59234,b0051dbd,849790945,59225,8,24982ff6d36b07dad15d3f08d824fc8b932c95614d5ba21b8c2c06c1dd8dcedb
train,progan_train,airplane,0_real,airplane/0_real/06627.png,91227,534cb317,222364272,91147,8,a7d7b732a17c072049c2af7661985c55238bd13d15dc553764f501afe2762721
train,progan_train,airplane,0_real,airplane/0_real/06917.png,81254,7db907be,953761876,81245,8,00622127f03bb2ba8eeb733c655b19ba9351a00bb42cb58e5b708d7b35f6b235
train,progan_train,airplane,0_real,airplane/0_real/06950.png,57998,0ad70991,818702138,58008,8,3b9b3dcd265d2a8c6f660e7e36408cc23897ceb4bbc30547bd378527c3097606
train,progan_train,airplane,0_real,airplane/0_real/07145.png,55012,ab9fd816,861721504,55004,8,be89b993bb9e2799d1a650ff332c800f0437f004db57d8a74f5f42ce97386acb
train,progan_train,airplane,0_real,airplane/0_real/07799.png,92726,82df422b,1135960534,92706,8,17def19b8a7f7acf50999e6aad924992acc3cf6db16d159e764846c27b95f663
train,progan_train,airplane,0_real,airplane/0_real/08288.png,82486,0613b684,321362701,82484,8,c281534db116ca53422b2fea11d896d82737b5139e2facebe4c4e46511f380b8
train,progan_train,airplane,0_real,airplane/0_real/08456.png,127209,5283bed1,975787769,126894,8,72168be7ad9223a270ef0954079598bc25626f5e09f1a8ccf5a8628d461beb47
train,progan_train,airplane,0_real,airplane/0_real/08616.png,82189,4ef1476f,403952978,82068,8,e5b5252c8d4563e56c6b144809acd015d5c9ad8b4b1e9c07574790d11e4e0da0
train,progan_train,airplane,0_real,airplane/0_real/08651.png,112409,6dde36a5,1240996015,111588,8,e441252586bfb397f77b84702052581689a12d5f086f44ce1bb515cf00f3dc49
train,progan_train,airplane,0_real,airplane/0_real/08717.png,44016,b791df43,1291925973,44007,8,de72243885e0a0e08fe65612fb846ab5b5cf5f02a29032eff530e6cf503fd346
train,progan_train,airplane,0_real,airplane/0_real/08906.png,86539,7bf307c1,1382296928,86554,8,b6b54bbd540764d107c3952d0648fd3ea979cb34b2f4d730cc68fbf1396a62e2
train,progan_train,airplane,0_real,airplane/0_real/09058.png,112430,5bcdcd82,180862771,112305,8,44f559c1628591db96a9b2a84e0c644aba515cfabb734c7e23304dc06ad688e7
train,progan_train,airplane,0_real,airplane/0_real/09169.png,74281,1dbe8f6a,978304933,74014,8,fa69b54d8802458a71ef644ed3184515f26c08326f6f810ddf46166a34cfcb7c
train,progan_train,airplane,0_real,airplane/0_real/09538.png,87557,f73fff72,851415319,86481,8,c483582f9a73096a7dcf7a350bb0ed124d9ceadf04d7e9d43ef33813eae42d22
train,progan_train,airplane,0_real,airplane/0_real/09596.png,85795,1f1e155f,1267726641,85748,8,9b7f550be32b8aa8291938d4f9ba583969539357794d222a34d2cd3d13df597d
train,progan_train,airplane,0_real,airplane/0_real/09745.png,95703,3d82a305,12082617,95718,8,c161ef8223a701dcf55eeaef16e1c57241267a3679b5a4a9da34b320eeb775ab
train,progan_train,airplane,0_real,airplane/0_real/10262.png,48078,a9c633a8,167286375,47928,8,e8b743e88516f1dfe7cd0ce61e00b024135683dd152b58cdc10680d40d8a569c
train,progan_train,airplane,0_real,airplane/0_real/10687.png,72280,686d20a9,909014191,72295,8,f66a15959a33f34e58d840d4de6f6e9828a6a10d75053afd445c7a3440cf7adc
train,progan_train,airplane,0_real,airplane/0_real/10824.png,43457,e4d10791,1358230426,43467,8,6c801fc191ad41e09536d528443ca34b41641bb49aa72badd1a72c1773eee5a4
train,progan_train,airplane,0_real,airplane/0_real/11046.png,76892,40276e59,1340823724,76896,8,f72d96e99293ce212703a87fc434b9156a5bb35c1795df20f7c276bf42da20d6
train,progan_train,airplane,0_real,airplane/0_real/11151.png,83363,516c3987,1079298305,83342,8,8ef7a7896106cbb58370bd97eded41b1ef4571b4a40213705097ae6682414a02
train,progan_train,airplane,0_real,airplane/0_real/11353.png,91467,0238cf02,624533195,91313,8,c172495c89014e1ed1fc53f0d5cccd61e515a8ad2840916919a9c93743aec133
train,progan_train,airplane,0_real,airplane/0_real/11388.png,97430,4f871c18,684957529,97070,8,3e41fb1cfddc8c2a2da60f0ba3e337044fdbe3ade99a99f271e889dfd925b910
train,progan_train,airplane,0_real,airplane/0_real/11640.png,36807,c91ff1c4,307033006,36733,8,d267094c1e9d75fa25d7b343e3b1ed90773b19e3dab514e9be511bc1f10fe860
train,progan_train,airplane,0_real,airplane/0_real/11809.png,97749,3202e252,1366511166,97741,8,3c9bb6590fea24d8a3ae76f4685bc27121e2a1a1a9cb135dc33f4bbdb630dc23
train,progan_train,airplane,0_real,airplane/0_real/11959.png,74098,f2c3bdbf,1292841303,74083,8,b539e27d3ff39e8bcebec4a44dd42069169cc87030052ed0f9a5fd17d448b9cd
train,progan_train,airplane,0_real,airplane/0_real/12295.png,62753,f0c37918,537725260,62561,8,c07bfaace5532be34dcc10182bd6e03900ab2d705e1c4dd65643738493d88956
train,progan_train,airplane,0_real,airplane/0_real/12327.png,130978,7876f6c7,634331642,130429,8,b2737353df1ca0de38093acb93ce3dfb80fb6fc0f2b54e652a9b145028f75d5a
train,progan_train,airplane,0_real,airplane/0_real/12450.png,74306,7db3f348,1002126474,73528,8,c33ea9c2e156d8aa63ed54d1404509253601e321d84476b2b0388e49896504f7
train,progan_train,airplane,0_real,airplane/0_real/13485.png,42886,08c527a9,188862586,42330,8,87a1199e8ad2294dd7bc0a194d25f2a0c95a2453ceb2fa1180c0bf3d4f60018f
train,progan_train,airplane,0_real,airplane/0_real/13842.png,100175,5152b8b6,530407969,100074,8,1e52f66b7fe01122c961b404798b7710d72fb827c7dc88aa45215be6538234d8
train,progan_train,airplane,0_real,airplane/0_real/13849.png,86262,a5089346,705549186,86247,8,64478eda5817a3aa2f003fc4c342d826be66a3337b0d3fcf0de09bb0ae92bf1f
train,progan_train,airplane,0_real,airplane/0_real/14290.png,43045,e4cf53a9,1254016313,42721,8,2ac7a9a5fa9d698172d87ea7db168aa09abbf2efd60a3346e1375699d0ddf392
train,progan_train,airplane,0_real,airplane/0_real/14473.png,108541,b015e10b,479430869,108488,8,03e0e54ef19495220c18fa7073f8354d4a6866f201391998660ad6014bf58479
train,progan_train,airplane,0_real,airplane/0_real/14646.png,72273,59ab7402,1237402895,72078,8,edb35408aff2e1a8e9f475f73ff3da70ea4a4276225dd93f3209b79887047776
train,progan_train,airplane,0_real,airplane/0_real/15082.png,101502,511008b8,1231568303,101320,8,914ba5421f030523cd642ae7d363f9cace20c8eb5d706fc98e2ea33ea2be0862
train,progan_train,airplane,0_real,airplane/0_real/15156.png,97637,6c51e7c3,931517625,97480,8,735152152e5173cf73b22e855c6a61c42a42b6ae88ade33179de702d41f11df1
train,progan_train,airplane,0_real,airplane/0_real/15252.png,72979,fac7a779,67766285,72994,8,3bd38bdac754d0dd4a0defa1a7c3b9fd3a7ee3da45870934b34dd5f1cf577846
train,progan_train,airplane,0_real,airplane/0_real/15763.png,76219,61615b01,1325765797,76178,8,2eaa4043d93921dba293d2d5c976fb46d4fe89d0985c3c6d2c8debbae81e95bc
train,progan_train,airplane,0_real,airplane/0_real/16055.png,43322,780fd2e5,1310207276,42963,8,bc08cacef6341bf2f1b56cbbe5bcc5badc879d4fe66a0375ce0871368af0b83f
train,progan_train,airplane,0_real,airplane/0_real/16158.png,87305,70aaba2a,375989665,87242,8,e88cdca57253c0290bf904fda1e5fbf6d4884be0da18819701f813995c0ca093
train,progan_train,airplane,0_real,airplane/0_real/16298.png,130184,c9ef89ab,1000828639,129385,8,02acfb52d527a3c8c2740c76e6bbbea1789453a208e87759582ed9de51007604
train,progan_train,airplane,0_real,airplane/0_real/17040.png,117323,30e4df07,1363293318,117297,8,d7bf41a50597efe3ee27dfe4cd7d28932b2770488c4cad876eab54dac0ef1b1a
train,progan_train,airplane,0_real,airplane/0_real/17726.png,60060,d38ecd4c,457716988,60027,8,ffa99d3e771865fcda1db52108b28dafe27dbf21e13a6739f0e73697cd8d057d
train,progan_train,airplane,0_real,airplane/0_real/17747.png,39194,c521c218,490498377,39204,8,9859b5f2dfcc725da17cbeeab6adb29d2e3ff174474b5c384cebac04d2a01897
train,progan_train,airplane,0_real,airplane/0_real/18330.png,90725,c98d65ea,1201428559,90618,8,5f673b6b7d41b943e8ce3c50ea2d3d697c7042789722958e6d6642c285c31b28
train,progan_train,airplane,0_real,airplane/0_real/18412.png,113598,abe6012a,1262792129,113177,8,e581e0d7f32687cf48c45fafd75dc862b1c6440cbf289d78f15e23f24ba9d679
train,progan_train,airplane,0_real,airplane/0_real/18775.png,37620,9283b476,286182527,37392,8,e39219b94349284d4118f14050d1fc1dca712cdd7f1e429bd1ed54fbdaf0f247
train,progan_train,airplane,0_real,airplane/0_real/19159.png,68065,cf47299e,603493134,67382,8,608886708dfc5336c9bdb89cf34306a1ff187f4897cdd0a3a59675645276d9d8
train,progan_train,airplane,0_real,airplane/0_real/19298.png,73877,99691179,103842498,73876,8,574758f39deee187e38374d1010295697749176a7faed786ed34f5b2f3210db9
train,progan_train,airplane,0_real,airplane/0_real/19473.png,79367,9f25dfa4,597885737,79349,8,57423d1ce9b74674ca211a6040fc7ccdb42a81b2985b3034b7f9fede399d7315
train,progan_train,airplane,0_real,airplane/0_real/19540.png,32418,69ca81a2,255680287,31764,8,72e372b876bea69b1abf5f3acf308e88420a0777e7020de051e5f56151241387
train,progan_train,airplane,0_real,airplane/0_real/19658.png,80390,711a1dfd,490300896,79450,8,d788f9b0298c24b4564bb2887d5229f006fb859862c690cb9bc9c67bc13510f5
train,progan_train,airplane,1_fake,airplane/1_fake/00353.png,67887,862ea83e,2707471631,67902,8,878c93586a0e81a5cdb85b20c93ad3ad0bad67add369b651ad11aef2f687aa77
train,progan_train,airplane,1_fake,airplane/1_fake/00613.png,95993,d39fe773,2730881714,95926,8,c1450a91b2c24b2d95afe8b5d737fc5054d7c22e1a561215cfc0306aeba745fd
train,progan_train,airplane,1_fake,airplane/1_fake/00666.png,73395,f4b47ccd,1386730599,73410,8,7d0b1d48c5adfdc1453fe4e037fa8868efb849e2503de80801dcfa345468d3d1
train,progan_train,airplane,1_fake,airplane/1_fake/01088.png,59035,785a9030,1517826651,59022,8,82996d0297e9529d6acf8c157af665bbfc2f4c6278844f36fd3e870e137c054b
train,progan_train,airplane,1_fake,airplane/1_fake/01104.png,113509,34b022dd,2201602287,113175,8,944d15a680e0946116ae3d28a871869f61d3ec179385c5af99e6df7cd5fa1444
train,progan_train,airplane,1_fake,airplane/1_fake/01226.png,55787,eb6bd9e2,2378893823,55797,8,c8ce07d1bff68b0bc5df76a85222ad68fe1aa917f3877f7f7b8c6778a3fc728a
train,progan_train,airplane,1_fake,airplane/1_fake/01562.png,100973,21949aa3,2946328025,100969,8,9291a783e6372ccf30315cacf99c8fe40f7313ea853c3b3bc6d6fdd3ae4b1e6e
train,progan_train,airplane,1_fake,airplane/1_fake/02059.png,64406,e996a098,2449426215,64416,8,2678457a9519fb3f1feaf89dd80203b4a17c5dd4cbe5637d845f7c4f9e512e50
train,progan_train,airplane,1_fake,airplane/1_fake/02286.png,85584,6bbf3029,2175797848,85290,8,594350fcbd0e26ec2e6ed418ee4f363a4bc93dcf6a7cf0072f2c4d32804f01eb
train,progan_train,airplane,1_fake,airplane/1_fake/02434.png,44255,82a798f6,2934949550,44221,8,168cbf2ca4c72cb7611493e52520e923e47c01cc7f54339b6e6accfc08e6415b
train,progan_train,airplane,1_fake,airplane/1_fake/02492.png,106745,c4ba2ec5,2763877478,106522,8,263e643c48ab2ac5a1a66d732926e2a3f46663480dcd7e0b86de6deb0d7c19fe
train,progan_train,airplane,1_fake,airplane/1_fake/02675.png,88715,f4a97d73,1971324061,88705,8,72d0aae1677e863316e7eeaa90489c07b2835f4af32d310b47d1e9e714e2a771
train,progan_train,airplane,1_fake,airplane/1_fake/02755.png,69965,ce4174d6,2045554098,69980,8,b5352c44de019cc9a9672647a604b0f710c588ad1f71d2e52bdc8dac253ebba6
train,progan_train,airplane,1_fake,airplane/1_fake/02894.png,64500,1e7ee67b,2057835857,64510,8,80e93d9523089cffe0a935a84eb0056a0277fd6c0c2a6de031fe8bb70949f5d7
train,progan_train,airplane,1_fake,airplane/1_fake/02910.png,81310,198037e1,2898229427,81247,8,2d2cb47a4fc2c817c7464a3072c61bde1aef9fa05ffc190648b86aa38719df0e
train,progan_train,airplane,1_fake,airplane/1_fake/02977.png,116849,1f1c647a,2546393343,116623,8,c625d135914dcc6b8b718a4bbfd561d06f1498d3a7779e1e03f1961fbc76fd44
train,progan_train,airplane,1_fake,airplane/1_fake/03026.png,93903,fc84aefe,2547730342,93810,8,d4e1dc0c20d5ee87ed9cf30e154b0e947c70c7cb9bdbbd61cbebb7c52d862522
train,progan_train,airplane,1_fake,airplane/1_fake/03399.png,101776,64a72ff0,2503747567,101463,8,7a33be9948e0ef4be32f81cb0e4e94ad892c0119e26e9210233a9a1ff9f4ec01
train,progan_train,airplane,1_fake,airplane/1_fake/03587.png,54642,85eb36fc,1981065738,54652,8,526455abd731aadf5ebc02a9b83b0ca713f9112cee635237bda34ab49a992fd5
train,progan_train,airplane,1_fake,airplane/1_fake/04238.png,113715,79085bea,2783000585,113638,8,2718ac423a29c92698475ce18c65d97908332c20ccd0787d461d2c57117d64fc
train,progan_train,airplane,1_fake,airplane/1_fake/04507.png,78054,edaa96cd,2546315277,77983,8,eca47a9840fbea2a8a51a9f1a46d9ef07876e64c180567432550fc5021ab631a
train,progan_train,airplane,1_fake,airplane/1_fake/04729.png,49236,73bd1c06,2835172444,49246,8,3c6185b2551a15e14030230a3a87beb28150fb16fbeb2d373a9a4ba6ea845cd4
train,progan_train,airplane,1_fake,airplane/1_fake/04786.png,60725,78f95f11,1493853111,60735,8,a24047dc8809ea3600a4b81d7bf4a9ff16760fe5703c047a73ecee5ced9cc294
train,progan_train,airplane,1_fake,airplane/1_fake/04884.png,106475,4a3686be,2786178749,106132,8,dc5066ca3d6233bdad1c5c3d33ea4335267ca1e2fff4f54537ba4c87a864e913
train,progan_train,airplane,1_fake,airplane/1_fake/05030.png,115423,f0727259,2833259376,115250,8,7978057436af2455ae52a7ad982b9368042d6179ba7842f3073d03e0cf521a7e
train,progan_train,airplane,1_fake,airplane/1_fake/05041.png,69429,c2576966,2307621621,69349,8,a5c0a8d510d5fab66dedc1c674b47328ff2ac9839886f82cac1b4234b4ebfca9
train,progan_train,airplane,1_fake,airplane/1_fake/05067.png,101395,85d6c70c,2076313089,101072,8,eede278788e19b9614d56ffae3e18fe98a068f9bc6c283e5e22cfa3fa93ec230
train,progan_train,airplane,1_fake,airplane/1_fake/05075.png,81046,656811e7,2882056940,80893,8,5d569504d653e662c616cc01d6a0e679022d082387dd7dee7a7b8d07e9f658dd
train,progan_train,airplane,1_fake,airplane/1_fake/05315.png,57657,b4a1cb44,1436084710,57667,8,9d0c96021d63fc106fadc2ad8c75d24f15c2d0e565a1691a80fd08da01862b85
train,progan_train,airplane,1_fake,airplane/1_fake/05378.png,100236,b3cf1985,1957052611,100204,8,b8c2c603585b645d337fc843e939cddc7638bb1f42d6c17e1cf8d8db5c3cef37
train,progan_train,airplane,1_fake,airplane/1_fake/05403.png,55491,e711af56,2391497075,55501,8,365f9e98cd70c0bbd94d1f9bb0f9bd8eb729e872f368b8103acb466aed9088ed
train,progan_train,airplane,1_fake,airplane/1_fake/05819.png,86042,e715be8e,2052475563,86055,8,1624582d1b03afe38de77ac7e7b19be51b65256b6284002c2e001ca6b6042fe6
train,progan_train,airplane,1_fake,airplane/1_fake/05876.png,100830,d0c3ffc3,1799138412,100631,8,b3d8f94e33ee6bd087d3cd82372c28f3b490c4af557d8ac2f319b2476d2ccdf8
train,progan_train,airplane,1_fake,airplane/1_fake/06262.png,103749,37b9fa8e,2586641680,103688,8,d48e984b224407a0450a57df9bc0e35d29630e7d44cc116cdca6a5a6420472e2
train,progan_train,airplane,1_fake,airplane/1_fake/06493.png,67458,b6ef5fef,1892568945,67440,8,cddde5cf46e0ca0b7c944bac9dc10a94133fae35ab3c308a51842452cf3cc245
train,progan_train,airplane,1_fake,airplane/1_fake/06822.png,113767,6710514a,2877099659,113302,8,d40f556ade9de96305009902324701a0786ccd21e8e0e445657c18c7a3da81d1
train,progan_train,airplane,1_fake,airplane/1_fake/06932.png,69686,0e955d53,1498133621,69653,8,f53c750fdfdfb425a41150b72672cc693437ea177ad0c79595f7ba1ec061b47f
train,progan_train,airplane,1_fake,airplane/1_fake/07740.png,73446,3682bd42,2660756119,73451,8,4560c72cbbd6ad826aef732fbf490a142f65ea776602de8c259b7fff4b32297c
train,progan_train,airplane,1_fake,airplane/1_fake/08078.png,103662,ff37a825,2863780295,103616,8,64a3885664f120734b9e98350a5df53e11431b5c2b893a24e5d719f741d42442
train,progan_train,airplane,1_fake,airplane/1_fake/08401.png,86807,bc80b809,1648561194,86807,8,e56374ef8feb75f9ab5b7ce7f65f8c717a6dbe192f2ec91d451ae3d59ddaf7ef
train,progan_train,airplane,1_fake,airplane/1_fake/08720.png,75262,b8160d6a,1555646385,75224,8,38db86d7545faf55f9082ceae82f8ff4b86b7a44a8ebf74eb7767ddca5ca2794
train,progan_train,airplane,1_fake,airplane/1_fake/08964.png,63840,a6f02f29,2513073168,63850,8,01bb5f7ba6939718d58ec12ff0059fb836e5e1b6a08224f411677a42e8d67b3e
train,progan_train,airplane,1_fake,airplane/1_fake/08984.png,92289,e58e60be,2439216518,92187,8,c26c831b6afe5fa0af2aba8bac015e5f7a77f3bd3a11e49b275f1378419ca93b
train,progan_train,airplane,1_fake,airplane/1_fake/09093.png,91579,61bc2fd5,2319666134,91439,8,60efcd1ffaf0862c53156051661d1b32ddc4000339c6e4e98a291a06e9a97356
train,progan_train,airplane,1_fake,airplane/1_fake/09305.png,86640,ef5a6e0c,2759105631,86641,8,2312e6a564e6f675ae25eb34ac4388f3823e688d404ced589776214058748e22
train,progan_train,airplane,1_fake,airplane/1_fake/09716.png,73797,715de9a4,1423999272,73812,8,a664a5410b212d1e7db21471c4da71452b4441acaf0af6f681756739ae2d60d1
train,progan_train,airplane,1_fake,airplane/1_fake/09718.png,96529,a9212bc1,1863586038,96535,8,1d635ec05e6f0c81ca9479ddd2f1332e3e5db461a7cb35049e7c2b1829b76ddd
train,progan_train,airplane,1_fake,airplane/1_fake/09786.png,66986,213f3006,1466415683,67001,8,0db642b19b582c718efe7ea8f9b3130b35cb016a83b938487690a9819cc430e5
train,progan_train,airplane,1_fake,airplane/1_fake/09877.png,72831,338eb7e3,1407558536,72799,8,a7faf91dbd6a065d6e91bd1c3a517a8643e06c50fc776ecab3088e75539180d6
train,progan_train,airplane,1_fake,airplane/1_fake/09924.png,49816,fd220a7c,2184077409,49796,8,729f0b6dc5e93d9d0668fc7dab873267f42ad17273b9dfaf73fbc8d8e2796770
train,progan_train,airplane,1_fake,airplane/1_fake/09945.png,60190,fe78c264,1598579226,60200,8,b474c3627045d70cdd5e2074127330f355857f9bb7ecbc0bdef06a03a8d7739d
train,progan_train,airplane,1_fake,airplane/1_fake/10239.png,102604,046074a6,2123497244,102615,8,d9b000f2e2c8638b4a7b320fe986733851637700a24015086b23e2124a7c80a6
train,progan_train,airplane,1_fake,airplane/1_fake/10354.png,51058,5833bfd0,1549620899,51045,8,dfc7713a006fa0b4d87897d9acde80a5ccf4c12896867b63de46a329d811c5bb
train,progan_train,airplane,1_fake,airplane/1_fake/10781.png,112264,877f6d39,2538579447,111712,8,ae1cdc546a48b9b63199bd3d2d5f7510f104f05dc0be16a6dad716822dec8e18
train,progan_train,airplane,1_fake,airplane/1_fake/10807.png,97886,6feaf82e,2733790832,97275,8,4f138886ebbf8433fb581e9c8c58988589ddc4ec843ca920b3c54d3ad3c969e9
train,progan_train,airplane,1_fake,airplane/1_fake/10964.png,103142,76899aec,2745527620,103156,8,f8b3ef09eafe522611b005ec9ade2aa59afe83d9233eedb4ff9637f5c5ae9db4
train,progan_train,airplane,1_fake,airplane/1_fake/10980.png,76880,08c065f9,2159503476,76895,8,0e130ee104b63834df7a23a40cdba28730b2618c32aa4b9e3b367ad631e7e182
train,progan_train,airplane,1_fake,airplane/1_fake/11296.png,107011,38526d55,2165955533,106885,8,5337d99dd2c5b8da30113c03516a034cfaebc57d88d940d6e6b7de283c36c108
train,progan_train,airplane,1_fake,airplane/1_fake/11628.png,90136,2f630dd2,2404803918,90106,8,73e8318e7552135d132e4c819f6895ddb388f9b7c34e7f1690496235acd40c8a
train,progan_train,airplane,1_fake,airplane/1_fake/11730.png,92069,c7df6c92,2895930365,92058,8,adedbad597a8089fa63f46e7bfaf25464af1fbb1e7d921363addba382fb9583e
train,progan_train,airplane,1_fake,airplane/1_fake/12564.png,119986,77caa573,2797934063,120006,8,6db7400e49e8d8cfb3037c0a1e51f30f0332173959687d5ce83e01dd86f85f65
train,progan_train,airplane,1_fake,airplane/1_fake/13029.png,46971,09cbc8a7,1766960616,46962,8,71dfbccdd830b10a22adabf4f3e282b3680d27354bdf6874ee61bdcf59537f75
train,progan_train,airplane,1_fake,airplane/1_fake/13112.png,82879,65db5384,2357760384,82851,8,b179bc584a13b49a439e72bf9b3949f135da167bf4b321b744d09c8ee4f92e4e
train,progan_train,airplane,1_fake,airplane/1_fake/13657.png,92487,a7832172,2717285420,92369,8,8e60595e5bae7ef66c7f560f50cc916156d9d118360a8ff03bbfeb0397084696
train,progan_train,airplane,1_fake,airplane/1_fake/13776.png,73988,09e591b8,2689897703,73962,8,bf32be88f0f1d1aafc1a6a439a6e0909702b18330a95e265164dff8c6f2af0e8
train,progan_train,airplane,1_fake,airplane/1_fake/13806.png,34619,ff1ff587,2187686294,34625,8,866f25ae93e502e92389b2bef8f5da6df78d546840c4cf05f55cc3880a6437bd
train,progan_train,airplane,1_fake,airplane/1_fake/13957.png,53153,729601ea,1582587841,53155,8,10667709738cdc2a862ae729fb370ad134a62ddd7a5d16361ff11a1bd30c7958
train,progan_train,airplane,1_fake,airplane/1_fake/14479.png,105838,f370c67d,2041029943,105809,8,494b60e54687ebc001b735cfb85a01fa15e32809c90d36a392372e78871473d3
train,progan_train,airplane,1_fake,airplane/1_fake/14486.png,86170,c5caf28a,2410960144,86011,8,7a97682306bec2bcd74553eed74db1aaf88328133f27cc26ef08af5d42897641
train,progan_train,airplane,1_fake,airplane/1_fake/14536.png,59432,e88de6bf,1943251954,59423,8,307549bcd977af180d923dcd6cdccf894237f09e8d4b1cb3bc121d936870f6e7
train,progan_train,airplane,1_fake,airplane/1_fake/14603.png,87988,7f744e2a,2245581734,88003,8,0a25d7b383ee1e3d6ca4f0d22e1db8e94fa0027c28a021ac6a60183c637eae8b
train,progan_train,airplane,1_fake,airplane/1_fake/14698.png,64987,6004073f,2305814600,64969,8,8464c398fd3799c014f3aee8111d7a7235bee87fea2f088f8c37bedae8514d42
train,progan_train,airplane,1_fake,airplane/1_fake/14734.png,85510,08f6c8e1,1723524338,85525,8,1d247e7ce24b39834e8de6f9086c169bd836f90ca1ddedfc9dc2dc24d44573f8
train,progan_train,airplane,1_fake,airplane/1_fake/14772.png,73988,d1c277c6,2100789373,73852,8,5b4f49ae2065cdfaed81671a870b5ecce751b9c73ece351fd15dda6f581986a4
train,progan_train,airplane,1_fake,airplane/1_fake/15108.png,157270,943d4ce9,2626637282,157264,8,d1ce523a62d20d7d24774e21815503927069db5d4f310fe767f0d0cadb9be2b3
train,progan_train,airplane,1_fake,airplane/1_fake/15820.png,65323,de2215b8,1542895571,65333,8,c81df7a29786451d0a568281bc0175cc031ce0f5d2dced6b106b39f0d043dbe9
train,progan_train,airplane,1_fake,airplane/1_fake/15938.png,116378,3c92f5e5,2229276162,116200,8,d5772837589b0f9a05467e50fa85c4339fc67eca5db08e9e675b558482dd72a7
train,progan_train,airplane,1_fake,airplane/1_fake/15957.png,85867,d90af66a,1387912677,85745,8,ed90e46490fd46843b5cc88eee2e343986c53a61c6d2154f675c335dec4daa3a
train,progan_train,airplane,1_fake,airplane/1_fake/16345.png,67910,d9e82bc7,2558604520,67925,8,ec46d1e58f56c787faad1cc68687c4798400226eff3624bc2aac662168727cb6
train,progan_train,airplane,1_fake,airplane/1_fake/16368.png,73027,9152aa39,1628960644,73036,8,c824a3080267e817e9e4be905145a1649776bd07ec158e97110b3fea27646586
train,progan_train,airplane,1_fake,airplane/1_fake/16478.png,109979,7887e213,2920690147,109951,8,185ab96e65a4cb648da82789a9928fd4b96e9edefcb349b6774a852708acaf66
train,progan_train,airplane,1_fake,airplane/1_fake/16510.png,66040,28316580,1461462253,66000,8,149816654c79c2364d7a60fcd1c116bbd3cbce6ecb86f2af10b2a01f9b8f19cd
train,progan_train,airplane,1_fake,airplane/1_fake/16843.png,56765,caee80b0,1778129204,56775,8,3ecf1b23285b607a2fd3701f9b6c731648feb288103613d06a056ff49f801a18
train,progan_train,airplane,1_fake,airplane/1_fake/16876.png,70630,8384b1ca,1635504316,70631,8,5a5ef46c325f5ee21d2ebf9116c518fff3f3851efc7ad062847bb94d43604f56
train,progan_train,airplane,1_fake,airplane/1_fake/16911.png,48421,3bf0c84e,1749905850,48381,8,f2ca7220fc6ade93c3c7d66d412aa15f67e93e38f4ef8e1fab5ed985e02ec6d8
train,progan_train,airplane,1_fake,airplane/1_fake/16946.png,75719,a20f4f96,1669905882,75707,8,303ed66f883dca59264254b0ffb71889f307df7be093f426b14111492e8739dd
train,progan_train,airplane,1_fake,airplane/1_fake/17212.png,83035,f792af29,2337182682,83006,8,bbf2d427061882b0e53b4fbfc536f8984fb35625514540f4975b9b832ed9d6c0
train,progan_train,airplane,1_fake,airplane/1_fake/17374.png,78497,1d7371a3,1572803558,78489,8,d30899b339c67bb0572610d1240010b2fe7f993dfccee76887e759b02d3d33e2
train,progan_train,airplane,1_fake,airplane/1_fake/17757.png,110259,17be9e4d,2026001127,110014,8,9a9d0e64bec3d492bbdbf603e7fdd6dc29107ff96d70e7aabd8dce7f438ed64f
train,progan_train,airplane,1_fake,airplane/1_fake/17987.png,71823,92f8a863,2669782523,71838,8,1ba275b4575705ab6bb601c0dd3657bbafec5b3d84859c9bf04c054ab9286d88
train,progan_train,airplane,1_fake,airplane/1_fake/18023.png,66619,43d429ec,2269012538,66634,8,1bfb3379429b582ec367514ea2862359accdc839ecdc7495edde46acb7102312
train,progan_train,airplane,1_fake,airplane/1_fake/18115.png,118415,bc0589e4,1907627825,118008,8,a24a9561cf51a22e9bf85afad5fc6814bcc5f70469dc58eb2461755fa03687b7
train,progan_train,airplane,1_fake,airplane/1_fake/18143.png,111604,7fb7f0b6,2886342231,111624,8,4d6744c7441f657b69942faa5f7d8a0da63e28d44f5232188954ef77c86f39c8
train,progan_train,airplane,1_fake,airplane/1_fake/18225.png,116877,4ea73d96,2786864014,116297,8,bb6a2bd1d60d19ddfc777b38f9ba3df3af725e9b04be83b9c4c89bc7df38878c
train,progan_train,airplane,1_fake,airplane/1_fake/18309.png,84816,b3a8eb84,1844319146,84650,8,b69020061fddc419e784e6cbac99b2ef905887ad0ddab754dbfab907dbd8161f
train,progan_train,airplane,1_fake,airplane/1_fake/19049.png,56877,9857514f,2246307243,56887,8,6a6d097fa8623f8f3b884bae56bef931f16a2e7e207e9874d695c72c361f29c4
train,progan_train,airplane,1_fake,airplane/1_fake/19142.png,65282,00d91b0c,2882551260,65292,8,945854821ab403e4b3028607187eec894c5c468672bc0f605242cf423e5bc99d
train,progan_train,airplane,1_fake,airplane/1_fake/19396.png,87964,230be069,2269372997,87882,8,6eee8ec53353a5f087b65a2e786d4c1358bb0558f818ae51190e648d8f902c86
train,progan_train,airplane,1_fake,airplane/1_fake/19698.png,131685,4f0b161c,2552190989,131690,8,e6f3ed39968af96d70b524bd76b0728861071189ec68b050746fb13b1c27c7bf
train,progan_train,airplane,1_fake,airplane/1_fake/19896.png,69096,a99faaab,2170893637,69111,8,09f06d8c3b53b743ff84e5eff034a40faad64ef9e1ae9b7eaa08db1ae9810ca6
train,progan_train,bicycle,0_real,bicycle/0_real/00030.png,91124,791a683a,4437602319,90912,8,ee0a32b2c51cd795bab893f1c67b5d0d46f417403a896cf57aff4477682ed405
train,progan_train,bicycle,0_real,bicycle/0_real/00085.png,159240,a43dffc1,3682725239,158731,8,9bb09bf4f7f1844811bb2a22bd8f08ffe71d69701a97901940584117382aba70
train,progan_train,bicycle,0_real,bicycle/0_real/00172.png,129257,135c4131,3528469954,129029,8,7b993ca4b7c697d900eeeaa5385f483a4f6add2f95ff73df363a88d97b0a8f06
train,progan_train,bicycle,0_real,bicycle/0_real/00227.png,150036,16290a79,3589198542,150057,8,e484bd49f29de3ac6a6e539c16b89121dc0ad3c804e2f3b025f2920da4600b17
train,progan_train,bicycle,0_real,bicycle/0_real/01088.png,112918,5324960f,3132115174,112739,8,6b53508fa29c735df3122e5acbe0fdb5b5d2b081d792770635e44236e0c6d3a3
train,progan_train,bicycle,0_real,bicycle/0_real/01436.png,131623,a044bb94,4333945315,131627,8,6508eed9928918fb2597c639fdac78b6c9ef82404ee3e328ac4ebe6f10558b7c
train,progan_train,bicycle,0_real,bicycle/0_real/01534.png,124128,0f511726,4531360132,124082,8,304ff66521e6a0c869caeaab8b0ebd0272c0160a0317e6ef908dea2e822792da
train,progan_train,bicycle,0_real,bicycle/0_real/01592.png,97090,84380fdf,4482973043,96883,8,7fd386a50984110ac6b85556e95360d9b8a060071198f881f16cd2296de8c14d
train,progan_train,bicycle,0_real,bicycle/0_real/01999.png,109189,f8be93b7,3702070862,109053,8,b41ba3813bfbadd1f8da8a58d4157dd7e216da2f503de8ee8f6429cc492c2913
train,progan_train,bicycle,0_real,bicycle/0_real/02195.png,129455,ba3c668d,3543117652,129445,8,fbd5e7a10373fd2041e457bba80bef9d2912b3745a5d17668fca2f6207e513f7
train,progan_train,bicycle,0_real,bicycle/0_real/02270.png,141984,3cd8cc62,4652807370,141474,8,bd95b39b304ecd982fb25ea261cc733dde3a588be2e293d9195e5cd867d16eef
train,progan_train,bicycle,0_real,bicycle/0_real/02436.png,137688,647c82be,3736537855,137567,8,82f64eb4fb2439c8b8ca40bf712af8d91019a072af0e17b788af371bc2bcd0b8
train,progan_train,bicycle,0_real,bicycle/0_real/02642.png,152680,5d989035,3073394611,152455,8,80397281cf2ddf7f4ee69940cce6489f1e774c90a03ee6c7915e06391864139a
train,progan_train,bicycle,0_real,bicycle/0_real/02681.png,145528,7350bcee,3618654835,145509,8,da1143dd8b010b76583589bf517e4acf7a007fa14e668d03069425aee98f2a0f
train,progan_train,bicycle,0_real,bicycle/0_real/02773.png,91632,14ec1345,3585206642,91615,8,eb8383af8bc3c52553391d9e619f7c3d99aabe93b39d80939877899e9552378a
train,progan_train,bicycle,0_real,bicycle/0_real/02959.png,144001,cb62d395,3805163627,143772,8,d592cc8fff9a8681b31a893ce18034b1ec19ff75d2a6283166f3088b36fd2121
train,progan_train,bicycle,0_real,bicycle/0_real/03074.png,120654,f1586645,4855190767,120310,8,c35ebc1eef9cfe140556b2aaa65164f11d22a73484a94295894b2a77b03c12e2
train,progan_train,bicycle,0_real,bicycle/0_real/03308.png,97940,2fb99213,4998131989,97861,8,fa7f54961925ba68ddf109f91ec0ce95ff0e06c52a4e01db7436ff39996290da
train,progan_train,bicycle,0_real,bicycle/0_real/03346.png,141622,4d153f11,4518273423,141614,8,f26251980440e49e04840ee2035ab3d713062ec706cbb83b84f2470d6fa2e6d5
train,progan_train,bicycle,0_real,bicycle/0_real/03425.png,88899,57803c72,3291623582,88726,8,6081f0ee5549ea932e18c85ef97b15307bc008f5ff5b5f109179b8169c583e4f
train,progan_train,bicycle,0_real,bicycle/0_real/03665.png,79784,41f2700d,4186004842,79799,8,06fbae6b0bded5054bf5187af56b4846d83fb28d7eacb5f34ac6a6136c8b6e52
train,progan_train,bicycle,0_real,bicycle/0_real/03725.png,114274,38dae74d,4808811342,114215,8,bed51fae68775e8cb2fe8095a50b5c3b4c7d4f71cac7bd5bf2d0c323cb549eab
train,progan_train,bicycle,0_real,bicycle/0_real/04091.png,147632,df943774,3809744069,147014,8,e21d777913a6042549a20f201bba38e1db1f745cc623fe8230b8607e9490192d
train,progan_train,bicycle,0_real,bicycle/0_real/04158.png,143725,64cf27ec,4158232993,143410,8,80947843235ea061864cadda6b85a3b15c9b2207fd910d7896046b1ac2ac35ed
train,progan_train,bicycle,0_real,bicycle/0_real/04212.png,106858,b945839f,4773242138,106642,8,96285dd398bc831b1192cc2050bae583cd4f59fdd7cfe5e318714cf12b350de8
train,progan_train,bicycle,0_real,bicycle/0_real/04496.png,128596,7dac0c56,3307861545,128473,8,c1f4add9d00fccecde8dcad88ce231c56276a2c34b2005e4738e0ec0ea2ac6b7
train,progan_train,bicycle,0_real,bicycle/0_real/04824.png,92586,20b9a699,3184690578,92269,8,1e46b86b69f803c89cb8c88d9a4a8ed8c997fd51638d9bc3338179ce6a4c3dc6
train,progan_train,bicycle,0_real,bicycle/0_real/04835.png,117295,6521ac53,4233249674,117196,8,8899799e4d61e7f366558c3fbcf822428a11789534faab51f6f10bb6094bb481
train,progan_train,bicycle,0_real,bicycle/0_real/04880.png,156072,3f68e8c2,4175447565,155933,8,ed5e0e6882ca92d741d780efab64604a15d016f4f509cbeee426e8eca9685eb2
train,progan_train,bicycle,0_real,bicycle/0_real/05010.png,123755,a1f03d31,4886135827,123752,8,f197e9401cedd8a857086631615218a8ea1e8f5c5e6c381a06ed8ef5af356bd0
train,progan_train,bicycle,0_real,bicycle/0_real/05271.png,134630,b6884286,3089202941,134601,8,567079680f3ffa5e60f0dc5246f57f3c3b0e1bea803c4ef0cf039f1f42050eb2
train,progan_train,bicycle,0_real,bicycle/0_real/05301.png,91175,cc5b31ba,3500073389,91116,8,b0d1a755a24930f9f73c65230b6f7e6e2bc7af6d45884359e6da85b607cc4982
train,progan_train,bicycle,0_real,bicycle/0_real/05526.png,99515,7e1f933f,3183215880,99346,8,c81614e1f82439fc2928d6e7cf8a761ce123ac0b9b124657c47ae4ccb4ec2bf9
train,progan_train,bicycle,0_real,bicycle/0_real/05678.png,67237,7ee434fa,4948408334,66436,8,ea5c5d952143af876b76b1c3d1e162b56a9a0a5155a8c3cf049dffd1332d8d64
train,progan_train,bicycle,0_real,bicycle/0_real/05907.png,76276,6d5ce9c8,3446644954,76239,8,2897f64dd734e4dc92dd4b8809e9095054ce280cd921b22ad469968abd3e27b4
train,progan_train,bicycle,0_real,bicycle/0_real/05945.png,70594,5c17348c,3601428620,70598,8,bfb53af949bfeba8f7605c677f3550568bac8b632fd83ca0016f4d4977212630
train,progan_train,bicycle,0_real,bicycle/0_real/06110.png,134893,8f110575,4320535620,134765,8,b4bc0920b62bc4eca255469df7b3c59725600ead9e5852e567d22b9abe7e1089
train,progan_train,bicycle,0_real,bicycle/0_real/06376.png,56435,01236c8e,4392672547,56413,8,cad058df88682f1c0476f2600013820c24fcf23ddb22aa2697988072fb2d8e45
train,progan_train,bicycle,0_real,bicycle/0_real/06627.png,135868,c75fcae2,3282574637,135839,8,257374a55cfd3456de7ab7d92f1494aad3548c1897ebe87bcd89b512a582bf67
train,progan_train,bicycle,0_real,bicycle/0_real/07016.png,126681,485403bc,3067796557,126687,8,8ee2121c33e3e145a8e594e9b52109491dd5fd41529b8811c8ebf4cde39eb0e6
train,progan_train,bicycle,0_real,bicycle/0_real/07065.png,149749,3eb56880,4729895401,149538,8,200082d91390decda505ffb80f4ecb78b184b7593508b76c95edab3a7e2c2284
train,progan_train,bicycle,0_real,bicycle/0_real/07067.png,145334,fe366e9b,3532029127,145104,8,0ccaafeadd7819e7098e96afbe4a880bebfd32d2cc0955d4c954c018ad6bba40
train,progan_train,bicycle,0_real,bicycle/0_real/07208.png,164792,1b3e58a6,3143804129,164822,8,12bfab42ef01122bf6ee6105ae09096753ceb0557c2e7995b8dc7cbc75a47af2
train,progan_train,bicycle,0_real,bicycle/0_real/07343.png,140166,9942228e,4033540377,139988,8,e0ecc644bc4efeccbf3d834e95c6cb500a66d0424b570cb1dda3b48d89632fe4
train,progan_train,bicycle,0_real,bicycle/0_real/07393.png,101073,c4a69bad,3420239925,100923,8,fcd69e509ad29628c7768eff7e5c63289f8fa7568fefcd4eee8bdb8aedab33ea
train,progan_train,bicycle,0_real,bicycle/0_real/07436.png,162956,1392114c,2966991130,162629,8,3e0b8f0d4201cbb088379173bce93394c79fd07ab171c0ab8353d4ca03efb76a
train,progan_train,bicycle,0_real,bicycle/0_real/07529.png,78827,2e164b4b,3703789800,78661,8,2285c21f4c30698ced240b935682de5b43c12e65d784ac9d79e89fc3bd08c6ca
train,progan_train,bicycle,0_real,bicycle/0_real/07700.png,156143,559b45d0,4231298077,155946,8,2ed216d21ece5e6cd67a4bad33d3a2c536ff0fd042855d80838c08a668f62616
train,progan_train,bicycle,0_real,bicycle/0_real/07999.png,106135,84a8907d,4879664576,105798,8,1c53fdfcae0b5d706d0360fdae8add6f237815bd09fddaeaedcb4f55b2490c9d
train,progan_train,bicycle,0_real,bicycle/0_real/08128.png,143713,b58de44b,4021905056,143640,8,9a7f46dfdb372a4ccfe2afd76bbfe948a5e3e70f5014cd7aec380dac9c521a60
train,progan_train,bicycle,0_real,bicycle/0_real/09379.png,111022,716fd45a,3747777765,111003,8,0ce921dc9f8643233adbba4c1b0bf0364b11d3021cba5405f4eaa897eaa3d58a
train,progan_train,bicycle,0_real,bicycle/0_real/09462.png,115249,df9c7384,4708466396,115004,8,265bbc86dc25175e7dcb87e32c8a9939cbc0b2acbb65141a6752e8b77e8d82bc
train,progan_train,bicycle,0_real,bicycle/0_real/09596.png,106178,17850bc1,4841524293,106195,8,5f3c142f910b0bceed8ba7d206d93bf31332842eecb0f1ac218543b9bde827e1
train,progan_train,bicycle,0_real,bicycle/0_real/09824.png,161614,d7da594c,4211665229,161400,8,2ba071e8406c2cb6c6ba805a9b66c0616a0cc354a3d371b8a335d6e6fd01d397
train,progan_train,bicycle,0_real,bicycle/0_real/09866.png,112475,b334bb61,3025439399,112428,8,25147654f6dacf166635064e2488a2a2109127808cddf93ba5a4fb0f28a33090
train,progan_train,bicycle,0_real,bicycle/0_real/10013.png,152358,a9a7dca0,3591303050,152201,8,2c7b9f1902bb43a6974520e6de313673b18bcd596dea3b3982f6a57e0f80b6c9
train,progan_train,bicycle,0_real,bicycle/0_real/10283.png,53007,8c7c510c,4687014715,52441,8,de8b01f9e0f601e47bdc6b8b3c20dbb8b3eedc8051346a3d469034a7b4ad27bb
train,progan_train,bicycle,0_real,bicycle/0_real/10529.png,82542,4b198542,4111632293,82475,8,1195583556f7c07dd128d5511737fb9c72234974fd969316b02bd6a5e03ef572
train,progan_train,bicycle,0_real,bicycle/0_real/10824.png,94335,5ff72e47,4975800744,94065,8,1462f9f5a3047c5cc1e748f2dcdf3b184fbf49dc4426ba7ebe70097a3e1b7682
train,progan_train,bicycle,0_real,bicycle/0_real/10877.png,130900,9292c2a8,3116184632,130688,8,3a5245a9f871603b6b7e51268729c3689388520747118ccc1f30c452a3080a2d
train,progan_train,bicycle,0_real,bicycle/0_real/11050.png,71436,59e3c849,3331135901,71367,8,d86d9257fe75bc80bbbc7006df322fea922a88bdbcb9bd05ae581e242e18a4a4
train,progan_train,bicycle,0_real,bicycle/0_real/11370.png,113488,113b28d7,3637296487,113508,8,d7be626a4879f8899c4a82bf6ce2f29703c8af8e96bafc6589668e966e5d1a94
train,progan_train,bicycle,0_real,bicycle/0_real/11711.png,122071,39575296,3710184862,122091,8,e327612bb12f84a96bc10276a31925516d266a772cde91c602ee7be726c5b402
train,progan_train,bicycle,0_real,bicycle/0_real/11835.png,137652,d5381d79,4972548107,137496,8,1295f675565b7fb0defc7d05ca3b34426f3e5a3b17d38c661b8fefdedb5a686f
train,progan_train,bicycle,0_real,bicycle/0_real/11850.png,129070,1aed2b6a,4346078932,129052,8,58950d3251aed30033bed2bcb5a116bf4fb8f84d75c811f6721b2e4d8719d4dc
train,progan_train,bicycle,0_real,bicycle/0_real/11896.png,156736,3f5afd3c,3272953790,156740,8,34468d3ab7a365ea14e2680f03a77ea89ae7cf017a750d8b40a5abfbbfd101f9
train,progan_train,bicycle,0_real,bicycle/0_real/12021.png,145220,01b01c8a,4432623647,145040,8,fa948bd05c7c34181068df76bb8034e2ad0ee77f27bbdaab72efa4c90ceb242d
train,progan_train,bicycle,0_real,bicycle/0_real/12375.png,146164,d7b6c580,4924287109,146101,8,907e46b4528c267af02ea93ea2d6ab725477eab4c840546d8056184209bf054c
train,progan_train,bicycle,0_real,bicycle/0_real/12516.png,150056,e4b332d6,3007325802,150070,8,e5556477fee134d50fe4fd132a147c4054c0d4520e2f1b6838a68b07ae7c8412
train,progan_train,bicycle,0_real,bicycle/0_real/13660.png,123572,55fd2b84,3667898186,123512,8,cb88beb4591e0a3a430719594ea1a2bfe5bd3ab28f67a10be55ff737957c7d2b
train,progan_train,bicycle,0_real,bicycle/0_real/13824.png,118363,0f2cd1e1,3760649574,118329,8,e7048413f356d40d753522ead56dce2e24ed91898ebbe8fb906077e066d09f68
train,progan_train,bicycle,0_real,bicycle/0_real/14009.png,139089,040f8c02,4374248761,138259,8,6b85cb126e0df25c24b0d19877fbaca7e0e96cfd98dcc96c0e0ee435885258be
train,progan_train,bicycle,0_real,bicycle/0_real/14192.png,89705,ab607cce,3670385380,89645,8,09f2fe5ed29c66114632bce0c37272f28dd6a502ceb9142bb249bcf635013d06
train,progan_train,bicycle,0_real,bicycle/0_real/14486.png,120295,4545e9d5,4295500605,120315,8,fb5f3ffc9f07131ee3d97f5f3f45ddaaa768b863645e7a8b6e4d0feec50cd216
train,progan_train,bicycle,0_real,bicycle/0_real/14713.png,109593,ee7a7d0e,4189560728,109610,8,a602c325350fe8788b288ab6e8677e92b4c2b90c1792d5a6c40083becd92f344
train,progan_train,bicycle,0_real,bicycle/0_real/14805.png,127073,693c390e,3637738787,126931,8,e54e4ab2ba0ce3bc4004feae3f8349b67e6a647502896e3a84edd51bf71c523f
train,progan_train,bicycle,0_real,bicycle/0_real/14935.png,126579,d9b3d7e6,4793149078,126566,8,db5725ad9b5c58cafc434d965403adb7ecb594e2f347c6d784770f39b4544415
train,progan_train,bicycle,0_real,bicycle/0_real/15172.png,118535,935fa148,3213678425,117554,8,a2134cbfe97aafe641e593594cfe393a337083ef198de163a40ea26a1be69686
train,progan_train,bicycle,0_real,bicycle/0_real/15253.png,68426,d2635a8b,3414942821,67782,8,511cac561f8209a145a46cf556e6e870ebcf379a5dd9fb8a7f3c3729778c5bb1
train,progan_train,bicycle,0_real,bicycle/0_real/15496.png,103783,0cf4acb5,4185901168,103592,8,191de9304d2fcc2ab5196b49aad783504b7464f23153dea0b3deaa5693abe8ed
train,progan_train,bicycle,0_real,bicycle/0_real/15543.png,119428,66aef625,4165437766,118473,8,01f07e78e027b404d48a64f1bbf0de92bcb254b60de6f67a99603879844454bd
train,progan_train,bicycle,0_real,bicycle/0_real/15566.png,126130,80c4839d,4952609404,126001,8,e934a0982c277a9d1c83165023581c443ece38880b78ce1f21ec318c70a35940
train,progan_train,bicycle,0_real,bicycle/0_real/15792.png,79528,26c842c5,3099234582,79340,8,a981322d39a5ed017828dffa1de4c86d4d472858e9b8e3a941010054d1cf1604
train,progan_train,bicycle,0_real,bicycle/0_real/15957.png,121399,5e16b9db,2962295609,121201,8,1639ced90c64a6b667e502d54f97d973daf4cf0edac8ffcfa90afa97a52473f8
train,progan_train,bicycle,0_real,bicycle/0_real/15962.png,113633,4de27d2e,4987099051,113288,8,37f6fe8ce59181b6baade76e09ebe824890afae0793feeb66a36eac7fca42a52
train,progan_train,bicycle,0_real,bicycle/0_real/15975.png,67410,dd797c14,3158742914,67005,8,eac4f46101ed3e703af0c6f2c3ef0da48e3d57dc1a6491a3610e97e1df880a79
train,progan_train,bicycle,0_real,bicycle/0_real/16199.png,95161,440c234a,4159526178,95176,8,b91e903658511a5d20c1283ccac240e50b9a58c7e5f52e2db5230ddaba02d7ee
train,progan_train,bicycle,0_real,bicycle/0_real/16456.png,103371,265f17cf,3177227758,103391,8,dfbfa5d2540a9a436767b09f0afab24d7128a3ec7fda5342e4c879fc94f5765d
train,progan_train,bicycle,0_real,bicycle/0_real/16470.png,177174,ae92317a,3749618569,177132,8,c188f49cb1275d1c6895548dfad11ef3d371e5a2037bf343ae695b4947ba1f02
train,progan_train,bicycle,0_real,bicycle/0_real/16761.png,110893,2f090047,4503311754,110677,8,e1f8e098d516f44d6e30c20072ac9da95810ca1563fe24e647aa15d1b8d2eb95
train,progan_train,bicycle,0_real,bicycle/0_real/16843.png,72850,2996e731,3468972081,72179,8,444c4362ac58e5805d74187de3a6bb534cee36c2ffe2b723abfaafae4276a6d9
train,progan_train,bicycle,0_real,bicycle/0_real/17501.png,131859,053749ed,3731933918,131709,8,8e2ecfaa2e1a79a72eadd185add2a856dc9c3f1fa03a18622d15e9df80c0a34c
train,progan_train,bicycle,0_real,bicycle/0_real/17741.png,146283,5127fd63,3018038400,146272,8,34900fa723b7f2dd35b1ac6a5f6c332b5136e956c711859fb91ac24198492f3f
train,progan_train,bicycle,0_real,bicycle/0_real/18025.png,76256,b47a375b,4064108739,75769,8,3de76ae7e13a8bcc0f430899c98cc2123a5bddd18e4b789a1e3c1c9f255e5e8c
train,progan_train,bicycle,0_real,bicycle/0_real/18183.png,111351,5bba8661,3301153053,111161,8,0efdf4c816e8c2bd125d655c8d39a22ce27e1597418372831ae534176f747506
train,progan_train,bicycle,0_real,bicycle/0_real/18843.png,125306,4c541741,3509993028,125000,8,57967eb6bafa3cdd57dbe79d149f7876f7903a661dab7bf4c9af998cbb0c03d5
train,progan_train,bicycle,0_real,bicycle/0_real/19286.png,140584,db5789cb,4915880516,140323,8,7ce21fe762ccb912735464a55de4985407dfa49d6c82d764de9b1a0af4d1b93d
train,progan_train,bicycle,0_real,bicycle/0_real/19490.png,140107,82a909c9,4452860563,140053,8,386c8fecc593e2ea18908bc118380614e50f036085ac1952e0b9f1952236047f
train,progan_train,bicycle,0_real,bicycle/0_real/19592.png,129884,1b9a0195,4434375069,129874,8,887cdfa137bc11c6ee720226dc56565d0ccdf07ea9adae8212539d0f14158f49
train,progan_train,bicycle,0_real,bicycle/0_real/19661.png,75730,9d44616a,3249602033,75548,8,22d36600ebd57faeb8436f13db83ce62d8207df105845269daa19b8224562146
train,progan_train,bicycle,1_fake,bicycle/1_fake/00371.png,97131,1260fa43,6815642245,97025,8,91747dcee5738fc06ac5f49c70e06fce7a655d6cfb612d6c093eaf48b7dd5023
train,progan_train,bicycle,1_fake,bicycle/1_fake/00571.png,126182,2a11e48e,6972769273,126202,8,463cd5bafe6ed4898818f82fb2fdb21e3e50b3030812629500f369fb87d82452
train,progan_train,bicycle,1_fake,bicycle/1_fake/00827.png,123626,ef5e3bbb,6403896576,123552,8,f767eae073ddd11c2eb744fb42fa4da98507dc795977ac2abbd7e21fbe4d9f03
train,progan_train,bicycle,1_fake,bicycle/1_fake/01099.png,146360,6dbb49d9,6568081302,146252,8,05d273e8fc8275efd24b4b244a7ffc11b229fe77e836e06e04d663babb6dfddf
train,progan_train,bicycle,1_fake,bicycle/1_fake/01691.png,102028,dd2a6d3d,6408543542,102048,8,606286dc014431560e2d5b4924c03d181c2ddd7c23cf0ace99b1df1653e43818
train,progan_train,bicycle,1_fake,bicycle/1_fake/01860.png,102001,e96a3312,6600405216,102021,8,770e517e07b685acc455fdeb21f6d0f0c140e7e91a667b59208b771b6d1beec0
train,progan_train,bicycle,1_fake,bicycle/1_fake/01902.png,153455,379d9469,5072265009,153373,8,6ecbac81b6451d2cbb4edc38122d28c887c9a1a619f12917fbbffd831bc34785
train,progan_train,bicycle,1_fake,bicycle/1_fake/02235.png,129582,128a2fdb,6868172797,129421,8,b29dec234be0084469c56a1677cee855915c70de10433ed807ead2806d0f0b22
train,progan_train,bicycle,1_fake,bicycle/1_fake/02312.png,123882,f91ee0cb,6869541375,123893,8,e1c82eed35b8f8ae164124a828bf9fa32b21b5fe3ad43fea46e4484eb41878f3
train,progan_train,bicycle,1_fake,bicycle/1_fake/02474.png,103337,93cc6953,5624525485,103172,8,9cbed03bd474512ce94a1f41a4b3c17441dd4e6893135005385890518253eb88
train,progan_train,bicycle,1_fake,bicycle/1_fake/02722.png,135408,6d023bc2,6658402457,135292,8,aa4eb7b31bb4bcf66d9f203417fef786d41dc3f8ac87a5241ac00496e80a71f4
train,progan_train,bicycle,1_fake,bicycle/1_fake/03170.png,101672,588b80b0,6558134475,101455,8,fa2178f254b593c89873f992a599eecd0e581fa17362968e2098b92d4fdd7563
train,progan_train,bicycle,1_fake,bicycle/1_fake/03638.png,137928,b46fe0ee,6124507635,137846,8,919a745cf9b75cf42e68c44c184b003d603aa01bb295b8f738bdd83f40ae1bbb
train,progan_train,bicycle,1_fake,bicycle/1_fake/03906.png,107639,2c657574,5056913840,107537,8,dcc138bc9e2d53de18f355c0eadf1ad995ab6b5f473c5d6e40db8c0068e9e320
train,progan_train,bicycle,1_fake,bicycle/1_fake/04000.png,105455,8ee01337,6978630884,105337,8,e461547764d6287f239846f473e3f1e706649334e7f0f25bc17179e1fe64ada7
train,progan_train,bicycle,1_fake,bicycle/1_fake/04098.png,113184,2a7cad45,5672111575,113204,8,b9c48bf8b57f7c9455f55d51138e8046e4c8888648ae5b6bc5138ec11e6fb046
train,progan_train,bicycle,1_fake,bicycle/1_fake/04283.png,72275,67a83413,5305552322,72097,8,474493b4f99d70980ff156a52b622af55ffac94f38b164cf79efd6ebb2882586
train,progan_train,bicycle,1_fake,bicycle/1_fake/04374.png,153739,89ea8de3,6832444016,153500,8,9a041313bec77a7c461bf2b06098dfefc878feccca26ecba80075d5698fbbf3e
train,progan_train,bicycle,1_fake,bicycle/1_fake/04383.png,111982,efe858da,5620290331,112002,8,fd6da76643918748e94bc44ff3301da9fb5fd340be9e94aeb2405ed1fef6a4e9
train,progan_train,bicycle,1_fake,bicycle/1_fake/04716.png,152817,7766b604,5966882709,152280,8,5c00837c5ba4b70b2bc828142756816aad6a5226560d92b14d403d6231e3e5ec
train,progan_train,bicycle,1_fake,bicycle/1_fake/05179.png,92535,3c9a7324,5259610105,92459,8,92d645f6d1b09d2766bf852a65e21eaa0171a0bd9b839aba29862d2acbea8196
train,progan_train,bicycle,1_fake,bicycle/1_fake/05265.png,87851,b8e51529,7122918618,87847,8,a1603b9af611048d014cdc6f263ad0880460c1a69ccbf207b071fa71302f3993
train,progan_train,bicycle,1_fake,bicycle/1_fake/05285.png,164568,ebd665bf,5627213543,164589,8,76b6e08a884823b669223ddc6148bfbf8903808b83e819ccb47d0a30270600a9
train,progan_train,bicycle,1_fake,bicycle/1_fake/05468.png,153143,0d9c0a6f,5261742803,153151,8,bce30eb08eb1bebf8ec15b7159cbbe8fc9b238efbff58cfecd310aca0514980a
train,progan_train,bicycle,1_fake,bicycle/1_fake/05655.png,113339,5af3ed68,5604244876,113359,8,c1c8805a6fcb3654d8d156a4df6d825a49d439b17c9a1759e32a4c12eb89dd84
train,progan_train,bicycle,1_fake,bicycle/1_fake/05777.png,120565,5532b980,6201226926,120407,8,cb678418ce297d146ea3b098aca1f2bcf64644b722d15d8101595eeece9d10c7
train,progan_train,bicycle,1_fake,bicycle/1_fake/05785.png,135628,4f3d89d9,6406418148,135130,8,02aba4442f5aa804dbc1e5f3797e6d8c450e4748d522005bd6d9f47bb5dde0fe
train,progan_train,bicycle,1_fake,bicycle/1_fake/06635.png,83800,75e4ef3e,5607049213,83704,8,f08a526919235f574d56d412b7f0eb67bee6aa191bc7a61ff69f7183d35704f7
train,progan_train,bicycle,1_fake,bicycle/1_fake/06793.png,156738,cdab79b6,6152848450,156496,8,0bd9fd96b9ca145cc9e872d6fdb7e2053c886aa2b0c446cf037828aef0ba4c85
train,progan_train,bicycle,1_fake,bicycle/1_fake/07037.png,86764,41929c49,5120362521,86588,8,e4614f1fb3163fea8805f28af614cdd6b7ec42213ca8c899d656d759af99fb0c
train,progan_train,bicycle,1_fake,bicycle/1_fake/07115.png,119700,6c57d34a,6226621503,119599,8,f10335ba97642192f54680161a504d2a60222f34e3e2bc6b1d518b082656f7e9
train,progan_train,bicycle,1_fake,bicycle/1_fake/07135.png,118859,26454a73,6633970073,118799,8,5a57665d679ec748f8485b6472e530c6925e277e7d5a48457d4871ce6700bc38
train,progan_train,bicycle,1_fake,bicycle/1_fake/07509.png,134836,9efb0271,5867484108,134733,8,9100644d93b20c414ce90c790f659b0178e787ef0d57b10d55b299ef8e84dc3a
train,progan_train,bicycle,1_fake,bicycle/1_fake/07726.png,99677,bf7bd534,6593505350,99669,8,3ad118f0a310157c20216d4dede235b3ec90f47d89a2fa0a76a6c9b76bb8db8e
train,progan_train,bicycle,1_fake,bicycle/1_fake/07806.png,95304,1f971777,6118689249,95319,8,a79349233d6c5e2081f0345a3a2aaec85b9f2452b19fd84cd39f5b3756e427ea
train,progan_train,bicycle,1_fake,bicycle/1_fake/07905.png,156875,0ad229f5,7095574582,156862,8,0b017428735cf48f3271418993c9d28115640502c568c328c36df84bc458814e
train,progan_train,bicycle,1_fake,bicycle/1_fake/07928.png,106908,c4716def,5452714567,106789,8,63a93df1b2de156a404a316adc580ce776af8b2391a4cf7a7da0e09d3b7c72de
train,progan_train,bicycle,1_fake,bicycle/1_fake/07966.png,114958,d5f39369,5900321950,114879,8,89df0e8600763f35e7dc77c8d1a3db489855854b615d1037c885aa0569ccfa49
train,progan_train,bicycle,1_fake,bicycle/1_fake/07976.png,137575,35be8e5f,6616052205,137566,8,fe7d2b8e7f862c712852bd8cd0666214a1d29021cda87493312e548298c3a6e2
train,progan_train,bicycle,1_fake,bicycle/1_fake/08012.png,90996,b584d590,6743583818,91011,8,aee33ac20997bd6508adb2c94cc5262d437841baae0afbe1accc259e54f16687
train,progan_train,bicycle,1_fake,bicycle/1_fake/08155.png,109472,15c9c7d6,6079431818,109492,8,b7bd34649cce1fbfe1e95c68b9b9178eedca62da9bcad844e4f30027e6c291b0
train,progan_train,bicycle,1_fake,bicycle/1_fake/08361.png,125707,316be122,6426866558,125711,8,fea249346be444e1a980aa080dd1a5a0671dbf8e84aa12722e872093aec7cf71
train,progan_train,bicycle,1_fake,bicycle/1_fake/08382.png,150145,9488675f,6630373601,150170,8,aa2374988e15ee5e16022a26d49c6fcece78655f4106688e09efd9719e31d4d2
train,progan_train,bicycle,1_fake,bicycle/1_fake/08703.png,96984,77c896f6,5536560383,96542,8,a1f9c3ed0d2e3492b325c59fc652b006deceb9c752dacf700df647273d63be7e
train,progan_train,bicycle,1_fake,bicycle/1_fake/08823.png,81787,8a6f9549,6702670163,81636,8,6393000587972b48ba1dc9c546fcf127e3429f07b40eeaca21ab4e1ea667ac3b
train,progan_train,bicycle,1_fake,bicycle/1_fake/08937.png,156500,a606cb1f,6364857768,156478,8,5284b094624595013a647596304dab1d2600e0ad7f3f2cfd8f0ce1f373bae936
train,progan_train,bicycle,1_fake,bicycle/1_fake/09201.png,135827,2c26f495,5170202426,135518,8,233e3302f63481ac015c4db02b08fd00fda1f3fcd07a6fd666381d4af5fb7dac
train,progan_train,bicycle,1_fake,bicycle/1_fake/09370.png,82184,db297412,6602627416,82199,8,65bbfab21db888c2b9634275ddecd4de3f323aacf2d4d0e7eefec40e03e12120
train,progan_train,bicycle,1_fake,bicycle/1_fake/09512.png,68214,c39ca687,7049342720,68196,8,489ff9f2c1f1880374f45133f8a28c1340c486a3d29ce74f05642eef1e1e1386
train,progan_train,bicycle,1_fake,bicycle/1_fake/09669.png,104185,0344ec9c,6162421570,103960,8,722732729deb5f99e772f3c2647132fe1997ac0e8a84a1a0d5229bdff745cfd9
train,progan_train,bicycle,1_fake,bicycle/1_fake/09780.png,106628,a6e9189f,5205357580,106312,8,8b527de047a69c095b53200949252e1c65dacdd77e953347d62735f1fda0e697
train,progan_train,bicycle,1_fake,bicycle/1_fake/10476.png,122441,87866edf,5628613535,122358,8,00fe2825974dee8b49e46d2d313a2e1622bf138faec5252213586882c254dc10
train,progan_train,bicycle,1_fake,bicycle/1_fake/10750.png,132983,f7a64ac6,5793671560,132270,8,1aafac725234a39255d69ffe56471829a22434529ddac34e62b7de622548a3a4
train,progan_train,bicycle,1_fake,bicycle/1_fake/10846.png,157716,be009922,5054740298,157662,8,63b135d0b36f47c964fd02d4457ebc672f18fb0499f401849ef9ed477150a290
train,progan_train,bicycle,1_fake,bicycle/1_fake/11039.png,136201,8ec90000,6184423812,135766,8,cc2d277b71610d89902cdd4fb778a53b2f4d3528b3ecc0c3ade817e6457746e5
train,progan_train,bicycle,1_fake,bicycle/1_fake/11062.png,124585,a1e9d77d,6188990621,124553,8,bf489f20f6144ce337a5569d9680367527663216f4acb5d86f9bfbb457144a95
train,progan_train,bicycle,1_fake,bicycle/1_fake/11452.png,157113,9273bb73,6848208593,157000,8,99f019ed0f24b518399e35492873294378e47b44d7c5608a0608fc6ddd07c8d6
train,progan_train,bicycle,1_fake,bicycle/1_fake/11549.png,120165,2773974a,5265110309,120185,8,c173c0b342886042c0e4d8eb74d8bc4a366715fd06e1cfc756f97e1ac4e060c9
train,progan_train,bicycle,1_fake,bicycle/1_fake/11893.png,105960,6417dc38,5369847423,105980,8,4d7af7b65f123067da56e859bcc93f1a7cbfb07b6c7e1ae85d9e25a2fb4fce63
train,progan_train,bicycle,1_fake,bicycle/1_fake/11894.png,122969,c6eb3079,5389213309,122488,8,c0856ed483591ce5b168d60dabf54a40d0962888273c660b2c5c6934f43573de
train,progan_train,bicycle,1_fake,bicycle/1_fake/11899.png,140685,58ae92db,6712755568,140692,8,4a7b4d8971156641cb95b3e1658c943946d625fa04412f57ea257cda89bd28df
train,progan_train,bicycle,1_fake,bicycle/1_fake/12038.png,103347,7d8a6b36,5367549100,103215,8,41b92aef06ed09a060ffcf7466b1c8e8e7200baa0521bb46a6ccb045e118a5df
train,progan_train,bicycle,1_fake,bicycle/1_fake/12348.png,122472,1d3d7a4d,5078875996,122160,8,86f34eab3a259d0de54ccb27ed08b6dfae21025277c398bdce60f966e05b1661
train,progan_train,bicycle,1_fake,bicycle/1_fake/12670.png,144530,bf352048,5407571934,144291,8,53313dd7c0b2f965d6ea5e5669aea1b1350073e1f1b8c19fa9ad317911652705
train,progan_train,bicycle,1_fake,bicycle/1_fake/13370.png,135397,571155e2,6911866969,135126,8,e79ec478a480baff8567b9ac7060cc83dcad9e0b79ea8c431cce7f561379c4c3
train,progan_train,bicycle,1_fake,bicycle/1_fake/13460.png,76950,55596ead,6366830367,76884,8,eb9d69c2f9624dacb5a478c4ad18dc5adc80cc9f2266d10a4055d008ec92442a
train,progan_train,bicycle,1_fake,bicycle/1_fake/13661.png,67731,d85c0329,5780213169,67723,8,80f8c0e266e7b8ada1ab65c626ddafde868a497e701e8f24357d4ce08f37d0ad
train,progan_train,bicycle,1_fake,bicycle/1_fake/13784.png,126574,a90735cb,6138951581,126507,8,34862fd4d4ce602bc3d189bdd4b66fdb4b565c413188cc99734571426508e898
train,progan_train,bicycle,1_fake,bicycle/1_fake/13908.png,74209,0ad5fa5b,6643923635,74153,8,70c79821feee378f4c3d0d40dfe68911360b88f215d74720aea8720e62effcc9
train,progan_train,bicycle,1_fake,bicycle/1_fake/14230.png,140282,4f404178,5550612145,139776,8,40c42fda12d75599d26b57336e90375842e5e3274dddb02f3a134804fb99d345
train,progan_train,bicycle,1_fake,bicycle/1_fake/14287.png,84806,f3a62918,6621680533,84821,8,fb67ad08269f1e10a92aad874558b2547a58f5f768f614dc4036731d0e4719bb
train,progan_train,bicycle,1_fake,bicycle/1_fake/14378.png,129300,68ef33d2,5081053171,129281,8,0c9f2b777639eeaa8dc1490cefcd871a85ea287ce9051815dbd5717592a289dd
train,progan_train,bicycle,1_fake,bicycle/1_fake/14698.png,103650,41c86200,6270051376,103522,8,09f935cc09c6ba137242e7d3b4f81483ac24740489cdfbcb0d85f73d320573fc
train,progan_train,bicycle,1_fake,bicycle/1_fake/14937.png,73794,819c49cd,5453423463,73653,8,218aaaa3de2cb499610c5d26d317de637fb57993fd49e0ac62fc92c659f3b041
train,progan_train,bicycle,1_fake,bicycle/1_fake/15101.png,108097,e35e6ab2,6080596838,108117,8,ddc6e88016aa408d647a11507735cb067e48f168d3e1d45bf0986652f541e977
train,progan_train,bicycle,1_fake,bicycle/1_fake/15119.png,137405,08a25e9a,7162260427,137190,8,dca1321428b824eaec652d6640c6a5cb1d421932869a9c59b9b2aaa50314b394
train,progan_train,bicycle,1_fake,bicycle/1_fake/15176.png,119516,ce1cec5c,6791500365,119475,8,9e518c1095f5d07e11a195d53180b77a9a82f1e9dbe599c007c0f39e094f5735
train,progan_train,bicycle,1_fake,bicycle/1_fake/15661.png,144973,c804d3da,6287635704,144792,8,fb96af01cf4b2da44fd872e809aa748b0ef3e290731618f4b241500bd653871c
train,progan_train,bicycle,1_fake,bicycle/1_fake/15706.png,99274,ff88e439,6825589074,99001,8,dea6ffb3389a0919228c241d007c48de81f0ba03a79530913303ec676b2ad484
train,progan_train,bicycle,1_fake,bicycle/1_fake/15874.png,123583,90f580fc,5388898587,123375,8,83a0bfa2df2136a05319439f866a6928f57ab28909768197d83b3eb4b25c587d
train,progan_train,bicycle,1_fake,bicycle/1_fake/16585.png,154257,72a252f4,6312770265,154078,8,413a2d2e033fa1076c71c24b947763c1436c9a979d16bfedce6729c5a5a23d47
train,progan_train,bicycle,1_fake,bicycle/1_fake/16658.png,132743,7d0c4c8e,6216503342,132340,8,592d6efecd1ff15ef689e72f5889a6f2e13267bc08882c3632379e530b2efbeb
train,progan_train,bicycle,1_fake,bicycle/1_fake/16684.png,132543,052d094b,6709895150,132568,8,b4e422148f15c3f535962e7b819ea3a6486c5a19750e3582b4aeb5da606d797c
train,progan_train,bicycle,1_fake,bicycle/1_fake/16718.png,120195,d97888f0,6605710246,119671,8,1a93356c331aa3dfe73d33626dd50ab64505dd51417c2ef6960bb18f40b9d586
train,progan_train,bicycle,1_fake,bicycle/1_fake/16984.png,92012,77615f69,6555597579,91651,8,6e20d52538d7f652f155ca7a8600224ae867044c589bc6272de4e9a4cae82f70
train,progan_train,bicycle,1_fake,bicycle/1_fake/17336.png,97902,c03a5f21,5755618264,97917,8,d5e4551bd2ae99daec73c47f3b173254238a5bea5ddc4e853dade243431c5dae
train,progan_train,bicycle,1_fake,bicycle/1_fake/17430.png,133655,1e32f02f,5101436331,133488,8,6baf9f27cbaae5a66f5bd807599dd050262d1531700cd04c451a819bd30501cc
train,progan_train,bicycle,1_fake,bicycle/1_fake/17438.png,127486,daec7fab,6628318343,127447,8,ecd6f935c6627305030dc4f542492b7a32499a5767fa454f7aec97809d3e3a5d
train,progan_train,bicycle,1_fake,bicycle/1_fake/17905.png,139029,5b2f8b10,5303212262,138977,8,bc2dc57abf830b59d690f61a7855ec9b33ccdf813856c3b541a4a0f88027c729
train,progan_train,bicycle,1_fake,bicycle/1_fake/17908.png,129113,15edd022,7046116645,129120,8,7ef56c6ee599625cc4f8ac8977dcefb81047a9620c69eced2db3337cf6b4f432
train,progan_train,bicycle,1_fake,bicycle/1_fake/18272.png,131582,eb4c4e5b,6674113001,131554,8,77b8fd0710e31ae18a75ed4b1615fd0dbc1f0584c2dfa756e8759e4a03e778de
train,progan_train,bicycle,1_fake,bicycle/1_fake/18372.png,98847,5628ef4f,7104391643,98779,8,f6d63492b05239c9df54f481f9c81c104403d64ae8af1443592de63dd11ee189
train,progan_train,bicycle,1_fake,bicycle/1_fake/18794.png,104263,12024035,6895440523,103797,8,f20f8b495df92c15f8cfb80673f637a85f12308a2e142df24f9793faf848d967
train,progan_train,bicycle,1_fake,bicycle/1_fake/19017.png,152471,56d17442,6965913660,152320,8,44665e3e5ad8cc18d3f48af8c365f4f1ecd3d476dec7ad1899ae2fc78c9214b4
train,progan_train,bicycle,1_fake,bicycle/1_fake/19052.png,99271,f1118c5b,6775227115,99188,8,7b0f1a06c0a566ebaedd5eaa2813d1ddeee17b96d3b8ec8fed23d4a12fedb367
train,progan_train,bicycle,1_fake,bicycle/1_fake/19326.png,143963,e5ff8e01,6776924069,143716,8,9a919af4ecd2512744763c27e237969a18eb81020ae31de4a4a974089db39844
train,progan_train,bicycle,1_fake,bicycle/1_fake/19385.png,59226,71280ef1,5155403112,59001,8,7d446f641f8fcd44fd137ee53004bd72ee08aa59d462e9868fb54ae6f287efa8
train,progan_train,bicycle,1_fake,bicycle/1_fake/19430.png,95483,ef082e8a,7038564905,95469,8,a87555f760e31ec82e8b2e73018c3a4a9c401b262c35f4a41e5d3d9fd5782803
train,progan_train,bicycle,1_fake,bicycle/1_fake/19446.png,102054,0381725f,6107618996,101706,8,fb91454594dab26b7ae7be793ae3fd771241bf9dcd228d55d2e8c5eb4c2becbf
train,progan_train,bicycle,1_fake,bicycle/1_fake/19561.png,107618,d3eac798,6023059122,107107,8,63e6fba64a011fcd1e66f2abbeff8e7c6c6acefc9eda5c9ac36d7dde492128e1
train,progan_train,bird,0_real,bird/0_real/00527.png,110159,42ca8cf0,7862115265,110179,8,ebb095fcc0d391491edcf987b7d9dac11d484b566ad5bbde4378d475e3abc9a8
train,progan_train,bird,0_real,bird/0_real/00636.png,77380,7ff893bc,8612705748,77306,8,1c9019f1e5fa81c59416ba9ec84af7082af296908ea593066bc83584c864f694
train,progan_train,bird,0_real,bird/0_real/00667.png,114754,58720b2f,7298815478,114255,8,2ba18f1e14ca46a335a9f20114f492c6979bf308831f18b5d24da95336f86058
train,progan_train,bird,0_real,bird/0_real/00797.png,70856,c910b97f,8567125465,70534,8,88a62c5c2d2d73c7d1e4a699c94bf9dd48d2c3e5ae24ae1f8339111707ee196b
train,progan_train,bird,0_real,bird/0_real/00837.png,57953,1dbf109b,7226700307,57920,8,6e0f10de3df1e542ffaa9486be1a8465da122b3e1be2a227b5070a9cb30b0bbc
train,progan_train,bird,0_real,bird/0_real/00985.png,94018,db2afa3a,8147294273,94033,8,2ecb4a81ee6137ab7248901ddac13138f9fe05e53b5fcba40e3032a2759c6170
train,progan_train,bird,0_real,bird/0_real/01011.png,125038,a8da1730,8175052168,124986,8,406e3e579c63c66bd2d5bf591f2639d9ef13424d355cb54390f797a007827cbb
train,progan_train,bird,0_real,bird/0_real/01016.png,134448,00d8d73d,7289802531,134261,8,e60932ffd11fcab658bf027dd0022c84a498d3f46acd1247c5223bbf216d4bd2
train,progan_train,bird,0_real,bird/0_real/01192.png,89905,02f56cce,8551978462,89911,8,bb5e3b2a1ff04f33ae23c592786cdcefb156df03927f5d418ec5d608ffe787b2
train,progan_train,bird,0_real,bird/0_real/01729.png,127775,93e8baf2,8272272369,127731,8,51bfc02464a5c6bdf4f0e1720badb51bb9f7d2b95b692a43eaf081777203eb5b
train,progan_train,bird,0_real,bird/0_real/02434.png,53030,b12be61d,8954697776,53006,8,40772c500320675c7d3097a9013cccf9780993923da474829bb9b864d93ae454
train,progan_train,bird,0_real,bird/0_real/02469.png,99236,45f4995e,8243304920,98968,8,198a8e5080b4a7a1fabb67bdbce954220d26b05aae38327b9811913367852922
train,progan_train,bird,0_real,bird/0_real/03967.png,118149,14d714b8,7788078767,118069,8,f902e95da9336a616b21b565a4e0951d481b55b4d7f088f9a880cef5fde54717
train,progan_train,bird,0_real,bird/0_real/04050.png,123081,e4c50945,7855097653,123087,8,f7308828654fa2996168aa87568a2177a5c3130d439d8ae7d1dd94b6ef07a40d
train,progan_train,bird,0_real,bird/0_real/04260.png,65610,dbb83bc4,7738455618,65620,8,43f24b67d6b64eb8f667aeb81acece0216e440eeea99220241d070df703b82af
train,progan_train,bird,0_real,bird/0_real/04358.png,115930,021a1b8d,7922612780,115576,8,e82900879c17fd3b24448c371472ffbfc946c97fde1354a7721ee8c5796b4cf2
train,progan_train,bird,0_real,bird/0_real/04381.png,99074,fd947f7a,8313406111,99094,8,1755e5acecef085a56c56addab89c5393aeafb37b854938b99be26cc7add03b7
train,progan_train,bird,0_real,bird/0_real/04677.png,103718,f7c25858,7508531546,103738,8,fefd29df0a2ab52da7248fc0c403f7f4861bb67ece52913121f717fc310bcc93
train,progan_train,bird,0_real,bird/0_real/05003.png,72858,83fb8e02,8132916105,72663,8,6c684baf1b89702dcce0b4359dce3be25def5812ea86f0f314ad07eb2ed71b08
train,progan_train,bird,0_real,bird/0_real/05465.png,76146,d400e634,7943242519,75680,8,7e494cd72bc51a901e682b08bf4627580ce6c7676caeca7d18191e3c0b5233eb
train,progan_train,bird,0_real,bird/0_real/05645.png,125602,65cae264,7356833682,125502,8,9dbdd242782d054652ca4f1bb0860d2f6ddded3d5b694b03f4a0ed801c21bc1b
train,progan_train,bird,0_real,bird/0_real/05843.png,140721,c07107f2,8873971862,140721,8,747075baf96676b22de34333cd1c10dd2f29905b679f0b71e15a27f8f1b60e2b
train,progan_train,bird,0_real,bird/0_real/05962.png,121819,1e828ca2,7944356934,121750,8,2d95242b3e85210b028e8d97edc588a4f811eb69eb4e58526b99db7fdf1a46a5
train,progan_train,bird,0_real,bird/0_real/06379.png,100464,3a2db93d,8666346947,100413,8,a488cbd6e427f891a6ec528bafdecd5b3003353118b97cdcb50be0ce0e883508
train,progan_train,bird,0_real,bird/0_real/06484.png,159977,7eb3eeaa,7925758558,160002,8,d0ad891938b80091e54a19545f292939a02b1c490aaf6ee41a538cd2b33d05db
train,progan_train,bird,0_real,bird/0_real/06763.png,127516,daee2a5f,8676436852,127302,8,662f36832216fbd7082ef0a3abcbea65b48ebc1d7020d4e2ab7a8a667cdc8eff
train,progan_train,bird,0_real,bird/0_real/06936.png,28295,37509574,8554046602,28272,8,11a81ab3fab4ad43e87055f3f100ac48fe5dd4476b1b194fce13bdc08accae9b
train,progan_train,bird,0_real,bird/0_real/07238.png,63258,f927ee95,8494201338,63264,8,3ebb1b94c44f42e5ad46508321d8c524d92510c423564cf319c85642a1303a23
train,progan_train,bird,0_real,bird/0_real/07477.png,86380,afdf9cdb,8278565228,86334,8,28c0fb792a16b660f859f25466c09646a8acb203e0d4fe891da057c65c735873
train,progan_train,bird,0_real,bird/0_real/07808.png,111481,5c8f4d04,8828920950,111004,8,0aa736585719685ceea5001ee56201301aab405a7db4cddad1acbe6a7f5629eb
train,progan_train,bird,0_real,bird/0_real/08242.png,110543,b0e2e65f,7616320349,110563,8,936c9534552fdefc83f405af2fa80007ebc95a1cd675e301fcef8d9ddd335867
train,progan_train,bird,0_real,bird/0_real/08702.png,110015,721ec2b3,7236795982,109816,8,66761349a80e75646f3b37bd63ef1febe5449130781dec6273ef98b46538007c
train,progan_train,bird,0_real,bird/0_real/08909.png,137630,5ddb68e0,7278344588,137608,8,45b6dc823cff01a063128243c71a50ecad83f823746cd54d5851a13b787243f3
train,progan_train,bird,0_real,bird/0_real/08970.png,102048,905d622d,8020248172,102040,8,f50d8762fab52e8ca7dbdf718dc1002b2546dbde3e59f56551e390a80d0d102c
train,progan_train,bird,0_real,bird/0_real/09267.png,88518,ed2b89e3,7383211750,88525,8,fdc33eb0d0cc84b2b7c36577776e507e9b0f5864ecac6e815c59fff2baf7e0f4
train,progan_train,bird,0_real,bird/0_real/09268.png,94189,f331defb,8065742631,94166,8,206d9281eb9553caf3b1a00c44bae47780d2df4701cb6cced2384ef91fa22357
train,progan_train,bird,0_real,bird/0_real/09286.png,69882,d964682b,7389633273,69897,8,9a6b102298518ad37bc1926c308649f4145575bbf8698f019f9bf25017576f63
train,progan_train,bird,0_real,bird/0_real/09387.png,43531,69dadce9,7176184788,43541,8,71cc9eee7ce4620398fa9cbf110d2aa0a662c524ea3d8333874077d7e5250002
train,progan_train,bird,0_real,bird/0_real/09936.png,33107,aef786d2,7228686721,33028,8,6b81fd1ebcbeeb671d21ad6ac109088684f4c8c79c293cbcc04d6cfae5e49998
train,progan_train,bird,0_real,bird/0_real/10019.png,75416,6619ae6d,8359766629,75431,8,bac473f576f5ebc645b4a5051fc10cc696b2fc1f2514f887bfbaf32071a1beba
train,progan_train,bird,0_real,bird/0_real/10167.png,125239,c5d575d3,7898359265,125227,8,de864e88ba659e1d922722f4b60ba94f32b1b227eab6778fc5e0fd5bac3273c1
train,progan_train,bird,0_real,bird/0_real/10220.png,87231,4cb562e2,8933217196,87107,8,edb837bf8377bb24b5103abcba73d84ea2fe9d431e601c1e5ad772f01bd58ec6
train,progan_train,bird,0_real,bird/0_real/10617.png,124070,048de1bd,8528327067,124079,8,7d46e984003cd93346db239e3887a1b37c51adbc20e5e435d371f6508be997ed
train,progan_train,bird,0_real,bird/0_real/10752.png,108883,0dd6a0cb,8434076743,108828,8,e596e831398d32145e3706bd63e94b92aad7738a83381f0978fc06a7cb998597
train,progan_train,bird,0_real,bird/0_real/10824.png,102397,897853fe,8946550369,102209,8,f11a86a00d12a0791084c4f1fae3f16c76bddb45fbf4be712d4280a7dede34c6
train,progan_train,bird,0_real,bird/0_real/11215.png,119357,0071bd39,7253418979,119025,8,22327070c413cce3937639275f906a3fe72c8ea709bc76578e57976ffb5e4f82
train,progan_train,bird,0_real,bird/0_real/11340.png,65147,a804308f,8032207629,65157,8,83c595cbe2de0c01a935d081a3487c9126d885088aaf117920fc47b2b01b5d90
train,progan_train,bird,0_real,bird/0_real/11500.png,89953,3d5db84a,8109115900,89900,8,825a098b4490649e5dd2a9ff051736efeeee978a75162894205b9039a7d18f00
train,progan_train,bird,0_real,bird/0_real/11742.png,128756,19cd0c01,7947837957,128717,8,2762e195e300e40295914a6758f94d8046e0a1c1f6925832db0daab40f82a2f8
train,progan_train,bird,0_real,bird/0_real/11949.png,120304,49461abe,7465262910,120239,8,39835579b2fb33ad3ad66f1c83245a638bae6592dde84533177f826b75d79a4b
train,progan_train,bird,0_real,bird/0_real/12227.png,161999,e0f27037,8098599677,161879,8,ae978a6947124773d859d4baebdbc165ebcf8cbb26bdfdc42f79fbdcbfb4c543
train,progan_train,bird,0_real,bird/0_real/12543.png,44987,d8251182,7775145368,44983,8,691246a70b738d2c609b510de1105c578a5b00998089a49364d4272f478b9513
train,progan_train,bird,0_real,bird/0_real/12853.png,132222,37350b87,7632155272,132064,8,b60ef1bbbecb17acd71174938f4a07070fd82de3e86e5ffb7f81ed56ac6b6334
train,progan_train,bird,0_real,bird/0_real/12923.png,129835,4ff19ab8,8544999874,129832,8,efac336bfc967698f93a9420e7ad04602aa20161dd3e5845801ace5b8edc19a3
train,progan_train,bird,0_real,bird/0_real/12968.png,86480,f26c673f,7716478033,86396,8,33b7ca35c2cebdfe93d31294e867b87bf0b0d943e2ea422879489efc2f5b1b15
train,progan_train,bird,0_real,bird/0_real/13189.png,63146,40936106,8374971676,63156,8,e93928952b1c8165ff7972f6e637df551dafd6a7d2aa935bfbc4edf1d2459138
train,progan_train,bird,0_real,bird/0_real/13248.png,90803,d87e5a81,8471705174,90818,8,c722a42fae49da3cb78385663e7c46a5f5b71f326968771336639c53b73473d5
train,progan_train,bird,0_real,bird/0_real/13496.png,38670,4a5997e4,7576310108,38672,8,97e5f87acc65b2b4cb31598ccb2d6e94a851d45744a75e29d3b3471fbe851da9
train,progan_train,bird,0_real,bird/0_real/13695.png,143414,b7a0e97e,8907669840,143439,8,5872591f17ad247008a2b65cc9782e3603030e5659b1881f799dbb68e2d3158c
train,progan_train,bird,0_real,bird/0_real/13748.png,118245,f4ce44c4,8936281105,118183,8,8e514d22f8b1af11c9b46368cce749bba0df328826edd4332aa3320a02c4b5db
train,progan_train,bird,0_real,bird/0_real/13840.png,107980,1336a090,7811728422,108000,8,06c6abcc3d224fd726973edf9e62e4d2197b5ec3b50f03024806372ee67cf1b8
train,progan_train,bird,0_real,bird/0_real/13862.png,112262,8b6afe7c,7996932871,112161,8,c71d59a69d442129c90dc9fab21db98f25232c17e36f38d27cf54bcefab72bde
train,progan_train,bird,0_real,bird/0_real/13983.png,162458,61d4b978,8418448677,162483,8,78620ae6fc8fef8254db1b14db9550af8a73a4fbeea5544064a6be9e18160915
train,progan_train,bird,0_real,bird/0_real/14125.png,105333,b2a21dc3,7408037140,105322,8,421d00b542375143958fdce714e1b93c7d161bff83ece7fd4ebc0811c7df71e0
train,progan_train,bird,0_real,bird/0_real/14187.png,100787,d7f36b17,7383461893,100517,8,9293298e4ef39c83c81ca6b25f98c8bf06d3b74d7250098de4713d454e9e4bce
train,progan_train,bird,0_real,bird/0_real/14719.png,92635,f7a448e1,8817298086,92391,8,f4e3e7800af8c8d0246634a0cf26538d7e643e54b0cf4bfa22a06167ad294d1c
train,progan_train,bird,0_real,bird/0_real/14751.png,111861,4a87b447,8826465248,111605,8,38746e0f3621a7146b6c6ab4c53c70532bde2bced260712f3ef026ed51edd9a1
train,progan_train,bird,0_real,bird/0_real/14966.png,103415,4a971875,8861470742,102924,8,e31c02ac0892093657ac05c9a08d05c6c2d29655457c88ae814d7bbcc63a63b5
train,progan_train,bird,0_real,bird/0_real/15040.png,135499,9088fcc8,8382012751,134640,8,4e8d734a2bd257ae5cbfff6f3eb3fd126df520466ccfc0890e7df90f02087626
train,progan_train,bird,0_real,bird/0_real/15052.png,75098,7fd351ed,8395303676,75072,8,5d060b291080ea65d1db728207e69a04d82fd2218e34bfeef036f9a6257642d4
train,progan_train,bird,0_real,bird/0_real/15117.png,39330,65046f32,8284085307,39340,8,83f31e9a1381380b66d420a86ec7a7abd4da3e139ff8b97c9e45931df6a0b6c6
train,progan_train,bird,0_real,bird/0_real/15234.png,63042,79ae2570,8787017307,62888,8,68dc549c311a41caa18202ab2b41c9dc187809313af8575218e2e40ab7eacc88
train,progan_train,bird,0_real,bird/0_real/15634.png,47290,4777d42c,7915623480,47128,8,ddec7c3105536801355be0a64ff51a73cf2c31c5adb163b7aa3c09db9b681718
train,progan_train,bird,0_real,bird/0_real/16183.png,112517,0964ca29,8141703857,112392,8,ad8e9a0f62439d9b08c5330cc7785bf038456c1097e64190444b993dd2ea4ea1
train,progan_train,bird,0_real,bird/0_real/16369.png,90017,499bc7b0,7546835812,89967,8,cba7f213d920829d2e16187d5d251b1089098a9c63f7ffdd130fa3399d0e32c6
train,progan_train,bird,0_real,bird/0_real/16387.png,75116,b71bfd47,8081804690,74808,8,36804eda108837bc649414c1908bb6aab31f6f1603758f94ed57be5809d8ff5f
train,progan_train,bird,0_real,bird/0_real/16532.png,107326,58d11c6a,8168670428,107139,8,09c1475142237a5946231bf60003b163f98d15a0b623e930ae037272fbadc154
train,progan_train,bird,0_real,bird/0_real/16598.png,121818,829c9ec3,8140939066,121533,8,d6d4bfcbd99fa6dfe97f56ebf788492bcb519f207335d060c2537e1c616d5c2b
train,progan_train,bird,0_real,bird/0_real/16703.png,82032,df4a776c,8416721258,82047,8,285bb306628114fa85b30adf2e3ce6c118a8d0b84b4e924ce2ab1e7a7bd31fc8
train,progan_train,bird,0_real,bird/0_real/16831.png,98130,187d86eb,8759295381,97920,8,e80214004253c47da16356556a84770a47c2430b86cc08e878862ace651ebb5e
train,progan_train,bird,0_real,bird/0_real/16993.png,93012,b2c22dcd,8704953409,92990,8,50d74c8acd74394c8713c37115e6504998ce186650663e7a57619cf1463a81fd
train,progan_train,bird,0_real,bird/0_real/17136.png,124523,fe339835,7344727993,124328,8,3f436bbe4367d39bd8a9a12c1037e82704ee5b5414928eb79350affeeea06660
train,progan_train,bird,0_real,bird/0_real/17200.png,47984,97e0a7ac,8443146960,47887,8,642f5622342022a1e1aedba8ceaaae220ef1bf75131fbfe1ec6c9d6cfaa806d8
train,progan_train,bird,0_real,bird/0_real/17326.png,147206,10a01857,7271139022,147087,8,510381ab5987d777c6f82774b41e7af776346fb88315c2dee054548e9d232605
train,progan_train,bird,0_real,bird/0_real/17340.png,126727,2e3b16ac,8203278187,126695,8,d553dcffa370bf2b9866a59cdc56e98b5ce9903a7bd5f69b32ac226646b4fbfc
train,progan_train,bird,0_real,bird/0_real/17778.png,88289,c6e478d7,7876952919,88284,8,ecb635f65b5f16908183ec60ffa75ca95ba1cc920b15b47a8d491a48b3d401bf
train,progan_train,bird,0_real,bird/0_real/17821.png,111221,b333eec9,7993663887,111147,8,4cfa952f8496e9a51ced9cfe67914dfb48aa4eb7b67c3007143a78b5c39b8e77
train,progan_train,bird,0_real,bird/0_real/17913.png,123731,7d331088,8945983707,123230,8,4b8c00b4840b29a82c904d648eb56391f936b65467a66de55a6c71d455a03637
train,progan_train,bird,0_real,bird/0_real/18003.png,15803,051400b5,8406351323,15260,8,a4a581bb992644779f562918b686559b3ebfebfbd361cfd55561858afe313ba6
train,progan_train,bird,0_real,bird/0_real/18673.png,53433,80ccae97,7446832963,53409,8,3c6ebcbff7d1645fec08f69f7631e8aa6809a96595bdfdec26854d251e99f6ee
train,progan_train,bird,0_real,bird/0_real/18684.png,50526,a57e8b6c,7833260260,50501,8,4f0a20e9bceb273b76f6dff88c93f8989fba90f8a214535b0a307d7df79f0be9
train,progan_train,bird,0_real,bird/0_real/18796.png,117021,2b927322,8393429868,116800,8,f6a19207d0ad6d08f8cff01100b443b9e56765f8defa143581519d79c659bb3a
train,progan_train,bird,0_real,bird/0_real/18855.png,106542,edce12a6,8012654598,106506,8,11921c7f27315ecd82b5cede26ee0810f746d324e2fea8d9518059b9e34bd03c
train,progan_train,bird,0_real,bird/0_real/18980.png,134759,38e95c1d,7851685537,134614,8,7056c1a22cd09ec03669ffb0323439c64c7123b7d80aa20435b8b1b7cb155719
train,progan_train,bird,0_real,bird/0_real/19016.png,160598,70068caa,8693365334,160623,8,b63dcb7d7977d903c2fed656c021a9c325f1df23f0fe0334a131fc2111ec305c
train,progan_train,bird,0_real,bird/0_real/19077.png,135262,e8b75c93,8654773177,134572,8,f4729f4b4b250189f4611c4f1190be748d344e0ef7e00a035dee2fcd5c7d7e0a
train,progan_train,bird,0_real,bird/0_real/19214.png,101341,a305a962,7923297851,101270,8,950a002fd858afe7ebde8bf911a48a6312bf29effb5e03addd4ef68960905bed
train,progan_train,bird,0_real,bird/0_real/19743.png,106698,4e09d991,8078307869,106570,8,2cf26bbb448a22641f6f1e442d5ad3cc91a3def734933b459d5a83042baa06aa
train,progan_train,bird,0_real,bird/0_real/19950.png,121360,4c6fc368,8722862249,121281,8,5af6e220c5b3c2729413ea6774f0247706c2ca543adbce08cc62d1a83f8cbabe
train,progan_train,bird,0_real,bird/0_real/19965.png,103723,26f25137,7672056560,103743,8,67181f4ad00f9d89ce28542a9328c35f07db0ac99a3a6fd535ead6a5af411fa1
train,progan_train,bird,1_fake,bird/1_fake/00108.png,84509,83463953,10394947118,84421,8,6c9477a9c87125f2f45e6c1f835e558387003598e0bbcdd9e0abc0d23da1d457
train,progan_train,bird,1_fake,bird/1_fake/00250.png,124689,9a6a6afe,10504077410,124634,8,b676114843a18e2989ce17992ee997ca0977fc440fd5a2f01419dd8242a7555d
train,progan_train,bird,1_fake,bird/1_fake/00792.png,87339,c7701af9,10529594464,87207,8,7bbec6c83d0021145ba563212627fcbedd6701d003ed819a921c4c2eaad6f5cb
train,progan_train,bird,1_fake,bird/1_fake/00874.png,103181,9875a5fc,10646895231,103158,8,84aebe97870617736f5b10de273ee901e990e142b300075dce7fa2580d8b1703
train,progan_train,bird,1_fake,bird/1_fake/01503.png,113688,4b3aca85,9038444499,113663,8,1f6144217136a9d0e2c2f3d437c90409668a2f92abf8b8f682ae6b129d67e2d9
train,progan_train,bird,1_fake,bird/1_fake/01554.png,128814,6afe5087,9574554100,128786,8,8b69e9948b5b17186c46eff85fde1b73baf3593b80813259a8ce0a6e5b896f8d
train,progan_train,bird,1_fake,bird/1_fake/01632.png,128800,a3b669bf,9646355796,128325,8,da8fde3b40d504cfb72391fdb1b037b3096b323b8ded8fc90b176c608c66b45b
train,progan_train,bird,1_fake,bird/1_fake/02134.png,95922,91091ee0,10134798813,95745,8,5676fe067bfc32eac4419f13b6adbe8893103d2750edebc8d267d001c5740310
train,progan_train,bird,1_fake,bird/1_fake/02315.png,159338,33ba5828,10834449691,159253,8,cb3b29ea97316974abf68c1ca0675458632cd881aa1b98225e06909d350b1352
train,progan_train,bird,1_fake,bird/1_fake/02328.png,109225,8a111a0a,10174725355,109245,8,e3dcdcfadef4922830f2d06333a1d4e465cc39fbb3d7d5ea82f3c2b0c01f9e00
train,progan_train,bird,1_fake,bird/1_fake/02378.png,145817,a34b0128,10071166981,145599,8,5401b4f5b2a471b0acd06d60585cf783f652ddc5673ccb52334033d3d1a7e2d9
train,progan_train,bird,1_fake,bird/1_fake/02461.png,84381,4ed51728,10558177521,84396,8,e3353576d51f712e9a9196c4b144ea454534ce238e964dc925f5e90ab0d70d08
train,progan_train,bird,1_fake,bird/1_fake/02577.png,146026,325d14a3,9058466643,145645,8,9c75d61424d1c090961d65aee28e33dfb7c9280d4efa5f50f6ef7c562afd7f92
train,progan_train,bird,1_fake,bird/1_fake/02935.png,151455,0daf75e0,9388463127,151415,8,edafdc18178799e9bf3f3a17f671f03e50fc1d8903f2353bfff5e5442d9205bb
train,progan_train,bird,1_fake,bird/1_fake/03013.png,81547,67fafe77,9414228806,81556,8,2caab4a0c670d94ccbf1f18da40a755773ac5be287bee65f67d3f2d583d9e8ac
train,progan_train,bird,1_fake,bird/1_fake/03154.png,139240,33417fe1,10340941414,139122,8,85b8d387bd2d803281e8f2c43b02f6f495ee6e2526428a0276f5884453a39e76
train,progan_train,bird,1_fake,bird/1_fake/03345.png,86180,f859ff4e,9203239861,86195,8,96e4a2bd1a73f5aaa1e33eed53f80673bde93df9d75a8f801cc3895b914f11a5
train,progan_train,bird,1_fake,bird/1_fake/03660.png,98189,0a754735,10791564341,98204,8,76a9633704fc5924dd51e2dd0167e7c0153235ce7059d5336d5c9466ff69c711
train,progan_train,bird,1_fake,bird/1_fake/03823.png,72504,10d0cf45,10042655302,72519,8,98993441798e9fb57c182aa040a2e38a3887427119eda41b8fface317f89d9b1
train,progan_train,bird,1_fake,bird/1_fake/03925.png,121878,de5b6c52,9096669517,121815,8,08dcbce4f871bb21bfcd0179cb180d0f8b4eed31a552e2d6225a8e5f0500eeeb
train,progan_train,bird,1_fake,bird/1_fake/04291.png,101252,8b8b5d00,10623522705,101272,8,e357c288c15ec4571caf89bb4d79a162acacd87b24a2d107302ca0159f13804b
train,progan_train,bird,1_fake,bird/1_fake/04301.png,116717,ccbe601b,9704999925,116479,8,a688f2a024bfbafaf3362e1a759deecf71fdd2d598674b124976a1fcd7b8a0d9
train,progan_train,bird,1_fake,bird/1_fake/05609.png,77957,ca75ed3a,10128923129,77972,8,d91931442de8d5830a99d08f612557943c92212ccbb590f176621dac80d89ec2
train,progan_train,bird,1_fake,bird/1_fake/05744.png,105711,2db53286,9467811498,105731,8,7357f2bdc491f5a98fb24c7d7e6620850298a16cd6c73102eb8a2464ba41e1b5
train,progan_train,bird,1_fake,bird/1_fake/05822.png,69167,caf95e15,10344858264,69182,8,6e00f1f467c79d42309402e62cba9e0cc9db00cc551fb0d31a72c528bdfb9b84
train,progan_train,bird,1_fake,bird/1_fake/05923.png,63647,8d9daf18,9953434566,63657,8,f81bd10884020b7d52dddbd0ab419cf84670e95519f75c03de82ef92d55a5c7d
train,progan_train,bird,1_fake,bird/1_fake/06171.png,126657,df6c7cbb,10666843450,126467,8,d72182ba4b14564c8f3707aec20a19a79b044a8677c2657a72dcb431e624f641
train,progan_train,bird,1_fake,bird/1_fake/06355.png,39192,ddb3324c,9020952160,39177,8,8dc0be3a97c0e3eb7a66609fb2bf30e15f575bb9e830f7ebde061f68fc9bf0b9
train,progan_train,bird,1_fake,bird/1_fake/06549.png,105508,ba85d57f,10369070750,105429,8,38f8c47c42832a34c52e4d4e368708b65dd20445da9f664745363e5eeddf2cf5
train,progan_train,bird,1_fake,bird/1_fake/06867.png,101586,ca4e75ac,9102183781,101606,8,00e02bc239679a98c08eaee42b2e57bad78076d54f933a03c8331ba012da9e30
train,progan_train,bird,1_fake,bird/1_fake/07131.png,126504,39a065dc,10289061846,126083,8,2ee4a9cd18c3da476c8001b6b1774538e9d1997b8af5b1a8286d9f17826eb5aa
train,progan_train,bird,1_fake,bird/1_fake/07255.png,124003,e7b4d13f,9733428985,123990,8,e8aa8343f8fcb59ac5b6a2acf4d5ba502c8f1be6d829eb10cfeac3a94768023e
train,progan_train,bird,1_fake,bird/1_fake/07272.png,124810,df8c5fae,10482065756,124425,8,f263002f4c76c2801a76fd097fe1e00b3b7a7b67cf2f097de61ab978882d756c
train,progan_train,bird,1_fake,bird/1_fake/07538.png,150218,6032f00c,9605580067,150171,8,5b1a5e6481625b3be81f6e7c187405dd9634365fa9c0386e0db706125a59e7ff
train,progan_train,bird,1_fake,bird/1_fake/07610.png,67528,a5e40548,10282920871,67543,8,d4c5c56ab10a6a5c64e16b66bbc891bb882f7afb317b5fb94c2753beddbd2066
train,progan_train,bird,1_fake,bird/1_fake/07622.png,108873,7abc59b9,10604507167,108798,8,defac1cfe1efaf4508370c83d5552e57cae96d941500db5a9b61301c5f2f06ad
train,progan_train,bird,1_fake,bird/1_fake/07627.png,104561,28d6522f,10404334944,104581,8,71a4ebf20504740a8b3cca8b5b6bcf4f1e8e16232df8260071a6a44f654db277
train,progan_train,bird,1_fake,bird/1_fake/08261.png,93307,f537c976,10097229657,93289,8,cd97c874f19d3ee4ca985137dfaaa24117d411bf3f3238764b622226cc97a4f7
train,progan_train,bird,1_fake,bird/1_fake/08509.png,109046,cac930ff,10186311264,109066,8,001b83d3e59fa94cf53e8648d839fb792054f6ea46e7003ebeb88647e830c7b0
train,progan_train,bird,1_fake,bird/1_fake/08660.png,104090,e3d3c2d7,9667038598,103997,8,893f57ef026f5289b1df894c4fe39bda675cb3ebd49f8977841a0376b3946cd3
train,progan_train,bird,1_fake,bird/1_fake/09019.png,126934,c44a9df8,10283724505,126639,8,98a185874ae39350cf9592d8505134980226f22c9aef07354c41245728e9db29
train,progan_train,bird,1_fake,bird/1_fake/09033.png,110637,7942d87d,9542292955,110608,8,abdc5a20bc4a697b43b0b9d5c8c4b9d4dd9bf3514210b237a0a6cf5608f76f52
train,progan_train,bird,1_fake,bird/1_fake/09879.png,90425,9f9ceac4,9727686748,90440,8,07ff64b8894044e7bfbc5db3ea9f9c27a6a16d6f3520db675cf6d8c6f6e902cd
train,progan_train,bird,1_fake,bird/1_fake/09894.png,94814,a2922348,10093928846,94809,8,e59cfa4eb1f89079018daab944e9c6c9c2984545cacafde1d1b8a3d62febdbf2
train,progan_train,bird,1_fake,bird/1_fake/09907.png,86116,6da3439b,9761135944,85995,8,a2a36792db3bcfc6e3a7d94655102aa1a9beca523ceb5a68677c7ef4ebfd3a1e
train,progan_train,bird,1_fake,bird/1_fake/09912.png,103984,ca032411,10346679156,103969,8,d2524dab7f8afed3f0131de8fa8782a2c9c4e71123a6b39b6a9e7705cd3379a0
train,progan_train,bird,1_fake,bird/1_fake/09959.png,102421,e4c4ee50,8995500651,102441,8,d7e2d80b0d12800e4ff62f88d7d29b47cd0629ffc1b295e62c71186658559b7c
train,progan_train,bird,1_fake,bird/1_fake/09981.png,102370,3b79964d,9873954390,102353,8,f6476a6bb05bc9b08b813d586558acda418a79d388c809ce32b66bd1c5ea0f20
train,progan_train,bird,1_fake,bird/1_fake/10015.png,100483,d1751dea,9694826547,100503,8,258c42edcdfb41036ee3aeabe48af2641a4e5a4183f0806c65467fdc6aecfd52
train,progan_train,bird,1_fake,bird/1_fake/10161.png,131996,6abadf61,9716331992,132014,8,5ea5dfa116f7f2e1bf765f4f1b68010a3220655444db96b5f1088b0d2fc1b1af
train,progan_train,bird,1_fake,bird/1_fake/10232.png,114184,259d694b,10448817925,114074,8,65bc2981b36549bcc12acc002a360ba74e647db8da2e4d2ba6bd6ffc10d7f042
train,progan_train,bird,1_fake,bird/1_fake/10392.png,53058,818a9523,9710990631,53068,8,9835a72892249ab4711d628f3690b23e8cf0a421695d54f8eb217a76c5a3d829
train,progan_train,bird,1_fake,bird/1_fake/10610.png,88078,00cad33a,9331625466,88087,8,f8cfe2ce06458ded3ddd27b54a19bbbcb198f85cea0d105fc4a0936b642cf94b
train,progan_train,bird,1_fake,bird/1_fake/10787.png,111090,6a56f218,10412242813,110826,8,b7aaee1d568bb05fa8a2894d0edafacc319527f98974f13e6ada23c3b12b4e75
train,progan_train,bird,1_fake,bird/1_fake/10809.png,122017,c263696a,10685005243,121489,8,001410326582a8edd7d96c81a6c712e1a51e8f06c6797e6cd48de5586afedd7c
train,progan_train,bird,1_fake,bird/1_fake/11138.png,141344,7ba6453d,9898870990,141175,8,a4ba611e757476db1202348487daaa40426b037c1395cff28fa20ff8e606ea3a
train,progan_train,bird,1_fake,bird/1_fake/11152.png,82080,6ef0a270,9133878838,82095,8,b6a5ea004380aadf93c511c31cf56c033ccb25596358e8441bad7e384a29b82e
train,progan_train,bird,1_fake,bird/1_fake/11277.png,100529,cfb8e2e1,9982799172,100526,8,c672f88bedcfacd5560ef64d7b5fc01707dea104f3e3fbb392a897b43e1acbdd
train,progan_train,bird,1_fake,bird/1_fake/11925.png,56689,925b3506,9783897554,56699,8,31bf8ad1f145de6653ff91ced11255d8ba8f10863e87bc46d81d95d1cb40eca9
train,progan_train,bird,1_fake,bird/1_fake/11977.png,84559,6d2c4568,9666510424,84574,8,d457ebc280e42804a788a7f8687ad4b976baa1cb3f8f29349d4d2200c07b5aaa
train,progan_train,bird,1_fake,bird/1_fake/12043.png,111825,5acd7d58,9614487602,111836,8,90a3a35b32e301aa08172fdef9dde03c44c2e86765a1da34f67cc04a5a76a97e
train,progan_train,bird,1_fake,bird/1_fake/12119.png,117734,0f3b654f,10706672429,117577,8,1dbfdec72e8959c50b5de934c630d3311db791c648ea86df074767d101b4cf38
train,progan_train,bird,1_fake,bird/1_fake/12124.png,151479,67aac82e,10628373721,151268,8,73353f8621bfc6d4416fce71564de66f1573a5d800711fecbb32ffa24d0b80e2
train,progan_train,bird,1_fake,bird/1_fake/12259.png,65123,9464888a,9119709217,65123,8,15cca7f9c8ed2b6e6047cf03ec90edd6424ed8f10625140bfac661f00d71eacc
train,progan_train,bird,1_fake,bird/1_fake/12377.png,88067,9050fb42,9245877145,87927,8,15b1d9221e0fa11871f031e1c4140f1cd87d813c579fedf20fe07ba54625e22a
train,progan_train,bird,1_fake,bird/1_fake/12605.png,87468,d73768f9,9388897528,87406,8,7d07a31cdb6c8ea60a27f592c46252b322a2cd460212bcf3fccd609607a2c759
train,progan_train,bird,1_fake,bird/1_fake/12697.png,82319,bc043bef,10073095335,82334,8,90f1d4800631fa642d040f05be1e407090b821832ea3567ebf6482c6f97f5df8
train,progan_train,bird,1_fake,bird/1_fake/12844.png,145597,fec70ef4,10262647177,145541,8,8ee623eefeaf025e1943dfed0baf9b8211f250c59b33b48de88efd5e686d7d56
train,progan_train,bird,1_fake,bird/1_fake/13092.png,134999,1ea9106d,10670672333,134983,8,a9abb53621568e309eaada227de4c4aeae25f50024b74f563532c7058a4452de
train,progan_train,bird,1_fake,bird/1_fake/13257.png,82703,cdb038e5,9423463318,82718,8,28c0cedc0f4e5b179a1d6e810679d3990e7d3528605b1888e1fd4392025c3e5e
train,progan_train,bird,1_fake,bird/1_fake/13305.png,165961,092be8fb,10821086869,165991,8,dbacab3ff61704c49bd96cb0b5c12049a157ed5b08fe77bf97b25efaee9389fd
train,progan_train,bird,1_fake,bird/1_fake/13375.png,43880,0fd859fd,10636736117,43890,8,514cf788a3347718f214503bb4f2a1e1384012bdf3abd336611953c397614360
train,progan_train,bird,1_fake,bird/1_fake/13411.png,124922,3b5b7e90,10602340112,124895,8,97b1bd55b474d2f4c21ee18adc18a319512051ef4862e74fcd4dbb7d211ed8b9
train,progan_train,bird,1_fake,bird/1_fake/13630.png,165971,dc19967d,10068263813,165947,8,9d5d9e8209c154fbf296bb58bd1e5d422951fa702782fb21cb9fa41505f967c8
train,progan_train,bird,1_fake,bird/1_fake/13881.png,95296,48dbedfb,9812575513,95264,8,ccf9554735a09af1f5dc042e765c1bede6025b0d442f31d303ed1a1da43e75ae
train,progan_train,bird,1_fake,bird/1_fake/14107.png,89512,8e477f30,9092039440,89433,8,b9aaaa13a6e4b754dcd889fdae29c8c9ea8d395ee6c3eb1d8c110cdd581008fb
train,progan_train,bird,1_fake,bird/1_fake/14191.png,124316,8dcfc014,10800744016,124273,8,7ea448e578d25c0fe17cc2f3eb8cbd711b21add374fcd488fd48b5a27e7e86f8
train,progan_train,bird,1_fake,bird/1_fake/14231.png,84873,4e28b489,9786427740,84888,8,57f13129aa72a70bbfce9f7e5b9a01ac460f812d3da39bd1e6e3392f8f8107cd
train,progan_train,bird,1_fake,bird/1_fake/14310.png,156162,7e830632,10114239965,156187,8,62d055d478144d124572a606f781338fc3a281b0b8b0b185e9167bf319242695
train,progan_train,bird,1_fake,bird/1_fake/14778.png,100383,72eb9d36,9140844130,100282,8,8cd238aaae8eead59ae3ff191d3d2b6bddd5babcf9c993743a876890ac1033ec
train,progan_train,bird,1_fake,bird/1_fake/14956.png,86107,b23b0e1b,9801687880,85967,8,94c0bbf4037550fed9da4fd32639257913f1857190fb654a79357621519511f8
train,progan_train,bird,1_fake,bird/1_fake/14983.png,69882,e78d8078,10450497427,69897,8,8606246e21667d9204da6fe4f4ce6d1dbcd9d11eac04a3618c3f2ab9e2e85125
train,progan_train,bird,1_fake,bird/1_fake/15082.png,141665,3481baf0,10681354688,141612,8,ca7184fea1a9feb005e13260c3084aced9e125c421adcaf401d12e09b8116b19
train,progan_train,bird,1_fake,bird/1_fake/15111.png,146640,87968056,10366099403,146326,8,44297637af39eb754be194369cae91bb88777eee82d73d56a76da05337dab0d0
train,progan_train,bird,1_fake,bird/1_fake/15489.png,127734,3606048c,10731236725,127514,8,5ea69ce4cea32d301db740c949e156d8795fb2e86b0558891e13377067ec6062
train,progan_train,bird,1_fake,bird/1_fake/15634.png,137558,db7eb1f0,9767271521,137545,8,ad68086cd2817a9b3ba6adfd822184071dcf45d1080e8cf08c8db12e60f55573
train,progan_train,bird,1_fake,bird/1_fake/15742.png,61352,1178b904,10149766432,61362,8,ab0c3c036afe57850870cd4f05c53a9b4a18f209024e7fdc2d0b01506ddb1c24
train,progan_train,bird,1_fake,bird/1_fake/15855.png,137189,efaf2d8f,9496505699,137210,8,99ba8a259cbfc28f541cdb4b16f40fc01474f7a6441998fc855921d88fc4dc7e
train,progan_train,bird,1_fake,bird/1_fake/16887.png,85407,98d2cfd2,10030871337,85422,8,8686c39c6c5424b92b89e7a6ffd85397f8ef0504132d5bb2756a2e3ee079ee6d
train,progan_train,bird,1_fake,bird/1_fake/17096.png,86463,ca779eb9,10388487214,86441,8,03872f377ab01578031ee1c8114b28831abd9755dfed4f6364507f41c38df189
train,progan_train,bird,1_fake,bird/1_fake/17140.png,153090,3ac322cd,10717961444,153003,8,90aaa9e8332b47cbb630d278628d73feeb7081c1c6f096c900fe7e2b3999bc46
train,progan_train,bird,1_fake,bird/1_fake/17698.png,110268,9eb41c98,9068562827,110254,8,f194c8e541eff4aede5e128ef15c076c0671e3bec6574a6dea2e910ef16440e3
train,progan_train,bird,1_fake,bird/1_fake/17796.png,118610,770e03de,9285911027,118622,8,41e027f535dbd8fcd757f59052017a005e0644bdc6270ed1784dd1d91fd760c1
train,progan_train,bird,1_fake,bird/1_fake/18150.png,113137,b7aeab09,9344594413,113049,8,feb428795521ec3d0e718991529fb0737bea6cfa92a16cd2e455d40e2dd564eb
train,progan_train,bird,1_fake,bird/1_fake/18522.png,101242,63ff4e86,9584236699,101242,8,9ae510a51a6256c47f9f4465518bc1da7a73a6859b4cfcef6a8b2eb342ba099e
train,progan_train,bird,1_fake,bird/1_fake/18893.png,93534,0ae821ff,10263386960,93549,8,3f7c1f9c4fb521a1523bab3871b43feb72c7e054d0bdd64a36d949f7755e559a
train,progan_train,bird,1_fake,bird/1_fake/19065.png,116078,a5fc4cbd,9609092928,115990,8,8f56eb77ab0bb5b6f62052cd71437bd307bdd994dedad011170cf10d0875ec4f
train,progan_train,bird,1_fake,bird/1_fake/19097.png,87284,a1737b49,9944095195,87299,8,a5ec046c10c5402e045ffe7f89ba2791c57e5a6bb390552c2775bcd7d3bd8c92
train,progan_train,bird,1_fake,bird/1_fake/19622.png,100792,a1382abd,10092186125,100651,8,620313cd421675d749116038e42647a72d165c11ceeff95791ccb872678c046d
train,progan_train,bird,1_fake,bird/1_fake/19881.png,100767,0360a207,10181243338,100652,8,7591d6ec2a1ede729f8d80de0cad14ea17137d78211647f2c649d1b5c1118b82
train,progan_train,boat,0_real,boat/0_real/00147.png,101185,1a429cd2,11917364695,101097,8,3449c2253f41a7add2727b9da916f2dfa7f348d60c4f6f72397e94d2d5930897
train,progan_train,boat,0_real,boat/0_real/00373.png,107647,0b58b56b,11471942776,107514,8,663b9af73677f3893f0a4c872d4691dd7cdf1ebc1fd901b42066e81bf8733887
train,progan_train,boat,0_real,boat/0_real/00412.png,112611,6e289b1b,10897677619,112537,8,5ee096998e33fdcde156a08155694b7d93db869c6613b108712a4ef30933918e
train,progan_train,boat,0_real,boat/0_real/00505.png,104210,27e9a19b,11789452245,104121,8,02f8ff4e60f3ead9a31e4987a623528dc174096be4873ac6db8dfefa1127d3ea
train,progan_train,boat,0_real,boat/0_real/00597.png,53916,9f913f0d,11556871019,53691,8,b0fd4d284649f8027817fb256b99f7abbb2cb9cf1e43810d53521118d2ed4d55
train,progan_train,boat,0_real,boat/0_real/00930.png,102510,71cf1e1f,10949618566,101845,8,edb41a761390a9c08f50d0d44227e7ab6caaa8fa8f31e4decf8d3c07a4347ace
train,progan_train,boat,0_real,boat/0_real/01168.png,72496,96051fdb,11070602096,71571,8,c1390a3d97bf149c80469b66ae894531e16521ef173fb92967d0841185ddc287
train,progan_train,boat,0_real,boat/0_real/01242.png,114755,10f554b5,11042282796,114430,8,2ec0ed8663d17a5155d7e27edb7fe66fd161e11ea936759f32b6f51dd9a0d5ef
train,progan_train,boat,0_real,boat/0_real/01262.png,93339,360c43bb,11888691767,93176,8,1284252063933d7001ba0f8cb1912b01c987b0e3e7c9f07f44d6f84127f46b5a
train,progan_train,boat,0_real,boat/0_real/01667.png,62587,32754208,11078090412,62587,8,bc1c246e2b57527667412066a28ceaf5825b0f0b1d000d9737a6c08e5ec3ae5c
train,progan_train,boat,0_real,boat/0_real/01959.png,70917,b0bb8a9b,11499739330,70900,8,2e98885a87e021141b44053c87d690989c6c2c67e337cec6a055c8bd66b7b251
train,progan_train,boat,0_real,boat/0_real/02111.png,113001,5d32f80f,10932485702,112946,8,2bdedb8a4306a77dfdb95ca99820742efd80b87586ded9bdca1491cb333d8b21
train,progan_train,boat,0_real,boat/0_real/02133.png,84578,ccdfcd18,12006383552,84549,8,280a30be953bdd967940435956d41a10c254dd24745b84bbd7db1a1751509e8b
train,progan_train,boat,0_real,boat/0_real/02573.png,116257,95ac9ad9,12706529605,116119,8,9d4638454aada8904617845854f4a5b4d1f34db733b357cbe0eeefd630269599
train,progan_train,boat,0_real,boat/0_real/02590.png,89142,139001ce,12065686386,89137,8,312470fb8c77bd6823340f1ec5a91274fb5460611051559d700b3dae5da41887
train,progan_train,boat,0_real,boat/0_real/02808.png,91945,c2a19c74,12436988113,91853,8,623c20bb0e79b5e83a85225770d7c4039c4c1da3f7b91a178a71f3ce874b9aa1
train,progan_train,boat,0_real,boat/0_real/02941.png,82109,fbe29916,11816164411,82093,8,a9abaa7f7f0504106975a749ffae8cb0312478b486418c9dc9cc2fe5937fd8ac
train,progan_train,boat,0_real,boat/0_real/03248.png,67525,02c4aaf0,12294506847,67540,8,6c7f1a9ce80a7cb4b6205b5c6c9bd2a81eec5804240ba0cee0f435874b42d1e3
train,progan_train,boat,0_real,boat/0_real/03297.png,91474,48e02f7d,11995557709,91489,8,eb58a40aed4a92a92816b6af7b000cd0c86057c43aba2e8a6065d7c465d19e5d
train,progan_train,boat,0_real,boat/0_real/03500.png,88520,1a66480b,12413964631,88465,8,bffc96ba37d97999f8fb5f33dfc6a03c8dc7ead0429c353879f1244a7dc5f1ac
train,progan_train,boat,0_real,boat/0_real/03697.png,105626,63454786,11494353985,105445,8,b8280f457ca86133baeeaa71c81b4471c830f796ab1e6fa50479b8b0b045e71a
train,progan_train,boat,0_real,boat/0_real/03756.png,101418,8d219cc6,11774661717,101288,8,d6abf93187a4306e1c7946367859700e053c8f6a2d083a983c4f951eec07855a
train,progan_train,boat,0_real,boat/0_real/04273.png,103582,5b10c8e7,12504459881,103506,8,1f258a0c11af3f00af4e9bc909ef72b653012afba92d5c4bf8b1a60d96311089
train,progan_train,boat,0_real,boat/0_real/04923.png,91173,f1e8d34f,11230184962,91175,8,a1039446e6c8fe8fdec505cc6d6b16671ad45a80e59cb687526b933d205d2c02
train,progan_train,boat,0_real,boat/0_real/04985.png,91797,5e21a5aa,11038099024,91696,8,c34d80f5e45dc7795556376994aecbe8bb8b3c74d1a79f607755b81efd6ba12d
train,progan_train,boat,0_real,boat/0_real/05413.png,134615,d133698c,11216238586,134284,8,04c10b5221bda65ce2487ce5f18e853638100d16dfc8bc34fc635478ad16c41d
train,progan_train,boat,0_real,boat/0_real/05459.png,74774,ccca55ca,11740226139,74525,8,d2c8039638d2932e779c62e4fbe540f0d8d10dd69c19a023d733665eeb108dec
train,progan_train,boat,0_real,boat/0_real/05498.png,128311,352e5842,12531933674,128110,8,2e49385007ddab21c49e57b6e3be50b0fa59b4d0ad1f5b76617955a44b980a99
train,progan_train,boat,0_real,boat/0_real/05978.png,103162,65ab2b47,12628099061,102996,8,f63feb7769c98d3784bf48589fa43df396f148fc5fe1a377d5e42386e5a13f14
train,progan_train,boat,0_real,boat/0_real/06299.png,120613,b6cceafd,11563710562,120154,8,7ea365a1a4f96e5dfcda361c63ee8caa15285480bf9a6e0566383782bbe1a7c3
train,progan_train,boat,0_real,boat/0_real/06446.png,167449,6c4d4e45,11172241446,167176,8,7d054dafdb3121ba1f264ba3ee8829a412c7593ecc59694e85144644a8f88b2d
train,progan_train,boat,0_real,boat/0_real/06577.png,97334,5a0c30d7,11124429653,97214,8,a925a43eab7bbf467df156b0bd32de02596b34c291e8bb9610e72557eedaea19
train,progan_train,boat,0_real,boat/0_real/06737.png,89719,36dc91f8,12063209521,89668,8,4beea1fc487b4356ac22b06433f352888bbcfb1ce1fa442ddfd1275944fb0500
train,progan_train,boat,0_real,boat/0_real/06758.png,82934,db7c8ed9,12052116985,82472,8,c2cc387cf6009b4cce116ae9fd6a04636b7d692fd47fb0f363768831156f54e1
train,progan_train,boat,0_real,boat/0_real/06861.png,134454,a7897436,11760129603,133919,8,1f89708b810988d791b54fa641cec7e50716f9b540a3837e6d9c8bc53d4b7b34
train,progan_train,boat,0_real,boat/0_real/06983.png,114666,b9a8852f,11509318098,114659,8,4653b32a64201092784a586fedb09e5d09bb130f000aa71a144ff8be2942560b
train,progan_train,boat,0_real,boat/0_real/07142.png,82411,45158a6d,11637733555,82182,8,9bdae6c9e2ea6f8b335c2822a06bf1f55523377cba3b646cb9460f49ac47e1e0
train,progan_train,boat,0_real,boat/0_real/07321.png,117729,b8a6d797,12587568832,117368,8,a2875514db2adacae8df567ed6e59c5707bcbfa1b74e22b643d7a07ba33ed86c
train,progan_train,boat,0_real,boat/0_real/07476.png,135883,113e19a4,11467757576,135312,8,2332b4e0f915af4604c136f23b439e8a74fd50ebb1f7403a04a31846dc7e1849
train,progan_train,boat,0_real,boat/0_real/07479.png,104538,c8cbf704,11213834419,104403,8,09de624de1ecad9bac9f2224aba0b34552196de4ee43f1deafb2d1abbdd5ca01
train,progan_train,boat,0_real,boat/0_real/07658.png,99212,d41b1163,11286034073,99182,8,fde145131b3e4f1c1f595a319c548d60ab75baf5e294836f97e96f8bcc833cd4
train,progan_train,boat,0_real,boat/0_real/07743.png,75087,b140f139,12279986424,75096,8,1b71a5e136939844a19add236f645b116a075939bf859c340aaae42976c3b91d
train,progan_train,boat,0_real,boat/0_real/08029.png,135236,7e5d4de1,12646858368,134200,8,2c6d1706037323d60481cc367abad6161e54e55c64bc72074ae623e3026bd275
train,progan_train,boat,0_real,boat/0_real/08034.png,102324,c484c053,11955446591,102260,8,c742dc1dfa34637458a95c3aa35849f4facb9427f8682c98f37b45f1d103729b
train,progan_train,boat,0_real,boat/0_real/08121.png,139256,62d3ed7c,11349278317,139271,8,677aa801f2da3aaa69c10d287060505092f862dbac8b797a6c9e0dfe43cc5187
train,progan_train,boat,0_real,boat/0_real/08232.png,100365,8bd7fcea,11764895818,100372,8,2c3de981544ea5271aaaddcf33f9cbd2f015a4f8007f1f39123692a801d8f135
train,progan_train,boat,0_real,boat/0_real/08304.png,115833,842a81e9,12347838575,115701,8,6710e19a28d93181da43affffe027e10371b694bc8aad487f65cded9006cd496
train,progan_train,boat,0_real,boat/0_real/08329.png,85672,56971dde,12435423083,85523,8,9b28e2ebd7092cefc5cf1e3ee8ec32a12910235d3f4d92f70933dccf78c00245
train,progan_train,boat,0_real,boat/0_real/08659.png,137812,16b21262,12496943435,137105,8,a6468db7decd0702f1d286e0da9ac7fd33fad21a999bb8d5b748a16dd9159e25
train,progan_train,boat,0_real,boat/0_real/08796.png,94964,52da11fc,11048298146,94682,8,f2f394448b19bd1d7eb5e46068a8fdf6eca5da60f876ed4fa56752a0159e5fc8
train,progan_train,boat,0_real,boat/0_real/08820.png,119572,6839047f,11501136280,119407,8,2dc18b094d05dc736512ff9ff4a971ce956735b084b5c9bc13611353b70a0522
train,progan_train,boat,0_real,boat/0_real/08850.png,75753,e58dbdf1,10897013695,75682,8,59c411cab946b8375c8f1392fdce387b5c41509e9b56422a016c6a1abaeb8b8e
train,progan_train,boat,0_real,boat/0_real/08858.png,132988,b23db5c8,12639727920,132605,8,112d0b3f341c9e9ec1c6da177e6dda666b5e245be8a02adab1504fb07be4944f
train,progan_train,boat,0_real,boat/0_real/09408.png,65376,5541ceeb,11709501143,65386,8,563e9b0123d319da690e2c920d559fe7dc4ad0f71af65a833f1990a28c493214
train,progan_train,boat,0_real,boat/0_real/09536.png,88201,26c9ff7f,11512770734,88086,8,0cd3247ca2ed738c439a27a47c5a458275724e807655aceb19dd41d071599a18
train,progan_train,boat,0_real,boat/0_real/09881.png,109959,7c074b20,10964333040,109797,8,765abb331d480b8479dbf0956a47019dc6eeef2e73ccde4f92fd89bd69ce3c6e
train,progan_train,boat,0_real,boat/0_real/09892.png,81478,fbeb7861,11279615037,81337,8,d454b97f002626500553fd06b104b4bbe6ca47c97a6caf18047d3dc54ada5b2b
train,progan_train,boat,0_real,boat/0_real/10372.png,113274,5bebae1e,11986485902,113108,8,095c0415fb5fa0f35209078215092b59b923ae2c9e51a4e2b30600cba4d0afc5
train,progan_train,boat,0_real,boat/0_real/11014.png,43721,63af8239,11577772962,43512,8,000239f23b777ee360f505a45908f1ede30982478316978aac209d9d744f1c25
train,progan_train,boat,0_real,boat/0_real/11093.png,91900,0736c2e5,11656588588,91821,8,d8a36f7f5eb536b3d5547459ea9927f2e3d7f62d46e38d7a6c14756e36b6bef9
train,progan_train,boat,0_real,boat/0_real/11180.png,162769,f2b566d1,11162105552,161916,8,3ef64c9da78dc8b1563ce302f391d2d76dba8b55139d3860b419e64c3bcb1cf9
train,progan_train,boat,0_real,boat/0_real/11397.png,116342,33e32ad1,12669879029,115352,8,ea107c4b37ddcec9ca652c246fe6b66dc417c94460ed1440ca5b5785256bef73
train,progan_train,boat,0_real,boat/0_real/11435.png,87184,417a8f9e,11732121198,87114,8,9e0d9d8281c5de07f9a22c1ce31be6cf2ce408f854dd2eb5e3047cece9e9132e
train,progan_train,boat,0_real,boat/0_real/11673.png,81933,4ed872f0,11372027091,81703,8,0ec9455f19127fc65ac2919855f58fff84f094a344fd677503fa5f3635ffaf65
train,progan_train,boat,0_real,boat/0_real/11775.png,95598,6bc205a9,10953576923,95554,8,8e7beed68fa293910ae9d81668aa22156e629b10cb62247bf59ccb96a112340a
train,progan_train,boat,0_real,boat/0_real/11847.png,57745,f2cb4a73,11990237637,57627,8,59828109262e8e1bfdacccacd4122b9b85fe850fcbc01796132aa18a9be7bd8c
train,progan_train,boat,0_real,boat/0_real/12223.png,113798,4e07375b,11639819785,113818,8,7f5b2e6a3705ef50e3467cd6aaa1dfbf2ce12a03de6bfd51df7d31af7dd4ea86
train,progan_train,boat,0_real,boat/0_real/12273.png,101034,3ea3ecf3,12077028465,100996,8,371f5b02d92f64ee3217d83202a9d74a919501ff8e321be0db1c11137a2ff772
train,progan_train,boat,0_real,boat/0_real/12339.png,104332,03faae0c,11259362349,103840,8,b5af9af3adf0230f60b432a2fb50de80d0eea6e657309535f25048f91cd5a1ce
train,progan_train,boat,0_real,boat/0_real/12443.png,74957,f8cb0254,11307425539,74904,8,560ecffa16835e4df2d4a6387fea18482a51ad36029440acbb36a2625663d8b5
train,progan_train,boat,0_real,boat/0_real/12732.png,116857,4dd24ac9,11190958153,116692,8,81234c14d744030ae54c3d48650abfec01ad5a81e692628a4831d5c7b53c3a0a
train,progan_train,boat,0_real,boat/0_real/12794.png,117836,a2eab9c9,11681253848,117753,8,5e5c01dd64a1b8b3692f4c369b4a1cec783d19559b3c53b66bcd06a2afb0d27b
train,progan_train,boat,0_real,boat/0_real/13334.png,51260,9698fdf5,11567012773,51173,8,9e4b731f84e4a487b3f4bb99d05b6bff0c5da41a0f7fc1841bffe0c28af807fa
train,progan_train,boat,0_real,boat/0_real/13451.png,131878,a0658e15,12696833154,131794,8,86020a1a709bb2df264ca3b095e6ecf4c9be6fa616c7ad75ba7fc79ab72ce62d
train,progan_train,boat,0_real,boat/0_real/13505.png,68919,c217c273,12089703306,68930,8,f973db2908a6f2bb92387f8ef876bebe6d733ad784f3e671d42ca228a3c60e02
train,progan_train,boat,0_real,boat/0_real/13881.png,89945,eef5d51d,11684400528,89871,8,cd77a8ad21a4c653b2ee2830dde0d91039a370b3da39dd42dc7e05c975b75690
train,progan_train,boat,0_real,boat/0_real/13997.png,62074,77babe61,11894216671,61999,8,e09f15bbee06793ea12116e7e0ab4f5b168e056a195193e901d39944a3031e83
train,progan_train,boat,0_real,boat/0_real/14223.png,168204,b2a607aa,12018542077,168118,8,59b329a03078730a68e12f102ceb7f76095b1394d7c889128a66848a35befe3a
train,progan_train,boat,0_real,boat/0_real/14867.png,123767,22ef5fa2,11574086580,123693,8,3b8693edd4ec1677f63b0d9f88159f55c40fcfd8a2b6927f8f1f8889efb7e611
train,progan_train,boat,0_real,boat/0_real/14896.png,122524,93ca2834,12527496594,121890,8,87553ab91a1335edb29190946415dd1739944e254023e526bb44af79b11d9b4e
train,progan_train,boat,0_real,boat/0_real/15659.png,77050,5ba8cbbd,12334769266,77005,8,3e97542f207b8b7fa05169b530d2de8d59b556a68e37ee93658e865551ef946f
train,progan_train,boat,0_real,boat/0_real/16223.png,57817,c751429a,12542970689,57821,8,1310e095b33bb66148b461e70be94113a8c9996b7970d73336a362e15b37b605
train,progan_train,boat,0_real,boat/0_real/16326.png,81872,73fc088c,11382992492,81607,8,71cd8e2978460f2f752bf6d0512be921d62f9e350dbd150194a7ec409488b52b
train,progan_train,boat,0_real,boat/0_real/16583.png,117097,97bf2996,12664804648,116615,8,224d428e7ca2e71d6e1410fa071db272dcb88e329ccc35eba9b0e3f38d8650ab
train,progan_train,boat,0_real,boat/0_real/16597.png,97030,b669d6ae,12126353613,97002,8,edf1209753f672e255445b1bba45a7a59db3e6a2b5beab73a0a5a5ee55c37aa0
train,progan_train,boat,0_real,boat/0_real/16974.png,103624,abc9d5bc,12631690718,103638,8,c3259fac8a2e49b7e5ffb8e81d9529548cc97bf7806b636e7eca0afaf99aa10e
train,progan_train,boat,0_real,boat/0_real/17414.png,135191,019bb5ec,12243031363,134773,8,71f1441cf2dbcf772cebd550e5bde3cf7a41c6c6beee73530c14543bf79c5a61
train,progan_train,boat,0_real,boat/0_real/17435.png,140518,cd328e1c,11149104910,140543,8,3dfc414f781b83b78ec1f32b8e6ab2bda1c20ef75cdbff03191dfda038e218a2
train,progan_train,boat,0_real,boat/0_real/17730.png,127025,d1c5b777,12162157008,126716,8,b2947507b18a77c074c15b70203d174db1b222718bd3e5f6aee3f9b2fa82afff
train,progan_train,boat,0_real,boat/0_real/17836.png,111779,2c219882,11221488536,111797,8,1b978f3b2945c58a26f23ec668fd247329c52da60a489aa4b9e5b17a58db8728
train,progan_train,boat,0_real,boat/0_real/18012.png,96717,304254f1,11507588709,96581,8,cc4c357b18c226e2a4803ab45120e5140a9d78da2a07e19adda9fe0e78401a1d
train,progan_train,boat,0_real,boat/0_real/18034.png,89527,42826875,11131869292,89514,8,684839af9e3ecf70d76af13926a9e4c83717cd1c7cd40cd331bfaa903c4ee3aa
train,progan_train,boat,0_real,boat/0_real/18248.png,119846,072b08fa,11310561033,119668,8,d34c3f5532766a639d65996ca965a9c3f5b35f3f45ca200ba5108678f70e6860
train,progan_train,boat,0_real,boat/0_real/18402.png,120808,d7e56689,11818653483,120626,8,ed9f179f8838cd11f132373f6ee290384a0aecfaabaa948871e06eaf4770f690
train,progan_train,boat,0_real,boat/0_real/19193.png,135381,35c3fbc4,11158241245,134776,8,ac6e69dbf0338c4e5b114fd050170e4ff4aa0b5e761e6152e372fe9d9b9dbd38
train,progan_train,boat,0_real,boat/0_real/19484.png,106994,8e57c9f5,12404749779,106728,8,4c49d7f9d168c395b4ad04a85f884c5b59b6fad4575f13337f7b5c2f1b584dd3
train,progan_train,boat,0_real,boat/0_real/19660.png,106549,d65fce7f,11806410256,106569,8,46d71f21ee423591f561b93f12a3ce1083228e38b0d91d03dbff27d663fdf543
train,progan_train,boat,0_real,boat/0_real/19725.png,75814,71453b1e,12295707947,75447,8,d5e6e9e20365a74ff4dc84392a908e5c02fa2d5b36c31cee6035f07c755b8940
train,progan_train,boat,0_real,boat/0_real/19979.png,102282,0a5d774d,10992904327,101809,8,4d9cc233c5e86a725fc7375008b5650eab4042ca3234fb1018eaa24724ebb0b7
train,progan_train,boat,0_real,boat/0_real/19989.png,122990,0431f3b8,11747013716,122789,8,204de6f3f0441ff4db96ba0049f7a041f1eb4915a520e27829e6a900ab3ecf11
train,progan_train,boat,1_fake,boat/1_fake/00255.png,97263,0dd7f0b6,13786615906,97069,8,7060df10035ba7a7ebb0c83d4c297143b1c62de32e42d48e04362f75d5820880
train,progan_train,boat,1_fake,boat/1_fake/00330.png,95453,e2aa7061,14520453370,95437,8,8ccf8528620df05f3dc213944bf118bf4901248726fc9877d6c7fea02a09d03c
train,progan_train,boat,1_fake,boat/1_fake/00351.png,151688,3795234a,13819635097,151701,8,6c38ffe85ccd193c166c8288c4374c18711c4b182569a883fbddde5e31c2e57d
train,progan_train,boat,1_fake,boat/1_fake/00376.png,103261,9f87543e,12822797426,103270,8,cafd7d0e7c61c4c04fe04c5d64ffc955a1ffce24ab07ff06c75f089073c0c2f7
train,progan_train,boat,1_fake,boat/1_fake/00665.png,102203,abbaa822,12840395065,102012,8,92da71754c6717bb3d08696a3ee9fe072ac1b4be162113bf6356c3c12de61f4e
train,progan_train,boat,1_fake,boat/1_fake/01188.png,139280,982cb98c,14410918404,138778,8,7b31dc7e336aad527ed3b6d0d7e6caa40326d96b9f33e4f8ad3c073ff19b2ea3
train,progan_train,boat,1_fake,boat/1_fake/01203.png,65114,36f44581,12764433931,65068,8,68e916c728472ba097d8e95ca3711a1100bcac5477c87ee74d1f8e3a2639ebf7
train,progan_train,boat,1_fake,boat/1_fake/02350.png,106731,ae949d8b,14352086789,106614,8,ab2a2e89f87c7a2ee15e263be42696e5af9d5c256bff8929d916696e0539d7c3
train,progan_train,boat,1_fake,boat/1_fake/03307.png,105124,f2265d88,14079898243,104983,8,5d0d3c202300e0f818c5508420e8759698a912decb367c7cfd098a8095f3c71a
train,progan_train,boat,1_fake,boat/1_fake/03741.png,111435,5faff752,13592355139,111400,8,b667a7c55c47284521c37c48a53ce4079d37137f5ef96959a2b3d4538ee26b53
train,progan_train,boat,1_fake,boat/1_fake/03744.png,117925,abf14004,13752155072,117551,8,1532f0b33c187926fea7ac5a010c74928ecf115c7a8b78c63ee8d608e697bc83
train,progan_train,boat,1_fake,boat/1_fake/03907.png,81885,37a60c4a,14587579801,81896,8,d241f4e347003b85939c29c6a0af1c5d58c9643c49f0bdefe01bc58048e10732
train,progan_train,boat,1_fake,boat/1_fake/04210.png,96776,ae1f8abf,14590132526,96736,8,8ab329e3e4a626885073e7b9e72e815482ad0d6025eebdd4d791364ce560fad2
train,progan_train,boat,1_fake,boat/1_fake/04392.png,92358,449aed1b,13062749778,92175,8,981f6cd5a02078043151fe1c1bf4ce3c5d6a1d78b94e0c41a5ccece67803aa90
train,progan_train,boat,1_fake,boat/1_fake/04459.png,124290,912da1d7,12714148516,124146,8,e4e6ab162c20f69e9a2849308cc5022a254a91fae3b464400533d7f6e023373b
train,progan_train,boat,1_fake,boat/1_fake/04465.png,84743,abea0e4a,13054800564,84733,8,1521b6a0353d4ed650f520be1eadde6febc2b757ef422b53f5e881252f9a2238
train,progan_train,boat,1_fake,boat/1_fake/04737.png,116797,4dec96e4,13811555732,116596,8,d60bee5cd807e87ff169a4360927aa60f95b854215fb7346eabd8743153e3a35
train,progan_train,boat,1_fake,boat/1_fake/04879.png,112030,8c735462,13402538318,111701,8,c89191886df50ed7a272b7e95d5ec79c8698059fe6a6128a37e2e872834c92f6
train,progan_train,boat,1_fake,boat/1_fake/04971.png,102679,50fa924c,14617149201,102594,8,71860effcce49a5ec2d26dbc79aa441ef0ae3906f24e234b1b31b75edd291233
train,progan_train,boat,1_fake,boat/1_fake/04984.png,103990,1ca4ca74,13849344216,103975,8,89b91888a69bf1dc413fae8465059e9a4f675481e75744d3fd00e9b228e67abf
train,progan_train,boat,1_fake,boat/1_fake/05062.png,121719,48a3e191,14303004024,121604,8,6d5b835869d12ef1b3c1c2e26947c941c4110b0450cb2054d06c9591b9bd7fbb
train,progan_train,boat,1_fake,boat/1_fake/05077.png,98517,a8bae2b4,14004344681,98404,8,861fa29c2d05e81e494c8f142a78da409e24a85b287c9160ce3dadc7ab6bf428
train,progan_train,boat,1_fake,boat/1_fake/05130.png,123003,fda07acd,13408003857,122953,8,884704f3f8c7324ace4a0b8aad3fc1660024b027a96feec879ee454d988b3095
train,progan_train,boat,1_fake,boat/1_fake/05213.png,125889,0f1cfbf5,14411057261,125775,8,ae6edb667ebddbe683ccb8eee94cbc58876d2f0d44598c4e6a966140d640a89c
train,progan_train,boat,1_fake,boat/1_fake/05400.png,88781,fb6d5175,14565273883,88712,8,a45c271174033dfb92432037fab9dd0c4b709b832f540c13ee2d0ccf6fa5c53b
train,progan_train,boat,1_fake,boat/1_fake/05458.png,109063,dae5c839,14200797770,108201,8,246bc009730603b26727b1edf48606f39879b9377afa5469538a91c37fecb11d
train,progan_train,boat,1_fake,boat/1_fake/06027.png,121523,367f8637,13938453295,121246,8,592315d264bdfe2bd59c01ce45705781ab6b97cf10e4fc822b32e19669e28312
train,progan_train,boat,1_fake,boat/1_fake/06680.png,115789,203cd0da,14392434006,115331,8,c087d644af20b90a2f86f5b365f4a3511a99f87ebe169194386133ac486bb14e
train,progan_train,boat,1_fake,boat/1_fake/06848.png,100627,f463547c,12994819300,100563,8,6c51f5b4f334d10e8482be2672d0f64133d943ee5703110207b3e1e436175bb1
train,progan_train,boat,1_fake,boat/1_fake/06857.png,53820,2b58be25,14613855152,53815,8,f53c59c3587f67052c046dacbe4ee71bdbd34d4cca10ceb2f5ad0e84516ffd78
train,progan_train,boat,1_fake,boat/1_fake/07274.png,91734,57732db5,14439038724,91673,8,ef98821fa84d2304c97cc134a02d8b87ac4e8cb62651449e8eb111b8005fa9ca
train,progan_train,boat,1_fake,boat/1_fake/07753.png,104728,7143b5b8,13356664211,104571,8,96f8f8d34e9584a0e5669ceb941f42b0446824e947ef0ef53b91acf0d15e1559
train,progan_train,boat,1_fake,boat/1_fake/07977.png,82086,f7309454,12973135535,81982,8,3794357421da1e7c947c0f4a02fc03063e0b499936df6256e5f35b6199ab31fe
train,progan_train,boat,1_fake,boat/1_fake/08084.png,136546,f6cb1f3a,13374761472,136394,8,cc7407df5ce16979384bd2928f9e250b98c4be41b599c7c35e0fca22e055c694
train,progan_train,boat,1_fake,boat/1_fake/08096.png,126822,bfb4cff7,13309256907,126810,8,e6eaab4bf957985c68fa37bbcf88ea98d23d5a0d3bf326ca5b38216af655f59f
train,progan_train,boat,1_fake,boat/1_fake/08299.png,115742,22f902a7,14565892464,115730,8,76f03e42e1602c9527d13d400cc895b0421826d8b03821e9111175f972f84bf6
train,progan_train,boat,1_fake,boat/1_fake/08312.png,105809,1233fabe,13848997870,105774,8,34eec628bbf069a0387878cb579fc8d94e5d0116f8db00e33b2d041705d77b26
train,progan_train,boat,1_fake,boat/1_fake/08746.png,106490,3ca5dca7,13369391662,106510,8,3f3a871eef5b22e8c7339c7cd4933fcb85bbdd60c52f2981ec9c0fe9b6fe2be2
train,progan_train,boat,1_fake,boat/1_fake/08779.png,81579,d0dd2c70,13020357302,81594,8,0f1504057acbfbf4c4f780fd424101144e5e0a7cb59d9db59db1e8a7499b444a
train,progan_train,boat,1_fake,boat/1_fake/09025.png,118297,ed0b5739,14426967842,118129,8,132892a318f1a15642ad99c7b9a60d88bd17362db9cb522df8fa7e7193cb5101
train,progan_train,boat,1_fake,boat/1_fake/09124.png,136894,e3fa0e67,13267540894,136807,8,7113a352234a12c1a8826b4de6fa34558be40a8e891e1c0d33797fba44a23da3
train,progan_train,boat,1_fake,boat/1_fake/09349.png,120526,c7bd93ae,13053057940,120385,8,3e535fd3c7255de5bc5f1d7f032f39e2418307a76fb7df30f1d66d8f1a308ba8
train,progan_train,boat,1_fake,boat/1_fake/09415.png,113498,b0804ab5,14266710796,113343,8,1d37badf687ca653ae9a0f6405d122ef538345a11d5cb437ddc844df9913f939
train,progan_train,boat,1_fake,boat/1_fake/09679.png,104829,a9eaa9ed,13954983059,104843,8,261337fb09f6dfdfaa9134e0a82ef10e3d7a6b4b52b60818ba0cb164722111de
train,progan_train,boat,1_fake,boat/1_fake/09686.png,109722,56c5d17c,13536085054,109680,8,a7f8d95e60cd9c11c02b1df1650598c37ee9ea21a2c2aae13092fa0295f9306f
train,progan_train,boat,1_fake,boat/1_fake/09758.png,147586,cb05151f,14105173000,147541,8,b54eedfaf9051b93b2e64207fdcbfec6edc872d3fd47caa6652f69cf28c304c0
train,progan_train,boat,1_fake,boat/1_fake/09914.png,118085,f84a1332,12848553693,117889,8,960e45f49926af1fcdf4a9f512df6f43ac2e3b333240614372e51e1f5c467d5a
train,progan_train,boat,1_fake,boat/1_fake/10009.png,103669,99ec9408,14256276687,103537,8,26949556e5621782c0c102c26f376175340067d11fa30de8d9a00c0e9a5a2e2b
train,progan_train,boat,1_fake,boat/1_fake/10122.png,134283,06ac2bbd,13135884557,133396,8,b5e26f1314ce50959dfc2771c7c96f55a26dc575a670bc80146bd9d9bb856c55
train,progan_train,boat,1_fake,boat/1_fake/10161.png,155420,115d2792,13457391626,155407,8,ee5baca0f4af1e9f0afea688881697471c55afaef7b910300cca5d6747d17641
train,progan_train,boat,1_fake,boat/1_fake/10466.png,106331,6f7c3557,12756059592,106101,8,4d41b9015ec04f267b2f64b5f37444b5013d62c9eb9b889b6a3e52caf0bbd6fa
train,progan_train,boat,1_fake,boat/1_fake/10619.png,92864,f78fed27,13900119005,92798,8,d028f894460634c18d1e886f9a11edfd896afbb92ca8fba291ce20847502563f
train,progan_train,boat,1_fake,boat/1_fake/10633.png,90428,b9e19142,14476806719,90251,8,b249dd8f88cac4a00fc07acc9b0ffce7feace9ef227cac70ac5957df05bb97d8
train,progan_train,boat,1_fake,boat/1_fake/10841.png,103990,c2c62749,14052299410,104005,8,f3bdbc096ce7d1ea3e699b292684884fc2fc561ab20c7d1fe7aefc98e24d736a
train,progan_train,boat,1_fake,boat/1_fake/10872.png,90003,3f96aada,12786197256,89985,8,d8e2a75a3b2c8aae246389c33ecd115b74512a0afb69d45fcf531420b81c4c90
train,progan_train,boat,1_fake,boat/1_fake/10884.png,110625,96f0d4e0,14361940218,110516,8,c3bd1d71c17acbe96b0ccc6269017d52a3ce39f7902adf92931371c7a04f6579
train,progan_train,boat,1_fake,boat/1_fake/11346.png,93401,41e28edd,14529956627,93380,8,2eb03bdfd7fc28941de495c33b9f75ce8c904ce4bde461ffdbe2335d05a0c6ad
train,progan_train,boat,1_fake,boat/1_fake/11507.png,72702,7f1bc602,13519365422,72706,8,ed019e75591d20d12a30ccdb306e0b6b1ccad54ad27f9eaee5ed720c6586e07f
train,progan_train,boat,1_fake,boat/1_fake/12208.png,108680,0fb56989,14292597932,108397,8,efbcc98b00b765e08f08d2e0621b3a0438f684e772078dbca4d946f39321cd5a
train,progan_train,boat,1_fake,boat/1_fake/12447.png,97478,16980bb8,14433061939,97420,8,dd1f8247feba532b25aa081da33d287f0d9b20f6c220f7975f272caffbc02f39
train,progan_train,boat,1_fake,boat/1_fake/12543.png,103814,fcd92eb3,13357679288,103708,8,bd131ecab9ea2e8dfe1e41e4ec276037fc2fb639f9ec227df773a8bf03ab4cf6
train,progan_train,boat,1_fake,boat/1_fake/12795.png,104707,33d7b57b,14639473046,104704,8,743f5438bb7b43e227ec1d0991961bc73000b20f8b646647ff9ab958262c3462
train,progan_train,boat,1_fake,boat/1_fake/13000.png,79340,fd9d6a33,13235462196,79338,8,312c179d20ec81909bf291ead3aac1c4fc2cd01c2dfd8e0b75b4ce5e9fce6650
train,progan_train,boat,1_fake,boat/1_fake/13985.png,133140,6fee2451,14380818294,133058,8,a1c01275727ebf4daf688b43476939bab126a241c665f5f759502b68d2dd7849
train,progan_train,boat,1_fake,boat/1_fake/14018.png,106349,8010d0fc,12915279061,106299,8,c491a57729f02e497fea51828682543dba497061852452bc9c236875cd39f093
train,progan_train,boat,1_fake,boat/1_fake/14614.png,145482,7fee3a67,14076759986,144956,8,37f3bce21a21567e1cdf4b0939ac84a715a25f8b1ebb0abb63e3c48287655066
train,progan_train,boat,1_fake,boat/1_fake/14647.png,126949,91919310,12879360127,126933,8,9f0177b0f5240875caf26a8eea62dad651bf53cb07702dad7e514356032d6472
train,progan_train,boat,1_fake,boat/1_fake/14774.png,86292,d4d6cd61,13588467517,86241,8,dd4ce94338f21e0b072f502ef93e6804f13459cb26f4ea5e204e4368e4fde4cc
train,progan_train,boat,1_fake,boat/1_fake/14854.png,133572,f82059f2,13317570545,133264,8,61e3731c888cfbb187367285f6fc050c393502fe2339a932ce33fa2141fdd6b6
train,progan_train,boat,1_fake,boat/1_fake/15196.png,98779,20645314,14284473270,98656,8,e47357a92d041bff02ce763bc378a7e0e11addadc0895e9cdc69d5cf56ba45a2
train,progan_train,boat,1_fake,boat/1_fake/15215.png,92348,80b376e7,13666144705,92323,8,02153b2714864ffec6e040be49471a01f42585c9570086117bd4ce4ab3f9cf87
train,progan_train,boat,1_fake,boat/1_fake/15726.png,116849,0afb5601,13665253623,116666,8,1fa7df716c7e0f06972f38c4ed9c7345a2e2470cef24a3e308e630deb8a6147e
train,progan_train,boat,1_fake,boat/1_fake/15813.png,101893,a7c26c0f,13790868307,101730,8,69165b4b085d53c9558f4032ac9168d18bf4154ac18c25499bbb4c44fd2f4adf
train,progan_train,boat,1_fake,boat/1_fake/15914.png,87273,39ecdead,12867670435,87142,8,a7a7033457d956c2cd12861a48f173220bfb51bdb8ddd05874940fb6069c2f0c
train,progan_train,boat,1_fake,boat/1_fake/16091.png,106066,212d5513,13356295971,105784,8,74389d608ae20ecb39f5962f09171585b80b7aa1999da60fa5b3dc3c6c458578
train,progan_train,boat,1_fake,boat/1_fake/16098.png,123262,eb1fe947,14045299092,123222,8,81872c0b7b4d85717e82ad462deada085f4bfb279629c92318fb78e269670f49
train,progan_train,boat,1_fake,boat/1_fake/16301.png,95556,b02bc3b1,13047873931,95484,8,e7752184d5c49fdf9a37eef07c269d9b11c375975793f311cf88969176c6690b
train,progan_train,boat,1_fake,boat/1_fake/16306.png,95718,3affda7b,13587593124,95502,8,160758c69d43f4dce4e8e4bd61a29ad3c6265c689d048d09b8a5bf3a60329dad
train,progan_train,boat,1_fake,boat/1_fake/16333.png,115909,05305d4a,12989880661,115695,8,60b5c0bcd2aab474437e4ecf07d1ae095c8d483072f9a0fc99d87073e97458bc
train,progan_train,boat,1_fake,boat/1_fake/16338.png,93369,31f94ceb,14375096976,93227,8,4fd9e55d45c26fe8c75557d9d41492aed59d9fc4da9a26dfde556c8a971fefc6
train,progan_train,boat,1_fake,boat/1_fake/16389.png,63435,b305e74a,14131995487,63445,8,33fc591c42bdf6b55687392a79f245fe8ed05321a5991e8ffdc0e5f64e6ddc5a
train,progan_train,boat,1_fake,boat/1_fake/16458.png,161023,f943d725,12797264039,161048,8,de546afb28c4f5060ce31660430e9ccc59ed5986db210793df768f1bf9fcf4b7
train,progan_train,boat,1_fake,boat/1_fake/16766.png,103141,67c99a5d,12872970230,102940,8,1c18bb78c3119fe101f62cc52c6dc6c3cb4b95abd366d5e102a650159b96a305
train,progan_train,boat,1_fake,boat/1_fake/16798.png,151275,ff694041,14570332341,151250,8,b77156cd6b6e68cd61fc80fe87a919ef534f336397dcf6833dab10f43ccff8cb
train,progan_train,boat,1_fake,boat/1_fake/17436.png,124548,e56f0275,14487530236,124273,8,7aa3e2b8aa226f19779672ba249bc91d8e5fa3870041dab67ee030579224face
train,progan_train,boat,1_fake,boat/1_fake/17543.png,105202,8552b6ef,13003961674,105191,8,857f1f64bde6cbb2991ab0dcdb8c71a65649864d0eab1be83ea2063bda9d827b
train,progan_train,boat,1_fake,boat/1_fake/17615.png,103199,b7b999e7,13604387049,103144,8,b63416c24bbdfb89195a500af5864799f82428949fbb37a8666f9d8d5c637afd
train,progan_train,boat,1_fake,boat/1_fake/17654.png,125374,705e67d6,14635418250,125167,8,0e7b5f2b93fe05a87679d16a497b223c68f05c77a7c63908cf0403d9c4ac4776
train,progan_train,boat,1_fake,boat/1_fake/17724.png,100219,0f8c5359,13712867261,100200,8,7d9cb78a0a727216e06abd58a6dae50ddbdcc640fe1ce374db3eb1dee9b420f0
train,progan_train,boat,1_fake,boat/1_fake/18227.png,85568,f73d911f,14038951584,85517,8,37edb9fa0e0f49a325e303ff343aef3966ba333ff733ced21d908198a1152e80
train,progan_train,boat,1_fake,boat/1_fake/18262.png,152996,2d14fbec,14333862872,152760,8,5d41ea4166b9a01edc3e51b3b222d15985e4f1452877fe57d5924c542d05b0be
train,progan_train,boat,1_fake,boat/1_fake/18463.png,103788,afa71a3d,14599424617,103745,8,a46d9c7de453379297f0340e03fbd336709b6c7c65ddcc1d8eaf05a3a9afe70d
train,progan_train,boat,1_fake,boat/1_fake/18556.png,98002,4391268d,12788622637,97864,8,bdd4f01dddd52eb9e5507e8fcfb25b7eae9ccc843dd33269b746b28783d6f1b1
train,progan_train,boat,1_fake,boat/1_fake/18557.png,101270,754e35e0,14493930768,101263,8,aeb03d8915b6d58bf04546f419b209744e313804782a0c4edcfceb33621cfad4
train,progan_train,boat,1_fake,boat/1_fake/18779.png,106595,835d9b05,13380763725,106541,8,7df1918f818201f6f9b31d2829aee01208cb8c6a570f622553f1fefeb12fea08
train,progan_train,boat,1_fake,boat/1_fake/19027.png,144283,4cce90b3,13015117487,144188,8,ad299d2659e6833288dc4df3df0a0e0ee02c46a8025c17d1739ada6f5a19bd4d
train,progan_train,boat,1_fake,boat/1_fake/19306.png,108189,b1de204d,13298542318,108152,8,2597a26976eecd484fce61e8529349ca62b61a082c1b6a08f3db1e2f061544b1
train,progan_train,boat,1_fake,boat/1_fake/19357.png,134261,392143ab,13645877091,134225,8,3b5a1d8f45a67a19f4172b7a5524491698c29bed96f3e638a92cecc1a498cc39
train,progan_train,boat,1_fake,boat/1_fake/19380.png,124595,cd40a733,14093582819,124430,8,31999fe076916ec3a7af980d6eae26049c207237e37e55ee892df0faefcd3768
train,progan_train,boat,1_fake,boat/1_fake/19492.png,131538,7d4f616f,14548021002,131538,8,1ffcf5fd6a14e63b2cb57e647b044ec1d751b4195a673140d02e8ec299d3fdcf
train,progan_train,bottle,0_real,bottle/0_real/00363.png,26736,7f6404d2,15527006831,26608,8,aafdd654e0b8777fde1b29d8348e3254f44c93227a41cd4b8dfd2af1ccf61a97
train,progan_train,bottle,0_real,bottle/0_real/00671.png,38047,ea1e09a4,14915922920,37968,8,8e065e1b52ab21a57fa34f81c08da304cd58cb2f67f9cd4f3623c7c1cccb42a5
train,progan_train,bottle,0_real,bottle/0_real/00835.png,67888,f9330e95,15055882242,67888,8,5c7acc4565c67d9114b82666f3ad25d3a9d7deff79cefbf7c4f620f82ce82a44
train,progan_train,bottle,0_real,bottle/0_real/00930.png,54875,cef7a41f,14697992830,54731,8,cfb415aa53f74849ececbcd8e1942995bffef5a4604483936996c0fb8edd9051
train,progan_train,bottle,0_real,bottle/0_real/00962.png,34158,71a650f4,15665150314,34143,8,9a3418bb26a509bc1a281e9ede09be64831981fbcc3009468d5e8e72b3e7b3a3
train,progan_train,bottle,0_real,bottle/0_real/01216.png,135415,5af68b78,14890081599,135400,8,b4253b20ea6a2aabdf0cc3bf787867d364f38ff480fcbe9b0daefb29d22acad8
train,progan_train,bottle,0_real,bottle/0_real/01433.png,62737,18170430,14682955986,62737,8,2d77a8681f35db710f74fc29a344caf2d554e5a24b5b9789401a8059a8a63dff
train,progan_train,bottle,0_real,bottle/0_real/01448.png,25423,d839c9b0,15119441443,25235,8,1cfd8e546f3511a1fe5699beeb95e8c2d6cdf9488d9cb38580ef8a19fb05cdde
train,progan_train,bottle,0_real,bottle/0_real/01449.png,106015,f25119bc,15309971965,106026,8,fafc8a640a0eadee5f7fa0b4282104c6d6319a5b2f68595552cf388e58491e6a
train,progan_train,bottle,0_real,bottle/0_real/01606.png,77283,65193857,15676813923,77160,8,90f825d0d44b5d8add02adbb881de7bca8e29c47c45f23f34e93d31147df19c1
train,progan_train,bottle,0_real,bottle/0_real/01731.png,64184,6da9da6a,14791368855,64177,8,75b9c106cfda68ae794cb4a00ab771fc5979491258240ae07d427f4e170563dc
train,progan_train,bottle,0_real,bottle/0_real/01913.png,47768,bc065b99,15345716807,47387,8,9011494c4bb7c0e1ab9ba315d0f77f194ae6bf6f8f9dc8273818ac4dd78d5615
train,progan_train,bottle,0_real,bottle/0_real/02417.png,149623,77c69619,14998285501,149643,8,2c8d3e31ce3b08ca1bae3de7efdc3a4e1cf0cd1e32c73c849580d59c2557a3a5
train,progan_train,bottle,0_real,bottle/0_real/02451.png,60461,d961a967,15621822807,60415,8,97c961fbf5226c35b1dda054ecc7f67b56b9c1719db23e8b9d5134f2249557cb
train,progan_train,bottle,0_real,bottle/0_real/02518.png,40264,f135ba6d,15410615795,40112,8,4170c3e7dde2290d4124efc40ce84306cfa3c3980cd477148bbe1bb4a3c35c8b
train,progan_train,bottle,0_real,bottle/0_real/02606.png,88577,dcb6fce9,15007667187,88571,8,b8588ab52d73e7d8a1a783217e0b0382d1d55b2fbd6870ae85aee33bb2e52b5d
train,progan_train,bottle,0_real,bottle/0_real/03052.png,53389,24e5b274,15686652912,53349,8,a085c9cec41feace3acff6bb4f4f3b8519139f4c055173889914f5b2a04a8549
train,progan_train,bottle,0_real,bottle/0_real/03220.png,105603,ce3e621a,14971164063,105604,8,324ec772fdc7c2a2e4dbd6ce210dd50ecb297daa05532debf78ab8861e404979
train,progan_train,bottle,0_real,bottle/0_real/03270.png,83213,fc584652,14693038576,83204,8,5ea7bf5d20962dae17eb3b36ec8a1952b1048593b481458f3429f6dd08f7413d
train,progan_train,bottle,0_real,bottle/0_real/03578.png,55774,a865f171,15341569666,55765,8,e3189cb06fbd0d49ab33a296cfe218d97bef618aa20ab9b33d488c0c44258b1d
train,progan_train,bottle,0_real,bottle/0_real/03618.png,82653,b890aa7c,15744564658,82573,8,3388f856ec4953dc24a5279ac529873b0d602091fb78734c103a14e70f1ee83e
train,progan_train,bottle,0_real,bottle/0_real/03656.png,124639,e9352cc2,14682405956,124589,8,d0fb8b913da299c31fe2b67d480ce3b715c1e50956c29f68a60ccdbb70516be0
train,progan_train,bottle,0_real,bottle/0_real/03882.png,45555,369b993e,16016719395,45355,8,72ae444707e14ce2e3544a5a46e1dcd6fda8c3ca898a604368b5379ad048d07c
train,progan_train,bottle,0_real,bottle/0_real/03921.png,81544,ea9aef36,14946464763,81508,8,59692007faaa9eea58d3fa4ae4fb77c747f16f85475ed0ac90ba3116eeb1d959
train,progan_train,bottle,0_real,bottle/0_real/04036.png,38022,05430fdb,15439838885,37978,8,4af34819b2dee2eec7be6447e8d4f9baf4034e2d47e83e9e0b597b068f801596
train,progan_train,bottle,0_real,bottle/0_real/04239.png,54434,7067f933,15662767877,54444,8,202b9f416e62b9babb14c61a12e307323bc239ae9f7f785d722f26f59835b5b6
train,progan_train,bottle,0_real,bottle/0_real/04697.png,109164,bc0c56e1,14810548123,109069,8,e06b44f0fc65642bdf02bf22d08dc901979c7dd67498315841a8ed4cfaef8f4f
train,progan_train,bottle,0_real,bottle/0_real/05108.png,25259,feccdcab,14973928865,25247,8,588de89fb99cebc8d369d48daf4cc2e9f785d23f85e97fd027b4412df9195947
train,progan_train,bottle,0_real,bottle/0_real/05831.png,101940,a5fb326d,15972953046,101926,8,05993bd7d90f621dc87e3ed5f3ad25cb11fe497de5ceba57d13a3227f7c62c21
train,progan_train,bottle,0_real,bottle/0_real/06386.png,25317,38003ee5,15285682409,25206,8,52b2db6b1f470106223a5e1f07895be6bda1c9217f93bc420c5449199ea549a3
train,progan_train,bottle,0_real,bottle/0_real/06479.png,55592,8010d03d,15501559965,55407,8,45916bda0db0021029c47a104b70f468e736d042076b6d295dac775cd2ccfa67
train,progan_train,bottle,0_real,bottle/0_real/06539.png,98655,1267f5f0,14831027537,98670,8,47dce46ffda019e62720aa30ab8c05819318723e4bac43b73d7f09a2e47646fc
train,progan_train,bottle,0_real,bottle/0_real/06777.png,130565,91895d10,14966554755,130571,8,b573c73f094c9a0e056711f79600d1929085f0658e62d423fce90f693f3962d3
train,progan_train,bottle,0_real,bottle/0_real/06807.png,80099,e3565af6,15195175192,80033,8,2a72885288da164040f04ac569ec021c944ec3468f6f8c19ace4a7b86b311453
train,progan_train,bottle,0_real,bottle/0_real/06824.png,44738,ab2a8901,15789637492,44720,8,1338aa60275ad96b7e4b86f7d00cfe6fc7fef900c50803eb8fa3e69d30e81c68
train,progan_train,bottle,0_real,bottle/0_real/06833.png,70346,8f9b0f08,15412072398,70352,8,5604d70edda9edc3793251c89b4a600c6e6dc1e154c9154f30ef45e43d7eda2c
train,progan_train,bottle,0_real,bottle/0_real/06928.png,103512,1dd9c723,15141309742,103483,8,4942133cec95a4ed33fd3997a147b3f45e08beaa049eedd127607410123ebf1b
train,progan_train,bottle,0_real,bottle/0_real/07032.png,26329,a95d2917,15613881046,26228,8,4d9409505423a2784dcd6985368bee0811b7a3844ff8d634545c4b078f9a5ad4
train,progan_train,bottle,0_real,bottle/0_real/07360.png,10245,fc2b7652,15422802630,10118,8,319bd4906368f8b976ff5a97ddfc5666de17d9199d25c9f7e14bd6dffafd0fce
train,progan_train,bottle,0_real,bottle/0_real/07414.png,93650,47f351c2,14687907732,93612,8,84736ff81ea2aa9f2ca95f22520e569bafe98129614ee4ef4de62b722a6f6f58
train,progan_train,bottle,0_real,bottle/0_real/07416.png,106872,b5d0c862,15696488789,106708,8,9ee1a0ff855d8d22a9b0233866ad7c6dcb9aa0d34fd1b27921e505c2faab5a4c
train,progan_train,bottle,0_real,bottle/0_real/07431.png,88057,ff189a76,14770825799,87923,8,8dfe7d143853df1de9feddcd1e13bca4cb4bd36231cc3f0d0f8c29cbbad9d15e
train,progan_train,bottle,0_real,bottle/0_real/07573.png,104371,0df36e2e,14909675636,104391,8,66fd524e16d5ba9fee655b9cb1cef4bd4c1091f5bc5ea2de1b4bc497f0ec4dcf
train,progan_train,bottle,0_real,bottle/0_real/07603.png,60532,dd500238,15775231913,60463,8,7a30896b3bbd2eed8c6ae3df905604bd38b35e725dd429560fe5de00449777d4
train,progan_train,bottle,0_real,bottle/0_real/07710.png,96185,3b239880,14786552665,96183,8,98b51268f11681059f0f3458efaa54aa2ae788d0d61378f84aeb5403b8fe071c
train,progan_train,bottle,0_real,bottle/0_real/07932.png,50322,99765cb0,15669855857,50296,8,6e4aede9d944386134036287e65b5645ff8fc01dc05a0af168890fe88dc71c95
train,progan_train,bottle,0_real,bottle/0_real/08050.png,121133,a2817a33,14830389124,121017,8,808a897182fedba7b4f552b35fe111c93f7dfb13d70bf0cf7c9e9e127f69368b
train,progan_train,bottle,0_real,bottle/0_real/08548.png,110177,efbda7c1,15099063848,110175,8,1ce470300ae31666e646a8317b3f90743f15ce5ddb11b07cbbffb753fd2a9db9
train,progan_train,bottle,0_real,bottle/0_real/09452.png,57485,0f01df1d,15146267612,57495,8,476ff06e3d7d9b8ddff6a25b34659b71ec352109d1bea417eeb8862ba001a8b2
train,progan_train,bottle,0_real,bottle/0_real/10712.png,93172,de2ce64a,15630376416,93187,8,f9c2c2ca89924b22624f68d3d09e1a5e1f1de44551c5970a6f73bbb67c2b2b8c
train,progan_train,bottle,0_real,bottle/0_real/10723.png,34344,d66331b8,15909082307,34341,8,c68b5a8e515ce77e19e5a8cc32ae307ddb82f075febe2dfd49b1d448a4a21f8e
train,progan_train,bottle,0_real,bottle/0_real/10744.png,85835,774f0d36,15783421661,85781,8,0fc9e29dd6de1ea6960a09425dfeaa4b2c505858697788a0ed170ed78a2a71b0
train,progan_train,bottle,0_real,bottle/0_real/10800.png,56706,eda84da1,15940635617,56716,8,01af0f48d75bebb5a354cbb8eaf8244c82c913c9a6f87b9c71e626adc7b62463
train,progan_train,bottle,0_real,bottle/0_real/10816.png,70911,9224fa02,15276549327,70926,8,63911a84a481907a2af550e8a309a72c392f15b0d14c594822d2d5865a97f19f
train,progan_train,bottle,0_real,bottle/0_real/11135.png,57335,813aaa54,15386705107,57342,8,fc329e83a954623546e5b0cb3fbf01034f192a8551e720802a25b7b506beb42d
train,progan_train,bottle,0_real,bottle/0_real/11237.png,65401,99044efb,15786058852,65411,8,b4f982c187d16d9b07024ed60165b6636812834a56d5f08bb6dd62b6b2bbf323
train,progan_train,bottle,0_real,bottle/0_real/11313.png,117485,5158cd44,15239029603,117497,8,42e50c9cc4fc0128cc398a515bfa9fbb8a30f8ee090f47501c37ca3ad11ec282
train,progan_train,bottle,0_real,bottle/0_real/11385.png,125843,b401fd9e,15069133181,125829,8,9d79622cf2d353ea29dd57bb6fb5c3c9ffc082b36f47b70b2669bc7bb7cc9b04
train,progan_train,bottle,0_real,bottle/0_real/11461.png,71747,dc7d95d4,14832826683,71749,8,752f29ecd6959cefbe464c1cc73100f6ac836e3c21af36820bdd43fb93e3a82c
train,progan_train,bottle,0_real,bottle/0_real/11549.png,26076,cc56c009,14818716350,25661,8,2780cbd123a8dab39bb433f03633c98e1414953b07ec4adc7107e3b170a8c410
train,progan_train,bottle,0_real,bottle/0_real/11794.png,41241,2261cee5,15392795515,41251,8,9163d6712af8e74eb78e0f5325f65bef807ee2a8e69582ae82292e8a495c3fe2
train,progan_train,bottle,0_real,bottle/0_real/11948.png,18247,abfc6e8a,15751256394,18087,8,4cadb2ac0a2680ebbedd434aa45a0f570e51cc2928fc95dec327bf788ce6652a
train,progan_train,bottle,0_real,bottle/0_real/12000.png,36524,2abb676f,14964007113,36424,8,9fe45034b6a63c66cb2b2d6522b07b7a494949be71748e0ce20f33f697ada635
train,progan_train,bottle,0_real,bottle/0_real/12213.png,105851,56cdc4be,15971829718,105871,8,1b4fdac91321bbf571b148a76c9bc69789c141bdc3a6d2c1dae856634a6f1ea4
train,progan_train,bottle,0_real,bottle/0_real/12345.png,71379,6de28b2c,15216605941,71367,8,d466318d9aecbfe727700fd9c93a7698570dd05dc09892026db2f27a94ca3b4d
train,progan_train,bottle,0_real,bottle/0_real/12493.png,94841,e90a3767,15486204311,94856,8,0f0df113e6120def4d9d2bcacbf2eaea2f19248c49467ee484653ba4763d1c47
train,progan_train,bottle,0_real,bottle/0_real/12534.png,87650,f88cc18b,15805873263,87660,8,1a52b394d437946594dac52c43e0b95dda5b2e468ff7515a3d7404c5fe1ae601
train,progan_train,bottle,0_real,bottle/0_real/12649.png,109549,dad14621,15765332669,109558,8,72037b654d298048f907dcbf9ff2c157fe4709be648d0f279adfe7e8546ba967
train,progan_train,bottle,0_real,bottle/0_real/12668.png,108362,30c3d825,15724068393,108370,8,facbd1ed5d4166d8555f1bb8bb59cc69162569b1ada104eb1430b77926d60048
train,progan_train,bottle,0_real,bottle/0_real/13353.png,65804,a68afec8,14660586587,65707,8,264c1f0196f8e3e392d0482c6b5aaba1cfb6d4f39c2524fddba7572e19d2a93f
train,progan_train,bottle,0_real,bottle/0_real/13651.png,53115,1f94d931,14793075733,52970,8,4724beba02373112fe422c3109a784327bfb64ccfafa76be1c883e74c44522a7
train,progan_train,bottle,0_real,bottle/0_real/13847.png,109644,f1e5bedf,14995658620,109458,8,02f19d81e683f3afa12d56d15a21b38b5e9aaff26f7c96ee2e553c698d3669f9
train,progan_train,bottle,0_real,bottle/0_real/14300.png,92680,d89ed98d,15498444429,92679,8,7b632cdc65841e9647991132c7ad406107ead1610382a1bf9a37215b8cf73030
train,progan_train,bottle,0_real,bottle/0_real/14419.png,15491,3e6e8ae4,15406373201,15491,0,d20586b5694495c564eb9d4a0833b2d532a99b0a55583dc93235e0faa3871fa9
train,progan_train,bottle,0_real,bottle/0_real/14553.png,133171,54378a6e,15024440346,133157,8,d2ff7f21a1b4d73df46e3db113e502a1ab537a8f8899fcd624193c73c18f7b35
train,progan_train,bottle,0_real,bottle/0_real/14649.png,111309,88723bd9,14812805408,111289,8,f13fe1a08cd0377eecc43005cc7430f8d10a61b074ce3b0a0055c7210a4c0c61
train,progan_train,bottle,0_real,bottle/0_real/14860.png,34592,ecef5dab,15134575547,34125,8,773df5816359d2c7e0dc94628c3e1222ce6b196b1f53640be42af081a40f865d
train,progan_train,bottle,0_real,bottle/0_real/14985.png,41923,071ce57f,15406388773,41933,8,37c83db3c8e86103d74cc889f2a8317abf94dbf864d9843313a1c823915197b3
train,progan_train,bottle,0_real,bottle/0_real/15445.png,75948,510f5aa3,14750387994,75963,8,2bc4a40de6ba176e98c848c03c59f32ff2419c4220f7530ceaa7dbab506e9386
train,progan_train,bottle,0_real,bottle/0_real/15449.png,97822,c4b8c422,15622561836,97800,8,fec0b66b247da44f0a9aa14ea5ae03def3ba535c9d82a7a7b7f6aff5635129f0
train,progan_train,bottle,0_real,bottle/0_real/15769.png,25590,7ed763c8,15126149484,25329,8,7acb8e8ae11a4ab3d495f92fa2703b4effd95a098e176be73706d5d941f8a8b4
train,progan_train,bottle,0_real,bottle/0_real/15782.png,98030,b1b0906c,14923426104,98045,8,5ac10247a4d4108fe1902824c0593de9612e15c9ae4d6c2e593b79c61308f8b0
train,progan_train,bottle,0_real,bottle/0_real/15818.png,41854,1cae8808,14695168826,41636,8,c2429ddb7c40004222cd07142cef28725d584c7e725764a59482ac56a050ce93
train,progan_train,bottle,0_real,bottle/0_real/16429.png,90246,0dd0f3c7,15097968688,90261,8,47ea98215eb4dda1f0b9dd46a780d9a2ae799a088b3b0036191fc0eb243054c1
train,progan_train,bottle,0_real,bottle/0_real/16660.png,68824,9214eafe,15485493521,68826,8,94de9117030b229f8104ca94288691c963cdaf35c2899add8d7f67ffb658e99a
train,progan_train,bottle,0_real,bottle/0_real/16834.png,44822,e992cfcd,15144079921,44832,8,c9e51fe87453947584fb61b3490320350b94cfcd98312adb9650b30ff46e83c4
train,progan_train,bottle,0_real,bottle/0_real/17258.png,69938,96984b4f,15673695458,69913,8,6dd85e68e1fe4d48d5a719b11bcb89915894771f816ff7e65b9de1271d3f263c
train,progan_train,bottle,0_real,bottle/0_real/17382.png,40047,d54bfa5d,15863207308,40057,8,4fe58403db30dec8171fd3f8fe6ea1c78533027cbe896a512601e77be106276a
train,progan_train,bottle,0_real,bottle/0_real/17585.png,65373,87852bba,15046216155,65302,8,5c060fbf0058e312d899dab52006df69c5092ec4900c5dc7a610a1bbb140452f
train,progan_train,bottle,0_real,bottle/0_real/17821.png,57602,0edaf0f4,15287601160,57566,8,72f87f465ed8078ec949ade696607adfc1957ad056381cc50c3b7e7b0954711e
train,progan_train,bottle,0_real,bottle/0_real/18488.png,53273,cf7eb285,15385081115,53116,8,1fd54a476ae0e0ca5d3635bda1d39d0eb0b7e1552acdd8ad2d4ecdebc582fe66
train,progan_train,bottle,0_real,bottle/0_real/18609.png,64144,b9313417,15978279909,64154,8,4c2c8a9411c0e4197125b65a30539c7f050e978669648859a549251ee4e37056
train,progan_train,bottle,0_real,bottle/0_real/18652.png,24007,3ed7c6b3,15995962779,23839,8,4ff145894e353422688d109fce9dec6a0b88ab5aeece74d3c8ddea514bbc691c
train,progan_train,bottle,0_real,bottle/0_real/18717.png,134359,4f968bc8,15536679067,133442,8,9e20e9c908b3cc2013ddae8fc88795105a2c10222321459c335e50147a231307
train,progan_train,bottle,0_real,bottle/0_real/19293.png,101253,0ae44589,15456923166,101270,8,f38e21ddc17fcad0179bab1efa4b04867bacf86fe377ca7d1696f7d956c714c9
train,progan_train,bottle,0_real,bottle/0_real/19307.png,85340,a9ba63fe,15918186470,85306,8,bb9a2b97fddbd8a597a9f45950d5cdacef06bccb153d2200bc60da423def539a
train,progan_train,bottle,0_real,bottle/0_real/19313.png,114437,6a4b4e8b,15154787975,114439,8,c3b64f81ab2562b799aa00a7414b41d7f4a0e2878e672e75e4bec48f2aa1f61e
train,progan_train,bottle,0_real,bottle/0_real/19440.png,53642,785e2a9a,15465983972,53491,8,2e8243c22d6aee98922aae7b7293add75b1663dbd658db44ec8003f51cfaf063
train,progan_train,bottle,0_real,bottle/0_real/19577.png,84285,eb78be69,14742470815,84131,8,33425cb625b9e9ac1c259e77d2ef65ee49799c8727c5845ea14b1d7ccd766ae0
train,progan_train,bottle,0_real,bottle/0_real/19903.png,59830,f7c6d356,14790311391,59840,8,df5229cfca435b8139142961097ed8bc701d26329621fc3bb55de1583035867f
train,progan_train,bottle,1_fake,bottle/1_fake/00239.png,37102,80e5ec28,17146477581,37105,8,0cca07db0cae940c165542a0310e9aea76be5e73b700d7a4fe3ba872ae12046b
train,progan_train,bottle,1_fake,bottle/1_fake/00490.png,77108,9709e768,16317402686,77123,8,efeea5fa5cc19061ea1f05e9a8886d666bc2d4660fe083e9be8b0a336ef0f14c
train,progan_train,bottle,1_fake,bottle/1_fake/00822.png,110749,aabf8895,16488971242,110753,8,10566a8a74a03589911901d17e8605b3f3260b769105187a8b3b2875cc2126ec
train,progan_train,bottle,1_fake,bottle/1_fake/01243.png,31072,6d4fab7e,16190119928,31072,0,11f4095ec696d25a0a6e64d90dd1b459762c4cb7b880e22802905033142826b3
train,progan_train,bottle,1_fake,bottle/1_fake/01385.png,33132,5a93276f,17401256146,33132,8,e11cdb5ef3e716c5c9b2a94e1f9f88d14a217550e840df440c78042379e96292
train,progan_train,bottle,1_fake,bottle/1_fake/01614.png,64125,4552b53e,17362433588,64107,8,939a18b70dba5efa7becb7b741d1d5400a744dc381058f6fa5fa121b348d72a2
train,progan_train,bottle,1_fake,bottle/1_fake/01873.png,38734,b1092044,16324019727,38744,8,280d28fb18faa8e3d10f28fc34f69be93c25386b64de7d0a5ce9ae8828bf10c9
train,progan_train,bottle,1_fake,bottle/1_fake/02262.png,140330,b0cf61f0,16689510685,139776,8,53e9267f22762cedeaeacc11042a36beabcde45c40c3a1304275135c68210865
train,progan_train,bottle,1_fake,bottle/1_fake/02671.png,84628,50e2996c,16563703692,84622,8,b69e35b97b97c903c5a9039025460e4c08f24705adb578023d402664dcfedc5b
train,progan_train,bottle,1_fake,bottle/1_fake/02714.png,68771,215bf08f,16965446116,68786,8,3e3396097f762c58ab55992221be926a94004fd8a20d4c6bf2bd252e74b1871c
train,progan_train,bottle,1_fake,bottle/1_fake/03405.png,84293,1820d4fc,16338197744,84302,8,6ba9489c623e08840831d3174c1562e7f6149e25f447e47531977a9d9360d056
train,progan_train,bottle,1_fake,bottle/1_fake/03950.png,68905,93b17f1f,16686100659,68920,8,9f735ed1f2349090c9b40172dbf8ccfcfb2ef23c81dc61b8bc3d95a54348b11c
train,progan_train,bottle,1_fake,bottle/1_fake/04060.png,89025,a9ef9233,16056702550,88962,8,b56a65740d583c73b5645acc7074bf6f6fa94abf5fd21e4d143090dbb3b7039e
train,progan_train,bottle,1_fake,bottle/1_fake/04199.png,124488,f58f2b1b,16680222840,124508,8,c3fcbfd0c65b21248e6dca7f1e85b423d47474aae66c84c82680a829e929d168
train,progan_train,bottle,1_fake,bottle/1_fake/04280.png,34990,5e1c6fc1,16289447679,35000,8,d698964e217604f71237d4bd346f62eaf7ceaccbcd13adab4b4e4f30bc34b133
train,progan_train,bottle,1_fake,bottle/1_fake/04345.png,73963,9de0282b,16887763098,73978,8,d8f506001e1e4eb0419b172cb172f68ab507d15720d96111805f3f05238d697d
train,progan_train,bottle,1_fake,bottle/1_fake/04397.png,114641,40fe21df,17555559844,114414,8,99eb18c5f3f8ee4bdc82a6def4f7b354b67817566553b6a2327e0c31fa7ce89e
train,progan_train,bottle,1_fake,bottle/1_fake/04443.png,89246,d0a5c385,16460647723,89261,8,5601659b0f4b01ce1c596a6da9fe011ae0d7954a212365248d00be961b37530d
train,progan_train,bottle,1_fake,bottle/1_fake/04766.png,107096,6a252af5,17430630594,107045,8,bae3cae20e967252329b7838708de09bdac46527a4f51913172bd31c97aaab4a
train,progan_train,bottle,1_fake,bottle/1_fake/05056.png,95376,6689af53,16726494381,95334,8,c0b96ad6f9b390d8b692a65fc75f88505333d6ca131bf7e3389b03956f16c77a
train,progan_train,bottle,1_fake,bottle/1_fake/05204.png,104415,6ff6376a,16409680536,104435,8,2fb4bb9c14776f2a0be134cc932be4606ffa2feb66767bb5e0dec9b5652a97a0
train,progan_train,bottle,1_fake,bottle/1_fake/05366.png,120453,addd3084,16695854235,120473,8,c4ae0b147cac892a44fdb28ef425aa8214e948539987cb15c81c9f8a10d582b5
train,progan_train,bottle,1_fake,bottle/1_fake/05410.png,144327,b8308374,16808680379,143961,8,f76c3a5bcba3822fe97f378830e0a4e0a8b3de0f0ecafbd77aa8c342cc892bbc
train,progan_train,bottle,1_fake,bottle/1_fake/05499.png,63816,515b0dc3,16822939428,63826,8,45a3a16ea18d917324da899f35b3ef114014b4c63f81e070801d6c49ea2b3f13
train,progan_train,bottle,1_fake,bottle/1_fake/05765.png,106919,92f11ac6,17561144566,106926,8,9c9f79350f0a96aa3e1fc1aa96763676b8932da36f0fd6eaade9f3bc35530050
train,progan_train,bottle,1_fake,bottle/1_fake/05996.png,115956,f7d209f6,17064152906,115976,8,9bd159602811523ff3eedf127ea38ef4b4af4b1d71b959b0f77e66b7a28d9c91
train,progan_train,bottle,1_fake,bottle/1_fake/06432.png,28027,91ec1014,17402143325,28027,0,2dfc4297b79b2288326b16e779c376fd5d541570b8ffe43bf9c725e168760af8
train,progan_train,bottle,1_fake,bottle/1_fake/06512.png,118188,9f0d6276,16871640703,118111,8,881dd3477ad5c2cb2f1e1a3fed21921fccda6c20d53cee57915001f52dee36af
train,progan_train,bottle,1_fake,bottle/1_fake/06753.png,120353,9da55188,16383918381,120312,8,91646c0edad67c0dacfb8c63a41572e1178a3767905c81b9bbf0ff64c6767490
train,progan_train,bottle,1_fake,bottle/1_fake/06814.png,90116,931abaf5,17323033164,90131,8,50e12dd30e324ca03a19bdacc9a61e7a0c800d0b9d8279e83630fee02dd8de02
train,progan_train,bottle,1_fake,bottle/1_fake/07090.png,68616,20d50d86,16902106882,68594,8,c9124cf96395592f9b206906f0b37737de8c4ed634d76cd858f4178796db757e
train,progan_train,bottle,1_fake,bottle/1_fake/07468.png,38314,e0c624bf,16291212095,38324,8,fe1b76ed280d61ddabdc06417e021b1d44212d7a49aa703b3cd6ead3000edc80
train,progan_train,bottle,1_fake,bottle/1_fake/07622.png,123311,1428b268,17344385042,123222,8,92d535de3924fd54636203b838c465f9ca3429d7867bd72ce5b5b9517d7451cd
train,progan_train,bottle,1_fake,bottle/1_fake/08043.png,99277,2c84964c,16393955637,99162,8,c62dce60b6128324e9d98aa8edc0d2ad4918306dced3853c074cd1b0f332fee3
train,progan_train,bottle,1_fake,bottle/1_fake/08699.png,97420,52fbef55,16702687983,97435,8,25ce54e020cde96604d58954faeecaa005f3ccba39b06fe573f3b17a0bc2e504
train,progan_train,bottle,1_fake,bottle/1_fake/08728.png,108943,d9723f4e,17064760962,108955,8,d4d5cff70c60a3b22be3da695a162fbbacbd2a9ba22ae15aa58fc30df111d4d7
train,progan_train,bottle,1_fake,bottle/1_fake/08742.png,62712,97e648c6,16713844757,62722,8,58267f783c4eccb37ef35bd4f2fd3e932cedbd41cb90921b22b0c083c3d460f7
train,progan_train,bottle,1_fake,bottle/1_fake/08892.png,112573,5ed3dd53,16727252525,112561,8,f7a3d5bbcf997f6e781d1798eff04f61a2354b6cf4a11551208b81b163ec9a9b
train,progan_train,bottle,1_fake,bottle/1_fake/08964.png,81214,e49f479d,17144141940,81223,8,ba31c7b599185cd4d6b512c60cd5a9afa13241212515afe7354d17556d0b0a6d
train,progan_train,bottle,1_fake,bottle/1_fake/09198.png,23915,0fe6587b,17323620149,23915,0,6e56a005a60a04bbd685c453b5190f1583713a66ce107ee9a98f18c1be5e7b06
train,progan_train,bottle,1_fake,bottle/1_fake/09516.png,112278,3eb8f84d,16049426556,111978,8,c6a7140b05c47e632f35ac0ca298bc0f67cc7fdc206b4823eeffb88b2a1fa096
train,progan_train,bottle,1_fake,bottle/1_fake/10283.png,103870,1e527daf,17332887652,103890,8,62067c6b5e7ae775a48e31463537eceaa12c769ffd2bc1bf8a113a09eb74329c
train,progan_train,bottle,1_fake,bottle/1_fake/10291.png,71088,91343b45,17114609626,71103,8,0482dc71cf921f22d8bebc87eb303de1e64ee24ffcbb56fd2d3e7298f6f5598c
train,progan_train,bottle,1_fake,bottle/1_fake/10313.png,119830,4bb1d750,16441276867,119836,8,4b3d6a1a63602309450b190165d00344e52d74f4c79c6d67055750d2b2d943a4
train,progan_train,bottle,1_fake,bottle/1_fake/10362.png,77648,ed22b1d6,16263298287,77484,8,369cd35094ae8540d07956bbe442b4dd48119df3c937fd5e2b4e8dea9430f82e
train,progan_train,bottle,1_fake,bottle/1_fake/10483.png,83873,2cfa31ef,17353559939,83861,8,0f837bfc784005bee11e0e59d35b04dc5a88ba5e347cdd4d71240636efa7da40
train,progan_train,bottle,1_fake,bottle/1_fake/10564.png,83303,3cbee1d7,17317957226,83311,8,7ca61a39b4e5788dcd928e6bc8352381233bcb62b4a552894534bd1d03a4a4e3
train,progan_train,bottle,1_fake,bottle/1_fake/10766.png,98157,c7f1977a,16594270691,98159,8,545e85e3528838107d5307b5c5974f6510d8d0542f946dc3fa4a653f348f20ba
train,progan_train,bottle,1_fake,bottle/1_fake/10893.png,123337,0ea34b39,17142751910,123341,8,39d26482ae5470c4f2e29d54448db3f229d373c1fa66fbc0ffaab58135149be8
train,progan_train,bottle,1_fake,bottle/1_fake/11027.png,121679,0b792010,16313697550,121699,8,74802b457449e534d7fea78b67c6c1fdc7288222aa357a14266629ab34567484
train,progan_train,bottle,1_fake,bottle/1_fake/11043.png,79323,54ce0e16,16659439080,79338,8,70e17f3658b2b9ac24aa3b446d52e6f3b51a8b78ebf36dd2544b01a084de30f0
train,progan_train,bottle,1_fake,bottle/1_fake/11156.png,83977,3b08c9a2,16064697976,83992,8,09a479bb0389b9eb6ad3b001039ceb85010457e0cbb1068198c7fc0a1eb961df
train,progan_train,bottle,1_fake,bottle/1_fake/11192.png,26939,60a84867,17573644084,26939,0,ca4d8042d305bed782749a088edd4b6f6b8eeb808e8af8402b26d630bcab58b2
train,progan_train,bottle,1_fake,bottle/1_fake/11328.png,109038,de1851ba,16362094142,109058,8,b833777d22c4d278dada0448d29f3808b52fd1e4c6023dab0dff7020ae3e7f97
train,progan_train,bottle,1_fake,bottle/1_fake/11475.png,119944,b2c896aa,16879821553,119873,8,3eb2860ca46ab6637240d4c6c1893d6bee213a771f52f7ae4757e39f64d38df7
train,progan_train,bottle,1_fake,bottle/1_fake/11622.png,92502,1e897f9c,17532343563,92517,8,b4438a08dd93c871b75e3bd0feffd46a25ffa635e2a992c064c471c390ae8825
train,progan_train,bottle,1_fake,bottle/1_fake/11652.png,118371,f50dbe42,16818670208,118382,8,b24fc6dba5d1d78c7f969037b37c9c18782175df43238e8235185e181bc5c489
train,progan_train,bottle,1_fake,bottle/1_fake/11879.png,53103,e3249a6f,16915757817,53113,8,b9a7ae29d9e7b6916bbce5efc88cc0018e4b877b6de48092ea0865678ee02209
train,progan_train,bottle,1_fake,bottle/1_fake/12001.png,109149,e3580344,17013211610,108746,8,41a4e5103dcd6e9ecc64a30bfc2e3ae6218820135d01ea5d9b60c19b7bcb85e3
train,progan_train,bottle,1_fake,bottle/1_fake/12088.png,105293,ce52aaaf,16830195763,105261,8,b4b3d343455ce0f6204dbc9dd86274d232d100e1ae848aa2dffbf28c1fdaf311
train,progan_train,bottle,1_fake,bottle/1_fake/12149.png,81456,eaecd758,16445195662,81471,8,69308ef5ad16e558431a5d5f945ddec2f5e6d64434255c05b5ca49de6e38b866
train,progan_train,bottle,1_fake,bottle/1_fake/12547.png,81590,fb4e93c5,16213452780,81573,8,d183e2d61a0aaf1aec69220db5b441f5ee84910ee52fb1f8b86217ed721a15b4
train,progan_train,bottle,1_fake,bottle/1_fake/12932.png,64674,5840fcb9,17107550378,64684,8,ee5e83f50dc5b6b9c2afd8753e51fbe78c46eb204c165f7dd2ea7f818f5695ba
train,progan_train,bottle,1_fake,bottle/1_fake/13016.png,121620,4240de20,17208630462,121439,8,9d3448c6cd94ec67f82eda908d7e8dab2aa541e657ea7b88a9fead4a4f98b153
train,progan_train,bottle,1_fake,bottle/1_fake/13082.png,56194,aea2880e,16482994472,55986,8,a8891c4f0092d4ef40b4a9efcb6a0dfcf32dfaab87bf532d36f224beee239fe0
train,progan_train,bottle,1_fake,bottle/1_fake/13105.png,79157,50c50a02,16776594013,79172,8,20a917a444d945608e355bd62f1dec8c26d2e6d62cdbbdf4402bddba7f8b011c
train,progan_train,bottle,1_fake,bottle/1_fake/13266.png,105979,8d341a47,16272391822,105999,8,1dd956e47f786ee371dc15ca63bb904ca84231ab48b4c145ee81675fcf1c829f
train,progan_train,bottle,1_fake,bottle/1_fake/13458.png,96069,a0312121,17424235542,96084,8,befc3b2b7476ad62874256bdc4f6715a7dbf88cdba75a61b898d3cefc1a47810
train,progan_train,bottle,1_fake,bottle/1_fake/13915.png,97302,3816aea5,17102439201,97257,8,83975f4379c0694314f6eb745bfb882f0885892c30fd4594d8363c535dcbecf0
train,progan_train,bottle,1_fake,bottle/1_fake/14009.png,126318,0774d2a5,17102083199,126338,8,9bda113e26c7484a78a6138ed3339db6f32023629ca4cf551db949358d2b6c87
train,progan_train,bottle,1_fake,bottle/1_fake/14066.png,96163,6ed2b7be,16803490173,96074,8,2c3cd8fd78213c50e1ea3befa59c266d4a9b45fd35e98d44f1aa86eb172a6e24
train,progan_train,bottle,1_fake,bottle/1_fake/14417.png,48401,2ead0e71,17214852647,48389,8,42eb039f3dd27602d2599814b24172377e10072e242308f91984a103cb52055d
train,progan_train,bottle,1_fake,bottle/1_fake/14447.png,83269,493f896c,16637573991,83284,8,0e02379ff77e775d9ccf325fc4a10023399af51d19900245349936fcbb7499ad
train,progan_train,bottle,1_fake,bottle/1_fake/14884.png,147857,7ad4211a,16075481975,147785,8,5d94511fef4815d761f04cb8356f07e9458db612eb64b12106dca3141988257c
train,progan_train,bottle,1_fake,bottle/1_fake/15199.png,141164,35f99bef,17168390576,141156,8,482a1b614f1279de2121dfb8866523bfebbdc1b414e4390fada7b62f50412d90
train,progan_train,bottle,1_fake,bottle/1_fake/15850.png,104600,c40a8d7c,17205087826,104620,8,f94f64d218f87b5a8d43315114176a182abf79e9d4e5ccc43cb3e12d811c8f08
train,progan_train,bottle,1_fake,bottle/1_fake/15977.png,96997,b8f1f044,16091628576,97012,8,e2c40226e89d3acd3e8e998f3bca1dab47912609ec0e95a08de526ced377fa27
train,progan_train,bottle,1_fake,bottle/1_fake/16083.png,56402,02655eca,16982437278,56412,8,e3b45eefec37fa7e1b60fdf3321d20da4d50137257764024d35d774eea89c378
train,progan_train,bottle,1_fake,bottle/1_fake/16469.png,119839,779fbcf1,16317681862,119842,8,c977e637e2e80ce9b8919f8574c366e812cd0f0c219e062f3b858335bc9f4320
train,progan_train,bottle,1_fake,bottle/1_fake/16777.png,98147,62a10dad,17289723812,98136,8,873507d7760859f97bb874a31cb7c52d30e66e1814f3c8ffcddeb9ecb4381dba
train,progan_train,bottle,1_fake,bottle/1_fake/17070.png,104896,41738872,16824000757,104916,8,b975bb78cf77e3c8414278f41bce43e1bdb81017d67b8d8bb88dfefed48a2184
train,progan_train,bottle,1_fake,bottle/1_fake/17155.png,63367,3d81d408,16549242564,63377,8,bb9c2f1f9ee07551db568c5d3ee036f57638152b4fb336c735562f913fe01e61
train,progan_train,bottle,1_fake,bottle/1_fake/17462.png,83095,0db2b99c,16835003109,83100,8,3fb8b8141237abe69118b24db34662b984de1f46fd084a0587c3b07a17664ce8
train,progan_train,bottle,1_fake,bottle/1_fake/17552.png,108835,d51e7652,16140791026,108797,8,e330e4979fae2f81b794179a48ddd138c30cbd747c92b51bde68da23377430df
train,progan_train,bottle,1_fake,bottle/1_fake/17719.png,134905,4fcdf20c,16608825399,134884,8,166a1d48eec32336c28ac7c1e40830791babc96a62f5165e01b4c8b1686804ff
train,progan_train,bottle,1_fake,bottle/1_fake/17836.png,25880,acac2186,16325929895,25880,0,d96a6eb615aeb271f9b1d7f4d535dbaace598a05f37c2ad7f255dde2dabe0890
train,progan_train,bottle,1_fake,bottle/1_fake/17853.png,80723,34cf9af1,17058189796,80617,8,9ade594a83001e68909ba1771c5a3b9a77d4ed3f2c6d765f24b99389a7686e2e
train,progan_train,bottle,1_fake,bottle/1_fake/17947.png,105210,c7fdcdad,17557907614,105230,8,37a81ed96849da3e95ec81f1f7290197ab655fe4323279085dd1a7dc783d1626
train,progan_train,bottle,1_fake,bottle/1_fake/17999.png,55018,32cfec7b,17457839946,55028,8,5c238c145c25b89ae9918cb3ffc2878b51067e553553bd626680c2106f284baa
train,progan_train,bottle,1_fake,bottle/1_fake/18167.png,35207,84e0e95f,17287519945,35217,8,6f6f74ca400ebf7b4c6f719c90c042e84bc63eeb589f4c86e51983745db563d4
train,progan_train,bottle,1_fake,bottle/1_fake/18176.png,74754,68170d4f,16718612592,74769,8,b3190119925239be7fc695578298debaba906bafdefb9d8a42599026b42a5a43
train,progan_train,bottle,1_fake,bottle/1_fake/18287.png,27627,6fbc964b,16969063798,27627,0,a1e2dcf2dcfc5b8eb30c4a59f341a80e6892abcb31677e6c58859b47ec99357d
train,progan_train,bottle,1_fake,bottle/1_fake/18533.png,80309,217162d8,16171287325,80313,8,af462b06f4439f70a980f63c647d1415bb3a2814f0a0e58f8a248db0686acd16
train,progan_train,bottle,1_fake,bottle/1_fake/18647.png,114045,50e6cf54,16834889225,113803,8,d2b8cc11ba15d3c4afde61f98623df1b8b2f227670df0c770063f31584b0d142
train,progan_train,bottle,1_fake,bottle/1_fake/18717.png,97722,f6f8b238,17016668581,97737,8,57bd012b7c988beedbe98555ccb37a5e02be77a73d3925be521bf59c4efbd66a
train,progan_train,bottle,1_fake,bottle/1_fake/18972.png,111423,bbe54dfd,17192107515,111422,8,94cd5a50d8ddc91a823206ef5c0d36d85021fe19d53e42531ef17968bbb16dbc
train,progan_train,bottle,1_fake,bottle/1_fake/19047.png,59537,183d17c3,16322365360,59547,8,215ee4918bd3fe2969a48b8afd1b8b28368fb3f8a7fc9fac317f757d1931c4de
train,progan_train,bottle,1_fake,bottle/1_fake/19189.png,132873,49905899,16312219346,132898,8,55b869ae7500d5928d22cccad47466dbf83ba19d14775e8041fe09ba12c49a50
train,progan_train,bottle,1_fake,bottle/1_fake/19294.png,115943,8a3ae41e,17088316990,115957,8,4d1e200fbc7860eecf266d0c46c41ba3c5ca77911783dfca1c1bd5be8075378f
train,progan_train,bottle,1_fake,bottle/1_fake/19518.png,99852,ebd531e8,16319422931,99813,8,fbb016e1421f2601fe10051b03f2741f2ebd33c906614c25a8fb2e014d20a499
train,progan_train,bus,0_real,bus/0_real/00075.png,114455,dae86d2d,19079688138,114292,8,4822d50d1f7f55efa5bf85076a636ad7bbdca044ddd44bfe4b6e1d62a8d95a9c
train,progan_train,bus,0_real,bus/0_real/00086.png,138195,e11bec23,19150965932,137989,8,d29aebf0020263eeda1b2008b391eeeafe604e385ed8d55aaad2d106e8bfddb5
train,progan_train,bus,0_real,bus/0_real/00160.png,104441,c6734781,18635458618,104444,8,248ef8402536de9b50bbd50325f5fb2d68f385136f28dff365e7b6aa6dd43ce1
train,progan_train,bus,0_real,bus/0_real/00208.png,114328,6b9030c1,18670966736,114120,8,1434970a9bdde7f96e4c038ffb9eab6d66a896d34d89e8275bdfd73d71b658f0
train,progan_train,bus,0_real,bus/0_real/00460.png,93980,1fed7cb3,18094247111,93953,8,b46da36f49f4c16231c8f760767118e8a6f56682df3256838ba646425116cbc5
train,progan_train,bus,0_real,bus/0_real/00477.png,127182,a17e9ecb,19156842018,126997,8,1be1360d53b5e2b92842f07dcf2816bc67882a455aafb25f635e58a57f8224b5
train,progan_train,bus,0_real,bus/0_real/00510.png,100579,421c3829,17943681773,100260,8,e8fd5f4e7e57430bdaef20792fc828d595e6ab8224ca859079e2439784e2789b
train,progan_train,bus,0_real,bus/0_real/00839.png,129313,b1aa46ff,19339490125,129311,8,0050522cf6b96e5b6c2566f81ee54d433cd1b03c97b954698c78511b8ae98a69
train,progan_train,bus,0_real,bus/0_real/01308.png,98744,3d9ec8ae,17766487731,98675,8,a5f41e0e2ddaa8be489c83d3bdc42d528b98c73e44fe020260de4c59958a19bb
train,progan_train,bus,0_real,bus/0_real/01447.png,131155,dc5e5f7d,19110958076,130374,8,d185334cc4d5780ccb4e026f680ff967d284902ae93e4b23a1603ebdb94ad483
train,progan_train,bus,0_real,bus/0_real/01851.png,105642,3ceac067,18633987119,105662,8,aa095793a4d951d26a2d969a511558cfdd357d87a2828ea8429b926a2b7c7032
train,progan_train,bus,0_real,bus/0_real/02064.png,107079,18ae389c,19051095580,107099,8,dd720b540066e3641516b99236733bf2f2d5c965861cc9d826285a88fc1df2c7
train,progan_train,bus,0_real,bus/0_real/02713.png,117852,b6796f43,17622080405,117849,8,9ff1c346d60cb47b3d35dd8a1c1c2cd8acaabd5c7f266801691a5574d9b7cda7
train,progan_train,bus,0_real,bus/0_real/02761.png,61563,ebee4b38,19113763467,61480,8,542bb7eaeb1b621a26ed71fac742a721643aa94a71f3c725829c6f060af69ef2
train,progan_train,bus,0_real,bus/0_real/02863.png,107602,d8fe3cf0,17628068587,107441,8,c2ec758389db3eabe17ce964bc4b27ce42e5ccd632f585b03f96b61a33a9c17c
train,progan_train,bus,0_real,bus/0_real/02886.png,55753,481727ab,19417908110,55324,8,f5f0cb89f2e55ed9e9fe9da22f9e19c532dccfcceda708e098ddad6572aad8b4
train,progan_train,bus,0_real,bus/0_real/03020.png,85932,bd06f7fc,18476870067,85658,8,0ab2caf0cdb76b633ed7fd586c8116c465b8406999f2067e218477177e153d73
train,progan_train,bus,0_real,bus/0_real/03335.png,112185,13375d84,18284671921,112112,8,1ab65e5230320b27e2eafdecdaccf818cd47029fa3f0851384f8a3b5f3384db4
train,progan_train,bus,0_real,bus/0_real/03836.png,109309,64aa7f59,18576982393,109286,8,9e875400d3187d2a4f038dbe41aef84462e99e36e4c98c12f3e3f870d6321928
train,progan_train,bus,0_real,bus/0_real/04434.png,118346,7fd34964,17708611323,118224,8,485c54ae052f169eff524221b3c5559d17bb70885c1a1f8cdd13fb09f1728ea8
train,progan_train,bus,0_real,bus/0_real/04692.png,123167,f898e59b,18754317576,122930,8,a017f0fe19a906633d804c8b13d528f0ac42bab2a25d95d51328ab3b845c4c82
train,progan_train,bus,0_real,bus/0_real/04936.png,78880,d616d238,19107365088,78880,8,9feba5935698ff9153b03eb6ff10e53f48b098117b996c304f78bc1c3a822bda
train,progan_train,bus,0_real,bus/0_real/05666.png,118251,a1725c31,19053999847,118247,8,2e0d54531f4f1d1b3027f4e439186ef4e57dfe01244d12d49146d3acda5574b5
train,progan_train,bus,0_real,bus/0_real/05800.png,151108,e515594c,19140775238,151105,8,0f69f12bdcb4cf616e62dca96bcd80c4eb0f0518fb67bc04586357c6b49cafb0
train,progan_train,bus,0_real,bus/0_real/05929.png,134501,13222a0c,18166424922,134434,8,e528cbc48cd77b5d75804fb401a3589f4d654e0bb5f9b40b58a80ce2dcb75444
train,progan_train,bus,0_real,bus/0_real/06010.png,123748,0ec66c50,18623987450,123724,8,1395f53e98d7e6dbaa6b0aecb6a7483686ed0eb701c3675ba2bf1ac789c79ac3
train,progan_train,bus,0_real,bus/0_real/06164.png,86776,a30e1070,18798501002,86673,8,6cfc68a57f4a262e781e238cd8c3695992882f68b38e33705500b23a9b12c611
train,progan_train,bus,0_real,bus/0_real/06340.png,126015,545de6d3,17603693514,125997,8,9cda3ea1d9a7bc124c361045f791cf3b6898cbd89aa7b575f17674927657abea
train,progan_train,bus,0_real,bus/0_real/06544.png,111708,dc8b11b2,18815328940,111669,8,3f66638cb511970c2a82af351a5ecd5708bd03e52238d90e470039d41c1afc3d
train,progan_train,bus,0_real,bus/0_real/06731.png,78419,cc0f9b43,18324290427,78275,8,2c9ddc4ce51c0b1de732b798f753288da7288801bef752afd1c998d0c77a8203
train,progan_train,bus,0_real,bus/0_real/06851.png,133268,90fa3c0f,18635224237,132934,8,bad76d1fcf4855fb15d3149b3e42330aa7a57d2b685e04376f5de9d9bef432fc
train,progan_train,bus,0_real,bus/0_real/06898.png,104877,cfc8c517,18264784589,104783,8,e20f4cc5a05975a290037d7f87b4d346190de30c773e4cdeb2ac55e67a3e9155
train,progan_train,bus,0_real,bus/0_real/06927.png,116200,249c3eca,18817702552,116215,8,4497289ea8ac57c3c28c75dc87714dc0adb0749882c475efca260e2f18b2f985
train,progan_train,bus,0_real,bus/0_real/07424.png,62471,d4f8322c,18229911386,62174,8,7bbeb02645fa75bf38223cee5c1d4ad4cd8d67689328f3c2c4679d090633ce65
train,progan_train,bus,0_real,bus/0_real/07449.png,104575,c83c4644,19326420471,104532,8,76ac9f7f59ea707e63b97492b69cc88b85294fca35bde8117c23237083595abf
train,progan_train,bus,0_real,bus/0_real/07985.png,84134,95b5d3f4,18806173205,83931,8,b3b2244b7f55dc9dd650f9b6669e94f9447e728f00dea68b1756f5dc1cae0723
train,progan_train,bus,0_real,bus/0_real/08389.png,86253,d7469897,18983492312,86211,8,bb654f1a35b3a46f2f9274c4becfaa192e8c9719d4c126066a6d809c80bdb1c0
train,progan_train,bus,0_real,bus/0_real/08693.png,106587,44043b34,19436863613,106570,8,67adcbc8e79f34d09e6b46cd81216f93d934f1cea603735cd06d3b95fb91b129
train,progan_train,bus,0_real,bus/0_real/08991.png,86128,fd521ff3,18126985392,86110,8,43eaedff26c9776a47ac9677bbae755c5f1a043069ceb0b374cf4d469635343f
train,progan_train,bus,0_real,bus/0_real/09112.png,107279,b02da35b,17775327851,107118,8,54590fd26c4385540f23c1b4c89ed91ebb317b04ebc64d38b40aa7d8079b8d6f
train,progan_train,bus,0_real,bus/0_real/09177.png,108448,2e2beafa,17651981969,108421,8,a92cb505f3036befe7cd68e5d894587f7ca8beacd2489a651ecff2348ec1976c
train,progan_train,bus,0_real,bus/0_real/09394.png,119522,2fddfd27,19170450390,119322,8,c4cecd0b6dd0ca77b5878c923a64a3377019a04c74870f511f5b5cec4795bbed
train,progan_train,bus,0_real,bus/0_real/09648.png,126208,5adafe59,17680301095,126216,8,aa2aacdc09beb0b184bfda9767c40224ca45434277414c555aa12fbf9aae16b1
train,progan_train,bus,0_real,bus/0_real/09773.png,101974,e6c6ab45,17802990466,101749,8,de46bfb69c32da9bfbe0fe36c2cd274a78d04badeb0d4dada82b1539fa8737ce
train,progan_train,bus,0_real,bus/0_real/09975.png,132879,a3a01d86,18534425856,132904,8,2a7f34bf6f5fdee196ab0ae1bafa2381d89e765e4c3ff3fb28a7e582f3156657
train,progan_train,bus,0_real,bus/0_real/10149.png,93871,c7002cd6,17652090468,93497,8,0227f96eedff6edffd1af29ea42bdbaa8967910963b0a73021572371dffbf654
train,progan_train,bus,0_real,bus/0_real/10414.png,142675,d7b8f17a,18125233546,142669,8,6495fe200acd9586ea306853b13242f9fa0a448973cd301a3a089b46400e8017
train,progan_train,bus,0_real,bus/0_real/10498.png,40327,be2c6f6c,18746308990,40219,8,30b4f34672dbde5698ad129893a405b1b718267c33958e916b7246c258beec31
train,progan_train,bus,0_real,bus/0_real/10894.png,129546,97eab42b,19007509030,129493,8,484bc94157428cfc11588f1d60f0efb4cbc1448b040358e7f1fa186598dda04d
train,progan_train,bus,0_real,bus/0_real/11010.png,83347,10465ac0,18617919377,82977,8,dd5326477c12c870ff5d716dfd6c90bf6ec1d5401a3873eb17d9c491ba1e7469
train,progan_train,bus,0_real,bus/0_real/11137.png,81070,3d26ed61,18788988806,80656,8,e8ccbbc893212689faacc174dc94e19e109fd54930a99c32a6d645804cbdbdcb
train,progan_train,bus,0_real,bus/0_real/11150.png,105040,b77b53bf,19103374453,104810,8,ad19e7d209b232523b45d45c40153351d9f6d686829e888918cfbaf15006893a
train,progan_train,bus,0_real,bus/0_real/11165.png,118553,8de43954,17878902097,118502,8,db9542122488955150412fa40f7751770d0e88a7f66ce18d5189503e48200f71
train,progan_train,bus,0_real,bus/0_real/11263.png,104734,afdcba2f,18491096365,104729,8,1c238bb2c95b1337ffc741f9130e8c11c652d3b2c8957d7450780d25dd6c206e
train,progan_train,bus,0_real,bus/0_real/11305.png,139470,b24568ce,18683273707,139175,8,f873edd5b916fc9ef80d380ae6b10a7fa695ae92fd36292e2133fd16f11cc872
train,progan_train,bus,0_real,bus/0_real/11309.png,132654,4349ae52,17715182194,132499,8,c715d46581e2102e95cdfa8a13c1c8c18c99819bd35d5a00bbcc56503eee60cb
train,progan_train,bus,0_real,bus/0_real/11627.png,121610,6fdad8fc,19096755520,121602,8,d312e96a1c09f613101d69e2be11e65de904801c8dc507c204412548941012e6
train,progan_train,bus,0_real,bus/0_real/11703.png,79049,afe68ae5,18008056727,78838,8,5165c747a81a4bd4ec18645792d455bb28e4855b542a4223e6762ddbb413d7b4
train,progan_train,bus,0_real,bus/0_real/11724.png,104262,80e8d827,17786409234,104242,8,4f055fcde2de0143d7af7739be50b2a0c50d57f575d37c62cfe45ecbb8da725b
train,progan_train,bus,0_real,bus/0_real/11897.png,119176,300ef207,19324620408,119152,8,b335c74b8e410d1e211d2af7540aa1cfa2d0f9cd177950227bbd7f85306a9094
train,progan_train,bus,0_real,bus/0_real/12031.png,111561,8cbff7fb,18904462324,111537,8,01736731dc97ceb5aaf615a284d9607342de71b99fd7fc58afc8119df78010dd
train,progan_train,bus,0_real,bus/0_real/12230.png,76708,9c22cfff,18994522935,76323,8,2463afb866148efdc335b7dd3d8df0a1cbe4012c0dd564287bbedba625d79f22
train,progan_train,bus,0_real,bus/0_real/12235.png,91990,34cb7fb2,18604969824,92005,8,10a128c35417cd2ca6bbc45d4ac9bc445dec88eed48d70a969e850b862b0505d
train,progan_train,bus,0_real,bus/0_real/12610.png,103633,fd989f76,19199845276,103459,8,7d1ddd37ad972d7f03919b50741ff02b878d51a9a333906a526d0df9b0eeb616
train,progan_train,bus,0_real,bus/0_real/12671.png,89670,da5d68fd,18252917676,89685,8,0b0a0812cd631372c7800390db6e96c5904fc8c9c24c6fbf152f92d2983563ef
train,progan_train,bus,0_real,bus/0_real/12795.png,91901,cfd67e8b,19429167472,91838,8,3661f30b00899c4b8f8a30b1f1e667dbf1d9f7bc5cf8189c41b7e15afd884cb9
train,progan_train,bus,0_real,bus/0_real/12843.png,133440,f5da0488,19369808090,133234,8,561641a0cef84376e956d790f8ff710aec4a5329a231cac59c15ce1ea70f7567
train,progan_train,bus,0_real,bus/0_real/12869.png,55680,bac4a413,17969514056,55182,8,e65999a29494b001b6767d302853242926167f9c88f18b3796db28e109ea5088
train,progan_train,bus,0_real,bus/0_real/12877.png,107800,cdf3c570,18625272452,107786,8,bc8f874aeef4a3246a6b30924cac048af54ed59a84bdc34e27411d9e0b49c799
train,progan_train,bus,0_real,bus/0_real/13181.png,142652,42f82991,18674684963,142266,8,85e9625ae114208d512049cc1c6b8999359c81bf9f1ce627219550e3f41f286f
train,progan_train,bus,0_real,bus/0_real/13701.png,131554,c50acf40,18426418304,131461,8,7931fec8f6134b403b02912ef35eaa26b7e4dca379c102793b02647f5eef668a
train,progan_train,bus,0_real,bus/0_real/13729.png,141341,26af9ead,19192195196,141325,8,b03af32e1f3f190a0768b2f401698b6f221e8a4ebb9650ec8426eb002f8ae219
train,progan_train,bus,0_real,bus/0_real/13754.png,150691,2a011c2a,18448227330,150649,8,59e528b03a1bb7d1e767e099d9ef024767b181eddcc224a240b133c25a3140dc
train,progan_train,bus,0_real,bus/0_real/13767.png,98290,2ef1b910,19412612137,98234,8,6bb0b288d7927c859ed5f859346fa3faaf1d16cd8af6a3538d4048c3d360915f
train,progan_train,bus,0_real,bus/0_real/13812.png,127371,482ed098,18020984633,127293,8,0c89df38cc692598d330c2155b43df63049d218f2e51828f0231b72e5b740786
train,progan_train,bus,0_real,bus/0_real/13981.png,108592,78f2ee04,18345611842,108552,8,a58c5cc89c880e4f92491fef5a8101809696e28254ba5aba65fbeb24dde2292e
train,progan_train,bus,0_real,bus/0_real/14002.png,82336,195c8b09,18014714658,82351,8,209631400563a1413412928807d9b9f014994be8e9caab4b44195aad9ab64311
train,progan_train,bus,0_real,bus/0_real/14151.png,124588,3b61daf6,18094754270,124581,8,5d7f824d900444799b6f84fedc5419d49b5e33869e5ec9ab63abceb2aa0bd133
train,progan_train,bus,0_real,bus/0_real/14225.png,84527,f06e138f,18366659422,84405,8,c31f45001d72df602d60b3959c2aa2bb1ce115241e42d161605770792a2c1023
train,progan_train,bus,0_real,bus/0_real/14397.png,102034,2bdb7150,17778141349,102052,8,e3293313f8c60cea410f969b85ac565a777756161146904087f244b4445931e1
train,progan_train,bus,0_real,bus/0_real/15056.png,103052,398cd764,17897689815,103050,8,40d7c0b0bcca8f0e163e44a9574f1e412e9bb3debd9e0cb3f724335d925361c8
train,progan_train,bus,0_real,bus/0_real/15163.png,82946,d862e3e4,18252268185,82946,8,0da665818df852725b6ff1fc0d92a8a3a0bcce42e731678a53abcf55aabdf381
train,progan_train,bus,0_real,bus/0_real/15174.png,75683,042ac44b,19296583690,75636,8,767f81175b75c06d76fa03f634667f5a6957e5dfc9797cd8102e4a8a950fa0c6
train,progan_train,bus,0_real,bus/0_real/15252.png,100069,44bcca19,17669210708,99922,8,8a5f10e35d9de88442c0c2fad7c562bf927edf7179bec6ce3ada2bd957e709e7
train,progan_train,bus,0_real,bus/0_real/15298.png,111584,a874ef49,19265361033,111588,8,c8260c65ae64a913d66fa574ad45dbef9e26610c93190c0a9009412633e941c6
train,progan_train,bus,0_real,bus/0_real/15896.png,91365,86aa36e4,18953412959,91363,8,2f90e10f8c177949077a85d051a13637c8251a1beddb1a0cee93b975f43a8651
train,progan_train,bus,0_real,bus/0_real/16036.png,147751,86f2b9f1,17612724814,147475,8,bbe74b55267b2948761c19f3b9519c380e73923741d5151796eb5e8caab67adb
train,progan_train,bus,0_real,bus/0_real/16211.png,105656,9053018d,18151561896,105634,8,c3a1647a1a1d0dd8d8468555cb57dbf1b78d23dea34f4817f1d7c1301750f9df
train,progan_train,bus,0_real,bus/0_real/16321.png,86990,bc87447f,18356120581,86977,8,1e7404aa65440229a5543c5c7ffac70235ed8239d6e4ba0152fd4dfc2e0bad69
train,progan_train,bus,0_real,bus/0_real/17050.png,113580,ce156be4,17948949141,113291,8,d147ab13c4da9505e165ca6a707652208073761f3e53b53c48f55202be5af265
train,progan_train,bus,0_real,bus/0_real/17781.png,100314,1c0c4986,19254639158,100319,8,a65cd5301bafeae7251e30437011ed7644fc0d136bfa5b92905773b2d511b89c
train,progan_train,bus,0_real,bus/0_real/17830.png,157835,7d22df53,19066879191,157664,8,03ede63da4a518eca1d165e2c65f2120b02ff3291b6defdb0b16274b4dddf928
train,progan_train,bus,0_real,bus/0_real/18043.png,108393,2eea082c,19211203116,108405,8,6ba28ea4b4885d31538c75496d3fec8609edff83634ee7f2d33b140881857494
train,progan_train,bus,0_real,bus/0_real/18841.png,109049,893553c5,19443027631,109022,8,a0822a35af7886d992a3c0097a00521f0b6dd5567dc5ea0650957f14700c6df2
train,progan_train,bus,0_real,bus/0_real/18939.png,65876,31078ac3,18669283182,65588,8,a0348e43cb9861929d9891775904e468dcb2568d74981afb64f8fcc2d24f22a7
train,progan_train,bus,0_real,bus/0_real/18961.png,148366,a81e1806,18173871855,148257,8,14500f1bd4f1824a5c2199f37949f9a976d24a311f7333987a24b1e81d43aa7c
train,progan_train,bus,0_real,bus/0_real/19163.png,85062,59f82b61,18215324230,84964,8,7ca87bc6c719a15aa54175459a1a31fc6bb11d77ed112937b319fb658fbc0871
train,progan_train,bus,0_real,bus/0_real/19236.png,107547,3420e255,18091636783,107567,8,ab6fc49d5f5952175317bdf93effa4b4b741d20a9bb4c8b1add77a19e32e55fe
train,progan_train,bus,0_real,bus/0_real/19554.png,75422,f36cf493,17585110147,75437,8,615f48d0a08b0096a32f4d2e66bafc081cf9406e0fe6118b77a39c1ebd37331e
train,progan_train,bus,0_real,bus/0_real/19956.png,107016,af93baf2,18350168014,106991,8,1a2df95f8a4304b4b4c41c6154e30f7ac967fe281e28fb331d9e1a6a3adc6b80
train,progan_train,bus,1_fake,bus/1_fake/00128.png,106633,c78ce01d,20300599108,106583,8,b651f2d915a00ed218542d00a744d7197e78cba6c53c6f874d8df3109594d5b5
train,progan_train,bus,1_fake,bus/1_fake/00376.png,117316,3ec338af,19560361408,117331,8,246dd3a2dffeec7388f48a3ae393ded7048dad3a3b1993580021dafb80809b43
train,progan_train,bus,1_fake,bus/1_fake/00510.png,118265,b2a83b96,19832852115,118013,8,e03566c504ced7ed2b919b519094d54260af67733dc6a5861af96b0336f64728
train,progan_train,bus,1_fake,bus/1_fake/00806.png,93680,14fbb3a4,20570656750,93484,8,1826514a9af07214db4f2d59ec93746db1638b374835e77d1569eb3ce1c6dea8
train,progan_train,bus,1_fake,bus/1_fake/00825.png,107337,bdb1171b,19897623248,107357,8,4cc753fd2ea4700543ddd26aa97abec179927903e0d2b460baa4fac0fb09a434
train,progan_train,bus,1_fake,bus/1_fake/01077.png,93663,f4ca67af,20656126679,93660,8,86cd2e15a828ff02e4d27d42828749a4140b1a6ff5b8f052c4b7ac349b2614a5
train,progan_train,bus,1_fake,bus/1_fake/01456.png,91015,c2e6d1cd,19750492498,90993,8,8b8ede614e71b443fe5d79db10de37f3b5a00c291bd1baff4cd79b3d450bb6df
train,progan_train,bus,1_fake,bus/1_fake/01482.png,125557,55ef318d,19489270173,125476,8,fcc4403bd8595df2898848d3bd82db0256a8ad0c384a8356115541c055c7ecc9
train,progan_train,bus,1_fake,bus/1_fake/01888.png,143956,20238f2c,20489515222,143878,8,04a268ad7cdef3dc7b827be1b8f3c3e42fe18bd08b52740cba189d6ccf1e7fda
train,progan_train,bus,1_fake,bus/1_fake/02083.png,125607,994ea2e8,20855071240,125180,8,3d5316095b9a5d24f45eec1d8ad8e7ff1180eb5311af072fb2a5d59018dee14f
train,progan_train,bus,1_fake,bus/1_fake/02344.png,115090,6da73be3,20139302508,115041,8,2f8448e478d3dc992b058745b2676f74e2cbaa8f356e4d7abfe36e97007cb0cb
train,progan_train,bus,1_fake,bus/1_fake/02375.png,121881,53f16ede,20595907345,121753,8,50f4005d853da7504409a9dfcea7a345d751894107b914ae3a80a073127b6fa9
train,progan_train,bus,1_fake,bus/1_fake/02457.png,81881,51867d65,21382356159,81769,8,27ef2e34ffe3ba5a2b41bf06e9544b3707e9cf73bb57dbe76927bb070e8473cd
train,progan_train,bus,1_fake,bus/1_fake/02821.png,129251,1784f93a,20777640629,129198,8,acaa5d4eda0112a1879e624173a3c3c7ea6477d11466662f8a739fc9cc450ba0
train,progan_train,bus,1_fake,bus/1_fake/03007.png,127175,6e504d27,19841689019,127166,8,c06f5e6cf63e92790a5233857239f86a5306cec67943d365270ab62898801958
train,progan_train,bus,1_fake,bus/1_fake/03059.png,108293,bc08bfbc,20248535769,108296,8,d213183a00cd837e2dd8a069827d9308bb475fbfb408b26bdc2d4cca2ce9142f
train,progan_train,bus,1_fake,bus/1_fake/03156.png,98594,5e22ac41,21152918909,98582,8,9007bc4c0502b2b5cf0c204804d51ee151d2b9394e4e2481c87c510c6003da19
train,progan_train,bus,1_fake,bus/1_fake/03281.png,121961,9615a5b8,20401950571,121938,8,bcb178406a549ed361e929514c6b9b02849e80554a0dfc8bd9b3006b924ca0da
train,progan_train,bus,1_fake,bus/1_fake/03550.png,156384,d2a59d16,20545430566,156388,8,04c51f8bc5de8f51f03210fd79b8085d68e7335d236a0e116924b8b51f4dacb9
train,progan_train,bus,1_fake,bus/1_fake/03855.png,109404,6b98ac40,19472328353,109405,8,cc69514b5931c806dbe3f998c6e1079477856f309e5fe14f202eec4ddfbea436
train,progan_train,bus,1_fake,bus/1_fake/03862.png,85903,6fc4d8e3,19952399327,85888,8,06a4686144a6588607d2a201ffc56fbd66fdd2490e7458ec95b7d3de8d7201c7
train,progan_train,bus,1_fake,bus/1_fake/03984.png,125993,de25154c,20830114907,125994,8,822d73090c5c5ee4a6b8f59c645dd269c8f4dcf3b71e9113c4b3b38fbaf48503
train,progan_train,bus,1_fake,bus/1_fake/04567.png,150762,408396a8,20306315981,150354,8,b59a0fb5f3b88f2ff2405d00b6f228b725a61cc36df9f2efb9402c9966c7c41f
train,progan_train,bus,1_fake,bus/1_fake/04701.png,126003,0e8539d6,20312407345,125878,8,ae37ed0547ed49c3452ab5222cad537d2e551ccddf4b2cc335305e7b95957a73
train,progan_train,bus,1_fake,bus/1_fake/04930.png,109292,60eae698,20895525426,109312,8,fc5241b5e0ee80bb8b19b23ef4c0166a454b2f20ca55a50d49e544dc7a6b5c71
train,progan_train,bus,1_fake,bus/1_fake/05123.png,101146,42c92d19,21214609596,100947,8,e8f3b6a828292c868f687fad7945e044edaf7254d26359bb2bfa3e273efc2e7f
train,progan_train,bus,1_fake,bus/1_fake/05354.png,93275,b7457c1f,19850138759,93285,8,4937aa11027a7d272b509c6c81ec4382db12532e3a2b3f86fcec9ed6164094e4
train,progan_train,bus,1_fake,bus/1_fake/05475.png,94603,af3ac253,19630991927,94520,8,1afa099e6bd9bf2566d1803f431ca8e196b4b3885175c2cd7e7361e42f59cf46
train,progan_train,bus,1_fake,bus/1_fake/05973.png,128388,1b01ae93,20353708280,128135,8,93cdd2d0f75e58289e0c067be8b6d5e5698701d500ca0675cd46b569eb0492a0
train,progan_train,bus,1_fake,bus/1_fake/06246.png,98337,4336a87c,20734145813,98324,8,37f584af82d79472de84d8d2d52ea08c58837a87856db0c89418c58380718f00
train,progan_train,bus,1_fake,bus/1_fake/06271.png,116184,440b3305,20077902886,116204,8,3b6cbd16c2731e12ba4accaca6bfd87608095050a36909c6d735569e03c7b80d
train,progan_train,bus,1_fake,bus/1_fake/06577.png,84173,35f3e759,19697059320,84098,8,d466da382794b3e2d3c5df650a89b5f2581f9619a691e4357f1f21529cc23da5
train,progan_train,bus,1_fake,bus/1_fake/06884.png,84291,5e8b83b6,19447808178,84223,8,7531d32a6a8c6bc55d0d3223ffb97760463d717433f2ea6bf8f4139ba47c433c
train,progan_train,bus,1_fake,bus/1_fake/07154.png,101294,0a2007ef,20691756448,101283,8,17c569f211a19d78a9db020d0dfb881fba4f96021d4f30f4702ce4423ea20c43
train,progan_train,bus,1_fake,bus/1_fake/07334.png,108552,25f74e0b,20955720602,108566,8,ed4c4023b1d77366eb59bb7b8698b206dd1ab834b8f44aa9aa4e92de2d79c085
train,progan_train,bus,1_fake,bus/1_fake/07524.png,121324,5f5faf71,19466847860,121344,8,04c5a2078e691d644ef173b428546ce98d99da33ae791f143e5a8ad48f7d66b3
train,progan_train,bus,1_fake,bus/1_fake/07537.png,100526,21a15179,20299982081,100527,8,94e567a07b537ec1c2fb0fe2b8f5ed21fe0bec356599870b454eda1a68b33ff8
train,progan_train,bus,1_fake,bus/1_fake/07734.png,96947,6cd397ea,19498434139,96851,8,f8a6c2cf9594596f4ce0fd0cd623d223329b9f13a8b1d27ec54d2b41ec14d86d
train,progan_train,bus,1_fake,bus/1_fake/07744.png,90301,82742b03,20574393660,90313,8,8dcda7d729b9f03fb276af9ac5d51684367e564cdb328d02ff077c5e929934a8
train,progan_train,bus,1_fake,bus/1_fake/08497.png,116197,f3f48d3d,19959504741,116034,8,57fc434062327c3bc1319ce1bb74dde1eef4527b334ac0114c6c97c3f9dcf18b
train,progan_train,bus,1_fake,bus/1_fake/08543.png,93470,2e51c2b3,20871886039,93485,8,4dca3bc87f4cdfa5310032dd4aff8875929f7caa943e81fac7adcd89f9271b7c
train,progan_train,bus,1_fake,bus/1_fake/08883.png,79267,2cd1b3a4,20300198671,79282,8,46c7b4a7e4d55fda89534f9cd2d3e9e1b436515aa4d6f6ac7455f803516a588e
train,progan_train,bus,1_fake,bus/1_fake/08919.png,115816,127f078c,20434372856,115737,8,564ddad227744c0433723bdacaf303cf2edbea812fb082c33b11f5f0bba24c86
train,progan_train,bus,1_fake,bus/1_fake/09030.png,105379,52f5cb25,21361270318,105387,8,2b05c5a833ebdc0697fde3cd3d71383849a1336bdd3eee34076a1c8c4c01fbaf
train,progan_train,bus,1_fake,bus/1_fake/09049.png,99314,e241f331,21086720317,99327,8,261f67eea56cd9a04b8a8703786727590763b14997e338fc699b90e44d5f8822
train,progan_train,bus,1_fake,bus/1_fake/09097.png,133700,a03458d4,19508141888,133695,8,6426d981e150b3e965b1bd7c2092c2d20b3da7825870a151d4fd51e6711041ac
train,progan_train,bus,1_fake,bus/1_fake/09374.png,96013,858a057a,19882644470,96024,8,7f13c7c2ba39152835c649ebe948f906b1d62d7b1d4e7191c01bf2c5817fc758
train,progan_train,bus,1_fake,bus/1_fake/09594.png,101157,8f447010,20968214471,101177,8,9710ddac4f32816a52c41c315c4304dfeb18a0a96a9dbae8d5e1cfa6be7aa78c
train,progan_train,bus,1_fake,bus/1_fake/09848.png,118807,bd745b08,20756347101,118763,8,c7c47e8fd21bf47857a87ef11f9f9456016263a7224dc9ce7298611ac504593d
train,progan_train,bus,1_fake,bus/1_fake/10150.png,132348,c95437cc,19772869775,132089,8,6f1bd2f017609bad25fa159c069198c046459d3cab151ea00b2350a9afe575b4
train,progan_train,bus,1_fake,bus/1_fake/10195.png,121316,d4c3712b,19628873110,120884,8,e93ab8adff70a8e242e65c211573a0ae4ca4e8d117306bc435a8f3d38ad21493
train,progan_train,bus,1_fake,bus/1_fake/10220.png,97465,53743a32,21369787523,97426,8,ffec99523d374fd1322dc6718893db403e61b947c21b0a404d890e270ea26559
train,progan_train,bus,1_fake,bus/1_fake/10280.png,103750,c2400936,20384445970,103618,8,d110d911165cca76c593952a94e8587c4ffe08650a0a5ef1264680475983d226
train,progan_train,bus,1_fake,bus/1_fake/10298.png,107315,0d02955a,20005807521,107335,8,23bf53ffea54ac773e2ff540e25ee22f5c5677304e432c8b3213d68ff369366c
train,progan_train,bus,1_fake,bus/1_fake/10322.png,108924,809d4e18,20376939184,108764,8,52ed30a8ac1a51c565cff5695b12c4dff8d17614ed372f5a6ca7f0bdacc9e205
train,progan_train,bus,1_fake,bus/1_fake/10340.png,121505,ac7aa46f,21169022426,121211,8,d5dd5b1d4edb8094a464579d3da73ef91f2b85345505aad0fdf9096cff2df71b
train,progan_train,bus,1_fake,bus/1_fake/10424.png,99660,7e09811f,20835640090,99680,8,f1c28938f5243959f02874d8bcda2ec25c4c2b45212762e2660359c27602d8e4
train,progan_train,bus,1_fake,bus/1_fake/10434.png,109964,8e97bf64,20747743364,109946,8,b97505e2cca398238b899f9e566230f6c51715193a3f60f23934f60e9a8faff0
train,progan_train,bus,1_fake,bus/1_fake/10685.png,123263,c3889c0e,19691462008,123026,8,a4a2ce961d62d4d6eb2c95aa83c34143baa7886d93855d71e26f8d216ce6af74
train,progan_train,bus,1_fake,bus/1_fake/11293.png,121119,88132858,20891165148,121119,8,0215cd7a204afe5e9682a5df503494f78c4de1715cdcfd4166b7cdceb05ea370
train,progan_train,bus,1_fake,bus/1_fake/11472.png,80608,d0dd55f2,19532006840,80616,8,7718e1d7b99b3e0b32073e1511e20b204484f192f6eb1fa18131888acd37b80a
train,progan_train,bus,1_fake,bus/1_fake/11585.png,93845,e2bb4707,20551908355,93827,8,55d2a01900ca80a8cc61690e916d2383be4e529fc98f600c3a9953ccb36567f1
train,progan_train,bus,1_fake,bus/1_fake/11716.png,99636,0bef3b9e,20138852723,99542,8,e449bfc6f523053f14d0e677b2dd20cc74df8534765b60c7c2182b438e2c364b
train,progan_train,bus,1_fake,bus/1_fake/12498.png,87295,89b637f9,20542846215,87243,8,b4dfa5fd4f1a1723839700455ff2b607f6f274b203dc560ccf3115ed4965a9ac
train,progan_train,bus,1_fake,bus/1_fake/12524.png,123185,575b0202,21229215447,122908,8,96af349b3da362927351fc83d69729864803d9eaf63489f06d1814255747df10
train,progan_train,bus,1_fake,bus/1_fake/12813.png,101065,9d734872,21113034596,100819,8,7e2ef50e9627f732547f5f69fbcbda93d53df7c099120e6991a9cd55f94c6b99
train,progan_train,bus,1_fake,bus/1_fake/12857.png,105576,92eae541,20953493263,105596,8,043b7b0495e933dff9b43560654c45dffdb146d70053d66e85e95a340c13bd43
train,progan_train,bus,1_fake,bus/1_fake/13142.png,91650,aa69c3b8,21014062407,91647,8,fb74e37646a628b1686e0ac7511f1181d7928a5504bae6601dd542d7f93a2b71
train,progan_train,bus,1_fake,bus/1_fake/13146.png,92093,929bd49c,19763644398,92108,8,dfb0fa511343c9b82a3b2987761203eeef19611df75116247d4c3b48f54b3087
train,progan_train,bus,1_fake,bus/1_fake/13563.png,97007,1e93021a,19575590164,97008,8,d691dfedb9c823564c394c6579ef0ea35731d6ab909c752cdde2a7eb1f83c6fe
train,progan_train,bus,1_fake,bus/1_fake/13842.png,113327,2fc204b3,20202728753,113326,8,cba05a639322f2c2b89c2b277ec0e801f14d4afa5d68cc4d0ebb3db47a5f00e0
train,progan_train,bus,1_fake,bus/1_fake/13888.png,134688,b6ab77a3,20312533301,134063,8,1a9838a58cfd1f4d08c5bd96cbb0781d0d7710bdc0b74d4bde71ac1be5ce4995
train,progan_train,bus,1_fake,bus/1_fake/14177.png,117180,562a2d71,21198247564,117037,8,147b478b21cc0e6bda8f0772a35b61a78623e5114700e7bd638c907f10f3a889
train,progan_train,bus,1_fake,bus/1_fake/14266.png,109801,6097299d,20205187503,109746,8,8e958515dab2d5fc10bb91c5660235fab85698c3bb76ca7d7d0c82385627ee2e
train,progan_train,bus,1_fake,bus/1_fake/14736.png,124112,76993f80,20907657283,123968,8,8a524d1c5cb0b452314b9f777a7f9272f3a9036efc4c1940feef1efc71b7bb92
train,progan_train,bus,1_fake,bus/1_fake/15337.png,112028,1ae9b2a2,20515567910,111967,8,fbd6b0983d765c4e3ca99fc9718465d43d51c48df5cbc5bf5ebafd1178ffcc6f
train,progan_train,bus,1_fake,bus/1_fake/15564.png,110101,ad2b7100,19995793590,110121,8,93284dc5ace9a2ddefaf8ca162ace286c473c2f85b50a11b06576294e68cc3d3
train,progan_train,bus,1_fake,bus/1_fake/15608.png,109902,75c00484,20808436722,109762,8,318d921fd776543ba20ba69d621e7846acece965ae531820f8fbde2075af91a3
train,progan_train,bus,1_fake,bus/1_fake/15879.png,108675,f2ab1ebe,21208858552,108679,8,c6880ca810ec06f0a26dc2ca96c17f5e0df0f84d78245df2dfd5cc4f73885e0b
train,progan_train,bus,1_fake,bus/1_fake/15945.png,121514,4c12446e,20821679200,121461,8,11b0ae6cb7119e43d1bd7e92ba829880c4fbe4351fe6ce06134300caadf2c387
train,progan_train,bus,1_fake,bus/1_fake/16117.png,80906,af5311d0,20481020009,80921,8,cdca1bb113fb9e10e8023583bebb213d200be51a9384f0c0b211b95b1304551b
train,progan_train,bus,1_fake,bus/1_fake/16413.png,100836,8c63a774,20584595776,100856,8,9555afd21c46597d7ca2583bfa2294727b1b2198852fe01407966361b7994c59
train,progan_train,bus,1_fake,bus/1_fake/16764.png,113215,09e31897,20243381115,113221,8,06c4da25d1e5a2d71b05ba5d00d0b70b402cd6706e64955a9b46fa5dddafc5a1
train,progan_train,bus,1_fake,bus/1_fake/16861.png,120662,95044462,20955941591,120652,8,2e6514b2bda43f917a862331ff435fa78bd399796d444fd5754e02d13065f660
train,progan_train,bus,1_fake,bus/1_fake/17055.png,113220,fe277de6,20374760499,113223,8,201e841879d3317256b17d5f20e13345d6e1cd9761e73854276ba898ef5a9d60
train,progan_train,bus,1_fake,bus/1_fake/17108.png,121821,92b5a10f,20042893548,121805,8,378b00da793e781447f64bc0aa758a46c76cec87fa8f16c5186a8ad2b4c8cca1
train,progan_train,bus,1_fake,bus/1_fake/17717.png,100201,f1d9e219,20048550807,100221,8,a9065f29bd6e0f15db4421a7cbd4eb76f67880cd6a94c02e290083810310828c
train,progan_train,bus,1_fake,bus/1_fake/17867.png,118307,7042e38a,20680022078,118327,8,78a6bb437b45616c57447ed0b038e59b0ffeca8a661235c6b188b08902cb8d9e
train,progan_train,bus,1_fake,bus/1_fake/18025.png,115727,fbd1e182,20511176694,115692,8,14c76b33d34a7f664d3ef18ad412cd917b5ca9ac0b2d2ec4d69d38bf463e3857
train,progan_train,bus,1_fake,bus/1_fake/18077.png,130048,dd67ae63,20159125745,130068,8,3ab5aadbf1fa69ac98a991796a8eaf8a11c6468575185532b95ac9e30677d5dd
train,progan_train,bus,1_fake,bus/1_fake/18320.png,107810,e92e82bb,21086893679,107808,8,8ae76f7521af12c48518b8a5fcdf37bb18fd256c99a8ca2d5277e11acb44b473
train,progan_train,bus,1_fake,bus/1_fake/18529.png,97639,e3829e94,20664272842,97650,8,1f1a9ab5b2ccbd85b7e03759819bc51a8c397ceea0b7db66d63590b3b0229276
train,progan_train,bus,1_fake,bus/1_fake/18733.png,88551,04537c51,20143943565,88385,8,011ed2f893fe7cd13f7997aedf5295aa5730693c6f10ac2e7d40141ee76d2837
train,progan_train,bus,1_fake,bus/1_fake/18938.png,110386,862857da,21236162865,110402,8,66affbebf2f7228e5f397a52fe88217bb0dd520769e4e597447c51dd64b3da71
train,progan_train,bus,1_fake,bus/1_fake/18982.png,129315,1baf8dac,20821550073,129049,8,9e97b20f85d05506e47fbc8c29d650ad2d4d2a480c5df9cd164b3396aa00def7
train,progan_train,bus,1_fake,bus/1_fake/19024.png,113393,02999065,21418448193,113182,8,cb645031b6eb6cd9b23702e9f52ba4a2b1ec2391b638b0fd3eb849ba9f71e238
train,progan_train,bus,1_fake,bus/1_fake/19609.png,111211,516d1ce0,20091693589,111231,8,01f3d33ec2eaffdd5fdafe84268459774ed5a5f9eb9a93947f29d13b462d772e
train,progan_train,bus,1_fake,bus/1_fake/19649.png,121687,5005b40c,20206209195,121592,8,912872c2dce018f94e52694a099c750229d86990514eab3d20fe47881036fad7
train,progan_train,bus,1_fake,bus/1_fake/19884.png,86441,d31c8bbb,20384756225,86379,8,0748449bfa33c7e496e8f03905dd2237c48be3459009e878c9b05b65ecfe7dd8
train,progan_train,bus,1_fake,bus/1_fake/19962.png,138545,27b824f8,21222188723,138521,8,1ef1b62b5583aa2749ff816b588aa6d09eee5bd97dc66103592072a38fb722ff
train,progan_train,car,0_real,car/0_real/00070.png,115005,8ce18a7f,22300169976,114909,8,3f84dd188f60bce04485132a480e41907c057364c3bb35639292facb3201d40f
train,progan_train,car,0_real,car/0_real/00502.png,91492,2020b854,22748828316,91424,8,42d408bdbd83ce03c903cb6c67fb2741dbdd01d4a09956b58f88c64f408c0afc
train,progan_train,car,0_real,car/0_real/00881.png,144161,54b1400b,21664666128,143730,8,66d0a10d5db39d9c894e6c442ecce8ba0a7c8f2179d80b71f54451feb21e089d
train,progan_train,car,0_real,car/0_real/01289.png,99179,6812829a,22481955804,99132,8,4a89c42f36dcabbdf4ec902e628c76ad89b7f57c990369067d45977888c114d7
train,progan_train,car,0_real,car/0_real/01382.png,91345,79bb3adc,22676217610,91360,8,e02174725c74005128740c9da8f012bb67e66c5cf9e9c3664045ac811efad0cb
train,progan_train,car,0_real,car/0_real/01392.png,77976,277c3d07,22892954501,77959,8,61aa060c766ffe495f9fcd28b428ecc6898943b05279c5dbaad65adfd662dee2
train,progan_train,car,0_real,car/0_real/01399.png,98010,bb6495e7,21621777454,97976,8,ebbff1f4ff3f8ab721f4815cf84b3015782cc541b90a96b3a742505232f3f9cd
train,progan_train,car,0_real,car/0_real/01585.png,97136,10c6e010,21758146067,97151,8,bbf6173e954a479bb4d0f18cf54680c5e300cff4ab059d77d8934bcd1010c11a
train,progan_train,car,0_real,car/0_real/01682.png,77975,ec8ff73a,22855641169,77761,8,a3b2e8c74cc9adfec1bb6cb338f6226936c837892e908ebbe964489f82a0dba6
train,progan_train,car,0_real,car/0_real/02058.png,60221,6a3d61bd,22490506297,60075,8,c2c3f34546b92b6d78041daeba8f1efee2c707d76bd5321640b861af5fba6272
train,progan_train,car,0_real,car/0_real/02290.png,128630,ca06967a,23202639416,128593,8,96c9c8d434d6bb9d1600d43f9d56fba06cb3ca88868502ad60883da446627256
train,progan_train,car,0_real,car/0_real/02327.png,116735,afd91504,21635948143,116582,8,fe2e4bf45a20c8852a28cdb716c9ff1a9e214c18486da40b89f4350b93bf2d2c
train,progan_train,car,0_real,car/0_real/02386.png,146990,045861fe,21523539433,147015,8,392279796abc137bbd89bcd7265b07f9e5f98b45bbf961cbe17a6196e261e71d
train,progan_train,car,0_real,car/0_real/02833.png,98236,a6cefe0a,22854186643,98111,8,42be570a42890c29279e300367e1d69b6a855212ccac5b3a59564ff8baa918fb
train,progan_train,car,0_real,car/0_real/02862.png,103325,ebc52cee,22745175723,103074,8,05fa670653298f37926aa36c76bcec47da748361c1b64ce8dab1c400fa0c5697
train,progan_train,car,0_real,car/0_real/02972.png,64747,80d0576b,21695897768,64376,8,dd2a1a5ceabb7cce20f7ff8a689f86402a095aa76ecffe5c0fe9ec28fcf5e389
train,progan_train,car,0_real,car/0_real/03091.png,106971,e58d8a26,22740833502,106647,8,99ff042806d52ea4222471462461ddf1e900b20c7cdeb8ce011839c44eca9ee2
train,progan_train,car,0_real,car/0_real/03410.png,79156,35ec7c95,21527828049,79134,8,4755feee47a5b5ff3434f8f5d89f54452a257e1b3038dc1c0462c6984cc4e21e
train,progan_train,car,0_real,car/0_real/03616.png,96481,426b7946,22579793774,96458,8,c24c1224d73241fc6d18f3d44f9eb5cbfe75b75f5156499fc043f4d826f931bb
train,progan_train,car,0_real,car/0_real/03644.png,69747,424e32cf,21700285396,69506,8,737b8c9b8479aefa9800713438270cba03806c100e2a06874a93419c2a7efc32
train,progan_train,car,0_real,car/0_real/03722.png,76947,5479df66,23191009637,76801,8,ddcbabac1a1e4eb0efb8f8e76189e3a430f4fe24c614dd75c8082cbc19a84c08
train,progan_train,car,0_real,car/0_real/04057.png,80284,2b9aed2f,22691044798,80289,8,9d010aacf5dcf3294951d89ffc3d90a938fd99ffb5bff31e3f1cfc922b373ee6
train,progan_train,car,0_real,car/0_real/04083.png,142940,49a57aa1,21474029931,142310,8,320d239682237300a00faec6dd5bea9c7f314357b9e3f3ad9087a7ea2d97eacb
train,progan_train,car,0_real,car/0_real/04121.png,107985,2b67c242,21905111873,107856,8,0c3fbef1279aee9f2b2bcee03c87ab54d9450a61f9305175ca2205b9d6aededc
train,progan_train,car,0_real,car/0_real/04329.png,83474,99c525e9,22699680186,83485,8,bd3421bc4af0b289c20e96e75e250b8cad6e2500a1001a239ce63ad1a2abcb88
train,progan_train,car,0_real,car/0_real/04659.png,68510,cf044762,21595639039,68188,8,0fc32f659d0d9157416baaad2fd98f3a99566a8909db3f594fa2086bfa465dae
train,progan_train,car,0_real,car/0_real/04856.png,110476,3f054838,21792473904,110381,8,36d90e05780329cc35813afd92ba67d4aa64c6c8b40863fe0d47b2f295d0bd1a
train,progan_train,car,0_real,car/0_real/04864.png,109963,c2445843,23088016351,109703,8,5778d1a028cce9416554ba24598e6ca6385da6e374b4f7548446fa87cadf963f
train,progan_train,car,0_real,car/0_real/05116.png,132836,660e3d0d,22380827857,132725,8,daf3c22f4f6f4beee2380f2dbd7d4c2d078015fa301a36081e9c819fd2e92830
train,progan_train,car,0_real,car/0_real/05142.png,97290,6e95381b,22181694292,97262,8,9bfa510a581bf82174ebdaa5168085f71dfdb9e8313e874cc2af1b6304964e0c
train,progan_train,car,0_real,car/0_real/05486.png,142193,64c7753c,22660294585,141721,8,89f5b9dadcfc31994a255f73b9fea28bdee04302fa6d837818b44cce378319d2
train,progan_train,car,0_real,car/0_real/05636.png,87197,ef10144e,21925640422,86760,8,0793d14556dd6625118f9a47d5ce28e0771f1a0e93d63c9815799e6f0b48e54a
train,progan_train,car,0_real,car/0_real/05820.png,90475,1ee1769b,22393223448,90455,8,29ac0a357690e37edea5ecd7100e48c369c027290caf6181c3531b1da2f81704
train,progan_train,car,0_real,car/0_real/05875.png,98361,1c27a77b,22659114347,98265,8,aee11a0ca5c372a5e3637c8dff353d290947e9fde685b69a1b78c361b71a3566
train,progan_train,car,0_real,car/0_real/05995.png,135926,cdb3dfa2,22463053661,135767,8,6d47246012adac8f5dee458d22a96f5e7412fc76edf30a53d99ed42857c6b3a4
train,progan_train,car,0_real,car/0_real/06055.png,86174,b2dc6a6d,22215102400,86069,8,dc46b24bb3402acdf162f3b2528c11a642a8f1eddf00b87edf4891580bd51a66
train,progan_train,car,0_real,car/0_real/06121.png,118063,273af256,22176575580,117424,8,8552a950c40224496d0fbacccb1a3ece5d0c5732bc8e72807d5cc9a709889388
train,progan_train,car,0_real,car/0_real/06256.png,108098,315b77e1,22455977619,107789,8,0dfc5f7083e5fd53f9775956fa3d21acedda90dc085450d097bef50f001b27c5
train,progan_train,car,0_real,car/0_real/06759.png,101923,8afb0ce8,21545139819,101831,8,fbc5a2e2630f8a7cfe55239ea776498ba475695705843bcfc0331fa6105e6526
train,progan_train,car,0_real,car/0_real/06876.png,95988,cb5d2734,22303195754,95717,8,2e9361c448a250022949a3aa2934c195a0e37aabaee5c6666a99bf14e50fedec
train,progan_train,car,0_real,car/0_real/07177.png,99342,0b4cef9f,23028156963,99233,8,312190108411287a8d85d0521d6ec435a5b6d9ef19c4c53f7d65dd33416c854f
train,progan_train,car,0_real,car/0_real/07319.png,77589,07d433ed,22976231857,77563,8,7e83fe012976c37beccd42798a05a9967f6014ab457dac1ea530236086377c59
train,progan_train,car,0_real,car/0_real/07620.png,93050,faac92fc,22320195189,92812,8,4aec7f10d5bcaec094f4884979f5ba8ab331fc55d438f124300b786320dd0d96
train,progan_train,car,0_real,car/0_real/07805.png,79276,85444878,21524028030,79022,8,72e649d8f92810a1c78ae8603c15881cc13495a3db508581bdbeccb630d24ccd
train,progan_train,car,0_real,car/0_real/08099.png,100829,5039bbd2,21582095290,100605,8,e095678b02768f6efe618c1dbe1e859a5a0277ddcc5f5ab13bb7f1a07b2e92c6
train,progan_train,car,0_real,car/0_real/08263.png,77507,6a56b0ed,21669871540,77176,8,23bc388c85ac6e1f67f8b67463282ce7d78e41a985c844f6e1a1c8cfaffef1f9
train,progan_train,car,0_real,car/0_real/08434.png,72554,7a3b1f4d,22233915106,72569,8,6a6451fa4ecf81167f0e12c897bc3dfcc46164962846eb3508b323202d73f1a7
train,progan_train,car,0_real,car/0_real/08512.png,84812,389b4f4b,22856782600,84490,8,9e61d590f3bc3265cbbc82ed7e0671e0216e08008639c7e69dbb7df82025d193
train,progan_train,car,0_real,car/0_real/08545.png,117667,37f5986b,21711110313,117622,8,216344c1c0c9fd06dfd6b8616065cf977e5ed29a919bd200b8b206381b9a490c
train,progan_train,car,0_real,car/0_real/08984.png,79041,b8bc2c24,22631700837,79025,8,b99eeefd139bc3df73a24f0780b0c58fbe617455fd7823e7b8452052107c3861
train,progan_train,car,0_real,car/0_real/09127.png,88361,3b376582,21670761681,88107,8,ab2e2f058a2baf57ded5a18e70a7efbb73c575a1dbea4bf5ef29bd51e0b465ef
train,progan_train,car,0_real,car/0_real/09242.png,78532,0135c27e,22922556876,78543,8,0a0181be3015020e6babf097bbabbba13ddcdd13820273c018d0266b81d6ae13
train,progan_train,car,0_real,car/0_real/09893.png,93278,38d629ab,22764979783,93012,8,0deb0fa7d9b2be2210c8a840723a7dc30590afd7b7e41781d4e54d4a399127b9
train,progan_train,car,0_real,car/0_real/10203.png,116808,0053d844,22553534903,116768,8,fc4975b472429859bd4425f299f65db12819e7bf968225cb75b4c60919b82630
train,progan_train,car,0_real,car/0_real/10612.png,78386,ad53946d,21865571494,77122,8,385e8f5adcb1eda4abea027855235fc1b3212f1294b5a1fd4c4e8745a8f7b516
train,progan_train,car,0_real,car/0_real/11183.png,102573,6ce3208e,22260663391,102579,8,28614444da6484298e554199aa720c801e68a74f9e449222685008f8ea895fd5
train,progan_train,car,0_real,car/0_real/11271.png,117130,e025812c,23118766022,116452,8,b485b29f5708749b32e20340e9a245e833d3cfcb0eac91dc8325b46b987e2904
train,progan_train,car,0_real,car/0_real/11331.png,100894,47fcdd32,21808831174,100719,8,47bec037d5cbcd6abf46ea2096d6a3d44290157b5cdac4d999fe16c08699f7f3
train,progan_train,car,0_real,car/0_real/11849.png,83466,7845312b,22949165240,83448,8,552ee0dc232bbe8c80bd34cb79aa1c9a43c626c38220c6d2868c907a26d858f3
train,progan_train,car,0_real,car/0_real/11887.png,72974,b94144a3,22389177333,72894,8,89c9bcb481fcd7d9b4df23f42c3ac2dc02e55a38dbb590e86c0674e42b8f8090
train,progan_train,car,0_real,car/0_real/12189.png,111039,bb74a3a3,22796333446,110792,8,ab02505f22ba1a0145400cb3c3a3d2af2cd58d53bcbca0cc41c0634394b9ffd6
train,progan_train,car,0_real,car/0_real/12370.png,140253,e5249b43,22174763701,140071,8,4c45c188ad6dc694a85dbd4854989d702b1590b2bb8fab801f2adebf55a0d803
train,progan_train,car,0_real,car/0_real/12404.png,105306,8ada1a0e,21894696736,105195,8,df2e53845caad6687116a38eac7858607ed8eb6f1343a4058285bd1a0aa33bd5
train,progan_train,car,0_real,car/0_real/12443.png,125202,f4cfba21,21833863674,125087,8,fe4591616b6939f946c277036da5c68dafc6f4a430d08610bb961e669d4ee4c9
train,progan_train,car,0_real,car/0_real/12460.png,122626,6f5e6e98,22899994430,122454,8,598c7d8d42503f56214f3e9986d9f1d5b513c9b6bc213818bfdaeab8f31a7bad
train,progan_train,car,0_real,car/0_real/13278.png,99267,737922d9,22436287974,99051,8,fedd41c6aa10a75e5b49fc81f5201d0664711a0cc12910b3846dcd4efbefc216
train,progan_train,car,0_real,car/0_real/13323.png,72768,502fff55,22863878215,72757,8,068525ded4bd6c1ac9a8ec15d31e883e0b4cbdde2a29870cb95d732d04c49d8c
train,progan_train,car,0_real,car/0_real/13780.png,107406,ecdb44e5,22517983622,107331,8,f29da0b353a1d02c56ec304bf3e2f476091a84af2067084eef5994a6e7a6ea19
train,progan_train,car,0_real,car/0_real/13933.png,87655,93dda8d3,21992312383,87599,8,8dc5559641476a546c3d0b0a444ced40c4097c31f594a92290dbf5e17c328924
train,progan_train,car,0_real,car/0_real/14228.png,39994,6b7dd89d,22069637624,39697,8,c0fe9838b02e87c4ac287d8ede98d6b11e30091251abc4ae3f33947905df94a1
train,progan_train,car,0_real,car/0_real/14356.png,123461,bc3a2231,22392658014,122863,8,8379f7b58ddfb64b900419b6829bf5cb779ab5c2aa63ab96dafa4b1ef07c708d
train,progan_train,car,0_real,car/0_real/14441.png,92441,caa54469,21502190795,92020,8,2b73d47ba37a09bf6e5545e64f8cfa1e28adde9110300ce2babe8ed6a2a8efbd
train,progan_train,car,0_real,car/0_real/14475.png,114575,33a98e1b,22226370015,114595,8,0c80610f1d970dfd943a85c25de3122b989c6fda824679676f0ae3731a672df1
train,progan_train,car,0_real,car/0_real/14554.png,111413,1c4a4400,22005133282,111377,8,219566e91f656c3abbd4968c9f3c1939c9d3e78fb1b4ece4c3b6a7e9bf890e5a
train,progan_train,car,0_real,car/0_real/14561.png,85483,c1664710,21845884810,85473,8,c5fb0ea10536ebd12374bb89e296e0736475f7fcda96d00554b40d20a118dec1
train,progan_train,car,0_real,car/0_real/14590.png,66559,51ca8e52,22745692433,66195,8,42771b52a8b0b655574757a557ca4e058d129b7c420f2f869daa5a954e84b97d
train,progan_train,car,0_real,car/0_real/14739.png,86180,ac12c087,21892968164,86195,8,35b509be286c6d50dfb903c5888a834c98f5f25c1aa9a3db603413502f45479b
train,progan_train,car,0_real,car/0_real/14854.png,66119,63c000b2,21986573034,66095,8,b55024aa904839e422d158a8f19f90c34cb3a083b26043aad7373c415012353c
train,progan_train,car,0_real,car/0_real/14995.png,82107,860dc7a0,22741969359,82118,8,0ae7238d145e1a6c553a40d709c45b53a2b5e59b37ff0cf17b20afa56b1aee81
train,progan_train,car,0_real,car/0_real/15131.png,90803,f98d6f84,22906058141,88973,8,4e6406499a732dcc377d642061a5e251e45f296e8f5d528e06a315ec70996c77
train,progan_train,car,0_real,car/0_real/15231.png,108717,c52259aa,22337221713,108262,8,f57cf3286bb48f591cd90f9fe0d37678cb3792219a248f321a336da853840dc7
train,progan_train,car,0_real,car/0_real/15339.png,98632,2cc700cb,22048544586,98594,8,220f4ad5fa91beec24a16a5bf527215d591346954f7ea2cff9e12eef66a6a75e
train,progan_train,car,0_real,car/0_real/15516.png,81571,2df558e6,22088068805,81565,8,1773ad04e4a46f6c2a9f21d53ddfd58e2e6f76ef337555c51bef1a23cffe2331
train,progan_train,car,0_real,car/0_real/15853.png,113454,5d922bec,22416069421,111498,8,ae71b222646ea50ad5b8edc848d80cec838c8b0d758cbb39755d67757a765951
train,progan_train,car,0_real,car/0_real/16034.png,84972,70b0394c,21597844852,84972,8,3d8d9d2da4b708f6f0ea0631a735378b7602f536b437cce34001bf6bfde29419
train,progan_train,car,0_real,car/0_real/16311.png,45659,4f78c2c8,22894658107,45669,8,0c0f2da51408de574bd36cfa2fbd02aa08c184b83cd5e7ffbf1de8d27bd3c0a6
train,progan_train,car,0_real,car/0_real/16334.png,111628,e23484ea,21893939301,111367,8,f604f44c1c959c46c3dbf59ff7770e283f11d03d56bb5d4f1684152d9ca20114
train,progan_train,car,0_real,car/0_real/16706.png,76889,bd05ad45,21777475372,76711,8,05e43e8687a9d8d0cd3021b084a18d8ef398d1c4b6e8488d7f6b7a6cd9223b0d
train,progan_train,car,0_real,car/0_real/16735.png,100834,b9f91983,21960138219,100539,8,342049f397b782aff6a632357f9876926d41543f00fac412787df70f4cebbcee
train,progan_train,car,0_real,car/0_real/16990.png,134145,b59ed377,21516189197,133777,8,2aad2ac28dd3e9c84c223adb11bf7eecc247a0c2ed03703cfdbb6a2278b99ff2
train,progan_train,car,0_real,car/0_real/17402.png,104632,cdedf86f,22447484199,104465,8,7377866ba41ec4ba953b90f6af9a8e79b08173432d71fff506f54a9243877d4c
train,progan_train,car,0_real,car/0_real/17891.png,105407,563bddbb,23026732817,105115,8,852ceb9e87db02795ebf5da2ae7936ffbc19c69db5f5bd4574313027b1d07411
train,progan_train,car,0_real,car/0_real/18188.png,114603,bc44c2a3,22815812266,114337,8,531acc37b5d392d4d6d616bc47449659190389fbe6462a173471d9e664798971
train,progan_train,car,0_real,car/0_real/18552.png,137967,36dbeaba,22816572935,137832,8,5c4d68fe459a5a49da128c7d1d855cc2f0a19e9223f968545bf180eb1789404a
train,progan_train,car,0_real,car/0_real/18685.png,88523,4aa547ed,22039830553,88502,8,fb858831c9c7dffe8d2e518262018563b327e3e50e8ea4e96e17fb8cdc7f0fa9
train,progan_train,car,0_real,car/0_real/18903.png,63342,6debb557,22273691449,63109,8,3ff18f3bd5a735654163102b4565d3dc5706482c2c4b6a8d7f2895e2aa14f017
train,progan_train,car,0_real,car/0_real/18918.png,114648,8b26f70c,22892496802,114280,8,03289083363cc14fd293eb2fa6b7b010554761b4074adf9259b21a9021ce14f3
train,progan_train,car,0_real,car/0_real/18930.png,92963,4f7f9f57,21944669208,92678,8,183f66c363edccff3c8c06877afc1691de5acd6619b83a904b48e9c5ec532d5d
train,progan_train,car,0_real,car/0_real/19621.png,107198,625fc4bc,22496279902,106985,8,818a56ab0f497465f5d97a6ad74edf8c7fbdf42c813c97da4fdb0705c67a3f5c
train,progan_train,car,0_real,car/0_real/19675.png,102361,339bc8f5,21726028275,102291,8,c31667c624ca95aa6e7e90086cf35858f3109812740f373533fd59ec50f0fa74
train,progan_train,car,1_fake,car/1_fake/00169.png,98431,c788d908,25128598655,98446,8,f1f6c168d0100cf2505b92cf2deef4b1c85f6bcf9e9498f2a9996c64139c119f
train,progan_train,car,1_fake,car/1_fake/00397.png,98807,391d8e1c,24014295298,98827,8,9513bba4cd569b466772db1fef0f96ddeedc5c78da622ccf1befa3f9dbabe63e
train,progan_train,car,1_fake,car/1_fake/00410.png,116097,aad1c645,24377934987,116117,8,b5326828eb85aabd4ba94e27211b1cb7d70d51364df179c3f44477022345b57b
train,progan_train,car,1_fake,car/1_fake/00470.png,124617,b95fa159,24295039625,124401,8,737672d6d20731df95a25ab5111f12d611f3aa7fbc6e3d4591526e828075d4ce
train,progan_train,car,1_fake,car/1_fake/00495.png,94195,e6891a83,23960001991,94019,8,c4067186d57af0e84a40c2fb871f579772217d78f3105f918ebb81764dd0c5c0
train,progan_train,car,1_fake,car/1_fake/00870.png,87027,f7705500,24187898343,87042,8,597a715c960c0778a0901afbc9447ad7fdeb0b832dfc65a3cd37a88ace918b97
train,progan_train,car,1_fake,car/1_fake/00914.png,109750,06e240c2,23262666614,109756,8,549faaaf7e36607b6fb3964b4025d6da834e302a5d6123b3ca4a7ec8bf290a02
train,progan_train,car,1_fake,car/1_fake/01216.png,109542,564933a6,23550848297,109483,8,bad49c3cefe8fec9a1f91e161ca35c45ca079f9546d9462fd196d74237650456
train,progan_train,car,1_fake,car/1_fake/01247.png,109938,78f3ffa2,23788571644,109923,8,c876c415f0e350d5e8198b7114884399b39c1c4234dd08bd99ff022033734b24
train,progan_train,car,1_fake,car/1_fake/01568.png,77027,26ee9476,24316844264,76909,8,9653b61c1473fe352b7c9a81934a441f2d4dcc8bb9b1aa5f662e1619d5dd412f
train,progan_train,car,1_fake,car/1_fake/01684.png,150326,730053f3,24192248939,150271,8,17471fa5f92ca63a1e6566458197b0560209ba7321144819892fd648779ee002
train,progan_train,car,1_fake,car/1_fake/01888.png,113740,a59cfeaf,24243332151,113583,8,5ae1d12f4bb4fedc7f6f55415fa9c69b22df8d6004e7a50068b5f47300ffd509
train,progan_train,car,1_fake,car/1_fake/02056.png,108651,ec042800,23434752756,108510,8,61c3b6091976d50c644b9d32161a1fbb38d9c015eacd3d2a0fb39483067a8755
train,progan_train,car,1_fake,car/1_fake/02271.png,76714,2857fa8e,24451835004,76659,8,30e8b001ca0d332ab1f371b02cc87145af1e6f8c5231283e25aeb0e1536b67fb
train,progan_train,car,1_fake,car/1_fake/02275.png,108610,06c743fe,23865638951,108558,8,c5f2b67831f37e912523dfbaa6353e2efe844490b92db53a94e9ba9ec41b962a
train,progan_train,car,1_fake,car/1_fake/02711.png,134790,f81d7dec,24375942608,134570,8,a4e5b569d811e4a739dbd7c984ce170ac7cc8e11904c0daa60d4f04d70a8c460
train,progan_train,car,1_fake,car/1_fake/02731.png,82810,87c51a74,23506379907,82825,8,3182649df386c7f84e2819b4ec0e778957dbe3a35c04b7aa81eea9ee82c2e517
train,progan_train,car,1_fake,car/1_fake/02934.png,90886,e60cb0bf,23702561212,90870,8,987b39f8ce704bd9803a96f0a9c2b1aa0cc45095fbee8482031d9620af557e30
train,progan_train,car,1_fake,car/1_fake/03421.png,122806,1a2b1b40,23371813282,122826,8,47e35ab0c533503e644cb363900f5c0731d964a46d892aeb41e82912d3d3d812
train,progan_train,car,1_fake,car/1_fake/03487.png,103030,ec4167d1,24051965171,103042,8,03488c29a8bf6d5219347fd174f978d17246f30dcb32f5e0c5ba00d48d03cc40
train,progan_train,car,1_fake,car/1_fake/03689.png,114347,cf0138da,23274475115,114299,8,cd52d93e7c1ba57fb63fe41e5c58e45591d095e788e6f81cdf4ef74ea2728c94
train,progan_train,car,1_fake,car/1_fake/03804.png,109644,57740513,23798217858,109567,8,3ac5b88cd27fd73d0bf01a4f6b35851381bcb42e7fba7baed4676ea2de2c68f2
train,progan_train,car,1_fake,car/1_fake/04008.png,90263,a0ac32d1,24963387677,90201,8,c780e66df953296a0a2330d4f3a69bebd80093be32b669d9fbba4f59ca4a218c
train,progan_train,car,1_fake,car/1_fake/04241.png,140784,b535bf49,24476512859,140690,8,bf02a135451ed961deecf50c0266fa8f4a58780d504e84f63f57478f61921a23
train,progan_train,car,1_fake,car/1_fake/04296.png,138356,01863972,23246455318,138060,8,ced7413404ec52718c04c746afe62a873444dd20da5f15bea912ca79640a9ee7
train,progan_train,car,1_fake,car/1_fake/04568.png,136618,4b8fce1d,24808795248,136606,8,cd80e78d6ac7e629ac31c9d4a78807228b700c937b2126fcae4baf2e27a517ee
train,progan_train,car,1_fake,car/1_fake/04816.png,89441,5290d802,23602959692,89437,8,c3941c7ad40db941fb05380d4a2cc47fc4b29b1d2e35408e7aa4b944491777bf
train,progan_train,car,1_fake,car/1_fake/04820.png,76839,3666df54,24488345030,76755,8,16c80b4167e0de971b307da07a992d8b62ca1c10767983d0d625c69310f2fa7f
train,progan_train,car,1_fake,car/1_fake/05273.png,72617,e5a1f920,23504612464,72475,8,7ddf3f6f55066a8571ae698c35f4d78322e0a93259333d8e29cb21939097ce4f
train,progan_train,car,1_fake,car/1_fake/05315.png,51239,aa8c3632,23292114587,51188,8,092a1355fbc863dcae782a291d117ba13398ff0f40d2b945024d50254592495d
train,progan_train,car,1_fake,car/1_fake/05383.png,127894,56d7e530,24044418131,127441,8,f9983bbc5befc91a8154d50dea313bb256ff1f8ae99b7d3d9af782830c620f7e
train,progan_train,car,1_fake,car/1_fake/05491.png,113238,af6d7b81,24682357176,113224,8,aeb8de0eb2fd62f79c10e84c8e002c6830ad247b5444801e8d43415b604b668f
train,progan_train,car,1_fake,car/1_fake/05582.png,123067,61625208,24426378665,122996,8,b1a1938580ca2a540db04b6684bb3fcefe904da36ee3ac74167b61f3e74fba0e
train,progan_train,car,1_fake,car/1_fake/05774.png,111711,2791832c,25141616912,111731,8,a44649780618d0541c7748197b57853599062b62fedef7e399a2358fa07141ac
train,progan_train,car,1_fake,car/1_fake/06143.png,145785,564c00e8,24146674514,145605,8,2fbcebe34d7fc4845e1113ce2a3fb31715aace1b01af273de02ac78f2d5bcfaf
train,progan_train,car,1_fake,car/1_fake/06530.png,120962,7e506097,23705571503,120982,8,0b7a589341cbffa0dbb9f27077023944c35831e180b17b352021bbfdb61240af
train,progan_train,car,1_fake,car/1_fake/06797.png,111349,2e80d76a,23376004591,111041,8,4639e8072c45cff534253f97f3df724de8f7f04761314d06f15c42cc3c4b9be4
train,progan_train,car,1_fake,car/1_fake/07178.png,88252,dcce18f6,23712676869,88195,8,bdd6c25a8ddde129435f4fb03596dd727911c72a6136160d725f3be32c36b2ee
train,progan_train,car,1_fake,car/1_fake/07345.png,97078,86b18279,24480627090,97084,8,c9d3e31fc47d89909acc54ca07a2b6ba96031f8ed38235445603d95654434c9e
train,progan_train,car,1_fake,car/1_fake/07409.png,100169,cbd81186,24765021016,100153,8,ed84324c291553c121a87a2452b4980b3103910f24c46c4978b27288dd5d2e4a
train,progan_train,car,1_fake,car/1_fake/07553.png,133022,679a835a,24068990803,132866,8,15f83688e28c857d12eec682d0e4dd2b6314e7d90d1695e1e8162d3356cc2890
train,progan_train,car,1_fake,car/1_fake/07808.png,95825,03695ff5,24989598294,95770,8,62c7a0cc87a05790f494391dc050e14401beb1c45fb61fa0aed3bc6727186cf2
train,progan_train,car,1_fake,car/1_fake/09228.png,112962,239214df,24774048737,112927,8,2e6bcc6f20f4779b569bf20677084ab822fd6df138ce4a56e1c295e4da76b2ad
train,progan_train,car,1_fake,car/1_fake/09231.png,83679,d8a207ad,24653174452,83621,8,8b8ebb346d64412a69d244d6b06c9e9420c2a0249a1728fa30361f769a0e406a
train,progan_train,car,1_fake,car/1_fake/09332.png,117989,57ab009b,23602555223,117662,8,d79896fc27dfbbf2bc1265a7cd41bcc9f4e9f671d4ba5f75155e39c35affa54e
train,progan_train,car,1_fake,car/1_fake/09340.png,70987,a9b71079,24804315246,70985,8,2d37ee9f443ea0c22e69e459b4ad598e205534872a6a54a572dbc99aa7f3c30e
train,progan_train,car,1_fake,car/1_fake/09609.png,85603,695d32ea,24024657239,85509,8,061520a7e33f861528781b6708fc231c663a10a2bb26073f349029e1438eed95
train,progan_train,car,1_fake,car/1_fake/09650.png,119394,caa49c34,23955238150,119414,8,522dbf5c42690f9ea4117ccf379c4e4b8ce89b9b62acec85d37b5d3c39087513
train,progan_train,car,1_fake,car/1_fake/09760.png,106486,dfff568d,23975067061,106335,8,d4cd89fbb436faecb972050cd7c6b8b4b93f7865f1478f5f82191b1e0663e0d5
train,progan_train,car,1_fake,car/1_fake/10295.png,48362,23a42053,24477436784,48372,8,916a8ee1d0198eccafea2ee34229c37ba08f14970e8e7d19e6d60de7224e8d35
train,progan_train,car,1_fake,car/1_fake/10598.png,115508,1f4186bc,24255954854,115475,8,8a1b79a7f392dc0579e8fb425e90fa5e6c9c2875cba804bf2f2dea2dd37f9936
train,progan_train,car,1_fake,car/1_fake/10699.png,72041,79942326,24218687883,72012,8,d77b4b933815f12527edcb6097ad8cc31f80c1c2bfb8c286c70fe4746e542355
train,progan_train,car,1_fake,car/1_fake/11196.png,60642,0f6fea9e,23465206988,60642,8,29c1a36ff80cf58c1c6a5b67e66ae32b293013755b2b18a2deadd8fdc25d5845
train,progan_train,car,1_fake,car/1_fake/11256.png,115565,404c2d81,23965978741,115539,8,2fcddc2bbac11809c584ea776488bf59012d38581cee171edb711d203ecde1f3
train,progan_train,car,1_fake,car/1_fake/11348.png,85153,a3069144,24425913698,85040,8,b72312ec07ec463e47acd4c30b781b3a225a597547f887ac1a3a0ead788d3545
train,progan_train,car,1_fake,car/1_fake/11389.png,106350,07ff90d2,24501040157,106231,8,c7f0215e06c2f5bf8a652c2e0fd7ebc0d201cedef5d81ace3a7f7b263622ea7b
train,progan_train,car,1_fake,car/1_fake/11407.png,138347,eee575a0,24423354834,138083,8,7fcf760add5817b4d56fc5ec844d089a5f466e7b64c4a72391b33a286a5286db
train,progan_train,car,1_fake,car/1_fake/11508.png,89292,a1f3229c,23600446205,89256,8,ec8bfb1b25b9c38453c95b9d8edc0ed66efee59886e7299b272d6741629cb8b5
train,progan_train,car,1_fake,car/1_fake/11537.png,78484,ea85dc1c,23844843101,78434,8,dd92b3ed7c8cb4983cab6448232ea65e74f5ffad7c0c8d74527e8a1525a4d6f7
train,progan_train,car,1_fake,car/1_fake/11614.png,104422,e0c57d7f,25140551487,104394,8,fe4814ba872138965ee441381ce2a2029580926a921153994de0516dd09fc0de
train,progan_train,car,1_fake,car/1_fake/11977.png,123714,e1850347,23916180252,123726,8,bdcd9dcce0ee9495a710278587e0c3e20cb1c1b897e785815f9d901e2db4fefa
train,progan_train,car,1_fake,car/1_fake/12319.png,98244,af55f9fb,24265296340,98259,8,7b72e4940f4a06a42d66b4f7bf045ba3d89cf68f2c73e3b083ef3e13048d301b
train,progan_train,car,1_fake,car/1_fake/12323.png,104872,38e0e724,25021717799,104892,8,2a82b18ec0b03d8668b2f83da24ec8e909052b5d539a68c4bc06c474bdaa0654
train,progan_train,car,1_fake,car/1_fake/12533.png,123110,9e6dd14c,24303759527,122988,8,c49f861936ec83342cc3e43a4df400d50b6b52951c70388f89b43a5ca07d5c6e
train,progan_train,car,1_fake,car/1_fake/12738.png,99907,096dd863,24356742910,99927,8,081a2c78814a4c778a18c4da5e13d07598ded77277e85066fc90dcf0964b3920
train,progan_train,car,1_fake,car/1_fake/13402.png,119046,a61acbc5,25109129567,119066,8,56d53e49dd6dc7ec909277c3ec19892664532ee774abddb1adb042d0b8a1b298
train,progan_train,car,1_fake,car/1_fake/13429.png,87684,88bb405c,23822292467,87699,8,a9ac2636546f87cb80e74efd90b3c07218405bdf6349e2d05b149febbfce67b7
train,progan_train,car,1_fake,car/1_fake/13456.png,111935,e82f3cce,25053468913,111770,8,f87e8bd1cc7015af5a2cdb6c7a5d15175575f144832bb3113b77c4209d3904b5
train,progan_train,car,1_fake,car/1_fake/13607.png,127584,6067f9be,24377482466,127590,8,1e5e21f8d92f8d327006f38efefbec12e48f4769e7e76df3659fa5be472a3a3f
train,progan_train,car,1_fake,car/1_fake/13613.png,96186,bad8fa9d,24412782533,96161,8,b9ec707e8414f0d0f96aa9fd6139598933e0a23596874a2778e8c14abb708941
train,progan_train,car,1_fake,car/1_fake/13994.png,116037,b61a46d2,23778617332,115672,8,f5c15da265390c8bc871251a69b60164cb872552e3bfe7db58e8e8fd62d05ef2
train,progan_train,car,1_fake,car/1_fake/13999.png,135705,eb602ea6,23301757727,135600,8,f0d6a95aca2875c79fc17fe73cf810a5009a8eb5bb209393c0aac0cce5031253
train,progan_train,car,1_fake,car/1_fake/14048.png,110346,ffb83aa8,24695772822,110132,8,d0e05605b321460c02e4035c9c5baa86e5be866498ebbdecb85e372b8b61d1ff
train,progan_train,car,1_fake,car/1_fake/14140.png,117015,73482c29,23927245149,116892,8,a501be833042d7cfab24dcd3aba0447a2111f0ff08595282844abdabb9150c7c
train,progan_train,car,1_fake,car/1_fake/14385.png,104830,65d1d511,23566498279,104795,8,b861101315e26b61d0d05e0ba0fbe561f0c25b9100282866f0958e3a51ffe6ff
train,progan_train,car,1_fake,car/1_fake/14423.png,99116,29637eb9,23622371494,99133,8,ec77335201c292f4a38bc7b4bc35d96f3c89aabd90cd0b221342b8c8d2e42913
train,progan_train,car,1_fake,car/1_fake/14538.png,124473,419912b4,25030012767,124355,8,5add6b54e3eb755fed4953f8525d8d870dad1af7acd392afd59da02970b40e81
train,progan_train,car,1_fake,car/1_fake/14765.png,74801,a1b71e4a,24777357866,74816,8,5908d538483b2c09e5e1927a54ec7f4375344abeea6ffe0e16c2051f0d5bf68a
train,progan_train,car,1_fake,car/1_fake/14778.png,93696,4b9d2654,23387869267,93692,8,69285e295ac5343232755fde1ffa018029870f42a09b5a5d81b30d561681bccb
train,progan_train,car,1_fake,car/1_fake/14858.png,132471,5e535c68,24774723362,132350,8,c49c89697529b7b90ec355366bd001cdefeba69f91516fe7fa67a8a60cf31b53
train,progan_train,car,1_fake,car/1_fake/14992.png,96259,efd0cce5,24100684479,96213,8,6f6b306320f203f10998a3e209e75578bb16063e7ee791067a6e77bc347d55b3
train,progan_train,car,1_fake,car/1_fake/15027.png,90718,e3ccb0d6,24098706347,90685,8,4b6a54e0100fa49294d07c4844c6b4bf93cbaac5d14d8141451741d347990908
train,progan_train,car,1_fake,car/1_fake/15201.png,117989,881df5ff,24002522674,117937,8,35910992c10d4795c431a3501669d20001f3ad1b89cfa50ed22ca5b807cce6a4
train,progan_train,car,1_fake,car/1_fake/15445.png,97530,d6d46349,23357911481,97431,8,048877256cd482bb831efa3197fc5a6444d647b825c0d4b2cac88aa911126453
train,progan_train,car,1_fake,car/1_fake/15672.png,107160,ba61acc6,23375786485,107130,8,076f1b28bd0afd9c02f2c63798607090139d63c4746a4134130043b47afbd4f6
train,progan_train,car,1_fake,car/1_fake/16023.png,109330,32811c64,24733802486,109331,8,9bde486d9fe0c67eaff37a2a5e12472ccfaec322dfa266f672f76bc0b935bdba
train,progan_train,car,1_fake,car/1_fake/16679.png,108061,c0c69b4a,24327990703,108044,8,94899eb328b1bbbdb03c743ff9d2c8d12c7bd65861297e2296c91ee1c423b41a
train,progan_train,car,1_fake,car/1_fake/16839.png,122701,92a46397,24641843874,122699,8,f60cd01c7f061d7de775c73d2fecf0cd80746f2adfa142f7e3111a0e31fc9b95
train,progan_train,car,1_fake,car/1_fake/17285.png,82709,42a2c7a5,23855684907,82707,8,e573607b39fa45bda9bc6b415e629d3b84193ed1a3525834a6a33b962f7e50e9
train,progan_train,car,1_fake,car/1_fake/17391.png,76669,bfe9c83e,24934616014,76646,8,a0ec05b5ad6599fcd003fb3449c71f1d7ddf03a00503faae711c859242da4dfd
train,progan_train,car,1_fake,car/1_fake/17526.png,126067,a148cd59,24741205340,125850,8,f6064bb5c5114f8710ec6ddd0cb830bdf3d094999a3fbc7b210d14dd8f66809c
train,progan_train,car,1_fake,car/1_fake/17774.png,131075,0b10bb63,23625783110,130822,8,60c0a1f372fe0f8beec60c9d8cca37d41aab450d6972c63c1ac42060669b6a6d
train,progan_train,car,1_fake,car/1_fake/17832.png,94485,ec0fc663,23313298460,94500,8,4a37151681693958354fe7d5c5e47b98de74ecc5dd7366b58264514c135b37fe
train,progan_train,car,1_fake,car/1_fake/18094.png,122519,bd6e035a,24967163603,122402,8,986f61504ab90b2b8d3f6fb9db3e64d330b575ab864503dfcbc668d3bb1b3275
train,progan_train,car,1_fake,car/1_fake/18501.png,107640,83f4a237,24134207628,107660,8,02ce01467800809e4aae35aeb877b485ca034c9ce574d78e661ed2ee7cfb1fe3
train,progan_train,car,1_fake,car/1_fake/18619.png,135549,94428af1,23767314890,135455,8,d670f7ce83f9010a7c7c43f55d1bb426965f3c09991572a6033bbef9454209a2
train,progan_train,car,1_fake,car/1_fake/18974.png,87282,644d42d3,24885955279,87293,8,ac561e92b3612ab6791008c8f969919f316992f4cda04a7608ce7f19d88a90df
train,progan_train,car,1_fake,car/1_fake/19287.png,119013,333fb999,23796498516,119018,8,91bba5cedb1f2346b7ecff55abc92e43411c3a68eb3053ed187c9f9fe6219edb
train,progan_train,car,1_fake,car/1_fake/19648.png,103620,d4e7c7cf,24421824482,103518,8,978ef00c6ba6b098c44ca98f230de846c468993e2c314d5aacd078ad314907dc
train,progan_train,car,1_fake,car/1_fake/19984.png,122972,7f06e47f,24739225673,122856,8,a8a3d9689a4bbd38f2dd81fd750655a0e368f215be7392e54115288820436b1a
train,progan_train,cat,0_real,cat/0_real/00571.png,95353,280be2c6,26778283294,95210,8,c1923c78ff5574d6c57c71f92c1a01123ee6194dfaa3726175ab7a56ed158d76
train,progan_train,cat,0_real,cat/0_real/00623.png,121350,54f47e50,25882908653,121194,8,934daee5d6b557f41f5a4c8957f2038f5d7c5df587cdb9516416fe300eb4379b
train,progan_train,cat,0_real,cat/0_real/00900.png,77736,e8f924c2,26026597100,77319,8,44e78fafb1f2ed78dd54266140eca4f22ddc3c791d40003b6e4a6a3a4fb649c6
train,progan_train,cat,0_real,cat/0_real/00956.png,123928,b427a4ee,25472048133,123852,8,f5b63e20bde183a87f189ca6db94ce47583f41f3f8525667730ca0733269b326
train,progan_train,cat,0_real,cat/0_real/01002.png,143610,9c283a98,25943434924,143366,8,316427c1e37e76885e0e1637380aa607fa359069828c71a9ee512141101d0c17
train,progan_train,cat,0_real,cat/0_real/01024.png,74157,3d8b0452,25879115093,74137,8,61b3e7f8722aaff80057515b160f78f2fab571c1440da50c8b02d0265ae4ed50
train,progan_train,cat,0_real,cat/0_real/01047.png,116500,b26830c5,25873111500,116510,8,9fa8d191273e9b5eb199a5918b7b34d73d5243711a42d1d466f16b025531e8c9
train,progan_train,cat,0_real,cat/0_real/01704.png,87616,c365565f,25535038651,87586,8,fa84c88c7973f144ff2c649932b405f7f89a3970f114a4a006dc6e49e8108d05
train,progan_train,cat,0_real,cat/0_real/02477.png,137506,7ee790bc,26902992859,137429,8,cc4a7ba321098d1cdaf1ff8b1085d911ce6563b326424635ebe88f4b5ea998b4
train,progan_train,cat,0_real,cat/0_real/02809.png,136210,3d974827,25807842450,136173,8,892a7cf5228e4803319b6223b4bc12a4c6aadc971b4c9995211586a30127b2bc
train,progan_train,cat,0_real,cat/0_real/02831.png,103637,3f7f428d,26276570617,103473,8,bb44af13f4dde261685bdd495dce5a73a03d74cde41dd466bd02214cf81809c8
train,progan_train,cat,0_real,cat/0_real/02886.png,66093,5149e92d,26911658686,65499,8,78a3f4099dcd4f4c5b69790e7594f12b1d8d9566933f63f9a7a683ec9f841268
train,progan_train,cat,0_real,cat/0_real/03042.png,112068,859b0fab,25512316066,111311,8,eccac2afccf21cbb3662d14e1816a5dbc8e4bd6e6f7c16b7cbecbc52d56a4279
train,progan_train,cat,0_real,cat/0_real/03472.png,139593,3bb4aa48,25675047840,139611,8,02b3f46233c36ba32477879ed898a26cb555a087f1019437e25b8c069d1952fc
train,progan_train,cat,0_real,cat/0_real/03482.png,101356,83cd708c,26277883805,100817,8,ed41e161f7bed8ff7465b8a027b6b853c519959acd2c2f8ef123b41bda0f3662
train,progan_train,cat,0_real,cat/0_real/03545.png,123489,f494e4f2,26115317234,122936,8,bd04432b8583178371bae4f83ccdd6284771e69e8c2481004e79c1d20ca16e04
train,progan_train,cat,0_real,cat/0_real/03661.png,129186,dbd37329,26728661537,128429,8,1573d31bd5938c372af209f162a5c7c92f3885f13401f5a8ffc6bac4e1d61695
train,progan_train,cat,0_real,cat/0_real/03919.png,90064,8e19cd27,26784989376,90079,8,8ea2a1cb0de42b2755b449d7899a8225cdf2d672d312a8d1837652aa0aaac15b
train,progan_train,cat,0_real,cat/0_real/04027.png,94035,e2627d1b,25222407321,93869,8,cd820e96ebf4a5c441306008a0929d858d3088b08bc7a92f8bedbf3a0eb17d45
train,progan_train,cat,0_real,cat/0_real/04110.png,134521,db8a8cb2,26309984021,133587,8,de74c7098b62a672ca27112364abda54dbe9250ff83bc49561c788ed2b1d4312
train,progan_train,cat,0_real,cat/0_real/04471.png,105634,142b5c75,25995782417,105439,8,b6611a361151c32d012ad137306a78874dbe7037d925e5a1a6ab6cba0bc828ef
train,progan_train,cat,0_real,cat/0_real/04510.png,71139,e1b32815,26269260097,70821,8,519abaadb3d415102fe0ae97bd4a9273a8649ca1591cfe1474953cc5e656304b
train,progan_train,cat,0_real,cat/0_real/04751.png,138594,89bfd5c8,25414411317,138309,8,ba48dcb6d55b9e1a5569dc75c5fd17322fc483c1bcdac8f6361b869b3463f831
train,progan_train,cat,0_real,cat/0_real/04765.png,46418,8350e3d8,26836186442,46185,8,6ef657bbda17a561972163a98f4253ae49b7b506c25b64c7df7a30476aaca6f0
train,progan_train,cat,0_real,cat/0_real/04766.png,124349,aa893e70,26767056637,123862,8,b449c0d36309eaf9de806ae89e52ab78f8cf37fb696926e10115d884fdf47950
train,progan_train,cat,0_real,cat/0_real/05033.png,62702,e223ed6a,25223321153,62696,8,6dbcba1f3cb10c1e78707aedf47836b0066db589c8812711da443399dc667e40
train,progan_train,cat,0_real,cat/0_real/05065.png,65529,14325b22,25899955253,65352,8,3444f008f83e92b054fba184254fd9c433d4537acb0e9dcb0050ed1bebfe69f1
train,progan_train,cat,0_real,cat/0_real/05129.png,130809,77af080d,26308915897,130596,8,af5ea102f614a4d3cc7eccfb5c9db74c58941903e3fb89a7bd89743557bc6763
train,progan_train,cat,0_real,cat/0_real/05793.png,100035,abf1abec,26318442834,99954,8,235790be04409395103309e11430f4ed84d50fbc1d968c72bca9e9ec16034d0f
train,progan_train,cat,0_real,cat/0_real/05918.png,129914,71bff48f,25310499901,129389,8,f86ffa2168c7d44c0296d94ee3376cd6f00d6c7f85b1df90666d9e4e93a49267
train,progan_train,cat,0_real,cat/0_real/06039.png,79658,3f75e6c5,26083924844,79563,8,dc78d5593cd5453502b1521c656d4dc7205de13c18fd6ebb0dcd95818a46c19b
train,progan_train,cat,0_real,cat/0_real/06257.png,66483,adc6dd79,26383861188,66321,8,dd3df802d5b3a6712676d7b8f0ccbaca0be026aafa93127673ec4977849411d8
train,progan_train,cat,0_real,cat/0_real/06453.png,95746,d887898d,25489826486,95711,8,e34985f72879427c1eaaaf2b54c807aa190af6ab399c26a86d2fbfb591362c30
train,progan_train,cat,0_real,cat/0_real/07077.png,114318,39c87539,26129122670,114129,8,a317b499b09e37027a5a8b66d6afa435b8573de55df965565b67657ab0d51089
train,progan_train,cat,0_real,cat/0_real/07475.png,110687,d59cb4a4,25667503989,110101,8,fd77e4b108c37513f6843ead38bf6c9e2cce0436c5f955a65f3c4a72e66895d5
train,progan_train,cat,0_real,cat/0_real/07862.png,111628,2e65755b,26833161447,111424,8,b67457eb06827939797a0c15009835fb1263302b7699f618abe3d7ca5d683429
train,progan_train,cat,0_real,cat/0_real/07894.png,95114,77bc46af,26838798579,94966,8,c772e923c57ae21f2a27712a01096ca7fc6af18bd6571a0e720d38d9dce7f897
train,progan_train,cat,0_real,cat/0_real/07981.png,76089,6ffc2f2d,26439820570,76104,8,ae87455a6caf97da5575c7964c0c6d50b14da1860b2c5650584d60124455d234
train,progan_train,cat,0_real,cat/0_real/08233.png,136059,548ee018,26423432056,135886,8,20e579d75e12fca3efc150573aae260a7e4edee559558f6bdcaac36b741f7738
train,progan_train,cat,0_real,cat/0_real/08581.png,96889,141caeb9,26026500207,96815,8,7ca35a25264ab1d00c7fa7e7ea017767abb90b84a6ba9e262ba7a4e6e6ff524d
train,progan_train,cat,0_real,cat/0_real/08750.png,109516,5ecfc39b,25656662975,109371,8,90d97d67b2a6aaf582b11380abbd8f02bb3643beac6cc81c135dd0ccfbfd3bb1
train,progan_train,cat,0_real,cat/0_real/08782.png,97789,8a009f57,26510221046,97804,8,791a655df6f43641e05744a1b16bea61fb71c697e7e19b4cffeab5dc18beb210
train,progan_train,cat,0_real,cat/0_real/09190.png,104465,39ab70d0,25752741124,104361,8,62d531b39d821345acd543fcb0afff05482888c72f1da8fb0a6180a2d1f847b0
train,progan_train,cat,0_real,cat/0_real/09612.png,87927,df77bd1f,25332611145,87882,8,45633034fa534acd8e4114782c97d58c3894515b9fa372c05d25f9da26701d36
train,progan_train,cat,0_real,cat/0_real/09947.png,52235,480731bc,26479807651,52243,8,8781fd28e75c308a40ca8798bc8322251654789c667568836d256aaefd4bca07
train,progan_train,cat,0_real,cat/0_real/10706.png,98837,36248175,25805687542,98807,8,eabc04d4b99070b03a4c54d93e7da10b1df034a1715e1b7fa5f5ff828ea36e98
train,progan_train,cat,0_real,cat/0_real/10968.png,90400,d989cf2c,25459368047,90415,8,58d75d60bbedf792d7a489380e6a815d18475bcb0813999ba8b63fc4f9f1da77
train,progan_train,cat,0_real,cat/0_real/11091.png,111483,388768de,26190578917,111364,8,d17f18cb2aeb27f45f577913d1161dd4a396b587ca67cb5ea6febea289d2cd8c
train,progan_train,cat,0_real,cat/0_real/11125.png,69291,d792ef97,26896309866,69107,8,5468ef74efa19057c4b485a77b2deef295499a0a4ef3153e4cf3e7267b6e9a90
train,progan_train,cat,0_real,cat/0_real/11389.png,122042,7885d6b5,26335814873,121617,8,2e248a5fb15eb8b51a89e8d0ec6a2198b2587ef6f2cfdd0f79db2e573eef336f
train,progan_train,cat,0_real,cat/0_real/11569.png,55049,044d3408,26498490319,54860,8,e5dbf7fc7d5b74826188c60491d9b46e77d3a67ba5792415b5639a3c5650d997
train,progan_train,cat,0_real,cat/0_real/12006.png,94347,6db87d90,26780772402,94312,8,17522c2752398c1861e19989c8bf40dd5ec4911ecf030d5478177fd70dcf9d44
train,progan_train,cat,0_real,cat/0_real/12457.png,66252,a8a15fe9,25896286234,66192,8,19d4d125ef9fea945f1d3ccab54daa785868d2ec8c64185fbda85b7756048852
train,progan_train,cat,0_real,cat/0_real/12648.png,146098,5b083b61,26408902250,145997,8,9e089a8862b3a30931b3f6ad53ff9738b6ca8ebedea6d903e132a45d8b27e55d
train,progan_train,cat,0_real,cat/0_real/13051.png,93804,47e30304,25664448680,93523,8,8ae163efd2a1e96c39545b5ed8075c97d042c0ed8288fa2ac9cb92a9f5b5f1a8
train,progan_train,cat,0_real,cat/0_real/13285.png,134151,6b9c6937,25472294935,133600,8,6e4f4135152db4305701e6f8db2b2539184c5a7b595f95f60f62fe9ca7001462
train,progan_train,cat,0_real,cat/0_real/13291.png,103035,1aac8496,26010291496,102983,8,77a432f3c0cf9af354274e0f80f39d7770edb5bc090ed6324160011f81eef9b9
train,progan_train,cat,0_real,cat/0_real/13336.png,132223,ea3191ab,26578568348,131388,8,9f72bb6019f7d7b4071cee2a6668b66662821e8e5ddfac6a59e64b924bef1e61
train,progan_train,cat,0_real,cat/0_real/13371.png,105619,9c3a1d39,26646902663,105411,8,c1455ce6473b6fde4de279a4be280d3a8d7ef1d81555f5e6f519bfc9ffab11ee
train,progan_train,cat,0_real,cat/0_real/13429.png,73591,ef8f028e,25702130597,73483,8,4eab9afbe7edb096b47578591b706d1f73e59e161cad7a38959e369e67063b0f
train,progan_train,cat,0_real,cat/0_real/13497.png,65534,cafdd4e2,25759064261,65431,8,7fad84139145e2a29d8c5d9161dc61deed002e36254d4e338a7f5c5b0953766b
train,progan_train,cat,0_real,cat/0_real/13584.png,109231,d7dfba7a,26663453404,108856,8,a6c2c04adc07872187f640c42ea43baa5cc0f3ff4bf3f51ed97edb862fe144c6
train,progan_train,cat,0_real,cat/0_real/13622.png,106218,5051e79b,26504417184,106101,8,02eda87e04a4154105340e7b2fa86521365d8c5b1bfcae38bb4c57643899e7e5
train,progan_train,cat,0_real,cat/0_real/13722.png,124861,b40a9dd1,26282532073,124447,8,4e3614425a76084c6c3d8499ad7388b81c2fca0af0511ee543bbfb153a103183
train,progan_train,cat,0_real,cat/0_real/13890.png,140954,b6330b42,25551504356,140803,8,460d81710a3976210aee4bcc77da6cb0594f4158e54da142a0bbd79d4a129ee9
train,progan_train,cat,0_real,cat/0_real/13989.png,88628,906df2c7,25565250249,88505,8,8158dccfe8e4151bdf75a7a8f56bb851d033e1f12babf472194ab93743bb7d07
train,progan_train,cat,0_real,cat/0_real/14025.png,61290,50bce0d4,25379241192,61260,8,500f1d9f1ee3115603df56142bdf1c99f8a7cc4c190947edf615d9b65ac39cbc
train,progan_train,cat,0_real,cat/0_real/14700.png,106428,b6ba5ead,26366695785,106306,8,fef4ac300bc86402ba72cf94a086be363d406e4daf9b187ffb948c1b0c7ddad7
train,progan_train,cat,0_real,cat/0_real/14746.png,110217,c82f6872,25678802458,110127,8,255d132bc648b89b3c8fe42cb73690fc453f25fe7e125763f76e6bdc334db8d2
train,progan_train,cat,0_real,cat/0_real/14907.png,98881,7a944315,26552416531,98678,8,13c2c8012322ef351dc06f54d7b1a1ce67587985ff29d88cace563969baf9a90
train,progan_train,cat,0_real,cat/0_real/15216.png,114390,db0e76fd,25913002775,113852,8,6a935dc2bceeaf62ea3344e8393cf76291780e6c87eb02783f6beae9bcde33f1
train,progan_train,cat,0_real,cat/0_real/15510.png,79858,4a96f074,25556793630,79770,8,bb81b90d67583cfba642a9f27c16282d3e6a0780182f8a1a584512e1a6cc0266
train,progan_train,cat,0_real,cat/0_real/15561.png,67357,a8a573e6,26411756542,67290,8,75ccf8f2e10808a81c6370c56aa4146b463d487f8f54ad31e66a1931275d1095
train,progan_train,cat,0_real,cat/0_real/15600.png,108532,eec3c957,26915095868,108248,8,358d934deba45fa8f865b54000acb590b9218e5f97a72a02b6bff20433eff615
train,progan_train,cat,0_real,cat/0_real/15689.png,96947,ea0a8ba0,26488304792,96597,8,2113f16f08f6aaf826575433a90fd777af5a7a2e53d3700e42cc1ba8b6cd400a
train,progan_train,cat,0_real,cat/0_real/15770.png,120049,8ec7c72b,26582129978,119791,8,fb8343821c67d1701a2301b60f47afd15441b7638846d2f174a3c4884bed0f17
train,progan_train,cat,0_real,cat/0_real/16189.png,64612,4051ac6d,26353152128,64610,8,19570d6b1c45732bdb84c59a893896b1437b41e524e11d30c036eb44a64e0234
train,progan_train,cat,0_real,cat/0_real/16459.png,105343,eec81af9,26272290135,105113,8,342ae18aeaaba533f7aa3aedd68e6dba2204636ca0f72c489d9388df21e54b01
train,progan_train,cat,0_real,cat/0_real/16531.png,141259,87e0554f,25527195008,141151,8,73ccab6f1e135430bf4113fb87a0a164387e7975aea1c2f0f46cb88dd5901e01
train,progan_train,cat,0_real,cat/0_real/16720.png,115022,c016bd50,25427694201,114880,8,0951fa0e4f74152a73678e0f36296f7199788b87f638a931242d632ba7c7f6b0
train,progan_train,cat,0_real,cat/0_real/16807.png,89471,8b780e94,26373619940,89470,8,4c5f6eda7222ca3616dbeed5b077f8da0f366133fe05c6025863ce4d311d16f3
train,progan_train,cat,0_real,cat/0_real/17074.png,98238,a273ba60,25868447787,98010,8,c164f927fda396b305a0f70742685d51573a4619a3d18c83b76e8fa400228e61
train,progan_train,cat,0_real,cat/0_real/17105.png,126388,24688bf1,26039315939,125445,8,1e25954fa4c4589ddc91ceebea5d5f72a3f77ba59fb3462d1b04e751cc21478b
train,progan_train,cat,0_real,cat/0_real/17123.png,108143,bba3a394,26416358453,108023,8,0e78bac3b775ccc3c379cfd3f62f8447c6e7f86b99f5cb0b4cc8561616ac7daf
train,progan_train,cat,0_real,cat/0_real/17413.png,86169,0ebe2b3f,26521095221,86144,8,434c3354e2fe473845d35a1896c6f9a8c6485614f3b4d8b92e75f2221ffa6ab6
train,progan_train,cat,0_real,cat/0_real/17569.png,40105,1434a935,26572824179,40079,8,8b05491ea422383016bcce6b3288109f745698700d1edb7749dcec36de36aeab
train,progan_train,cat,0_real,cat/0_real/17850.png,122209,0326c9c7,26129599379,121937,8,052e110b1ceba54b7acdd54b6eec4849f306d9a13cd0564fcfb5a2348517fc06
train,progan_train,cat,0_real,cat/0_real/17854.png,98866,928e47c1,26666308919,98565,8,ca3ed4dd647262499ae4a479898f88384be42f7e6be4b292314a6a161297c96e
train,progan_train,cat,0_real,cat/0_real/17865.png,118870,df847754,26768534705,118613,8,82d0f7049fa30fc8584fe24f2d063308a1f3f9da2342296e2307ac391f6c731d
train,progan_train,cat,0_real,cat/0_real/17887.png,62193,32768684,25810188772,62203,8,8ba995669d57f88864f769ed75f518f3f2fea085eb98d4f67897044ccc818dd1
train,progan_train,cat,0_real,cat/0_real/18032.png,63854,88dfdf94,25428538885,63861,8,c136734bfe0d0cf7a9670fad5c7f6d4ef377b7b284914d613887467d04a665eb
train,progan_train,cat,0_real,cat/0_real/18229.png,102938,f5720943,25182902378,102939,8,5f625ea841158bf0a72fd1335f75326a0b3c45a1aafff560442e04f146a387c0
train,progan_train,cat,0_real,cat/0_real/18678.png,99842,711eadd2,26525315550,99752,8,add7c049a7142ab7ecb28bbc4c7aa75a005871ca4103f4330e043db5d0017c9d
train,progan_train,cat,0_real,cat/0_real/18983.png,58604,4f42e29d,26584129746,58434,8,cd6acd88b53e1fee02dbd15dee481aa9ec22e45f42052ce6755528f897c0716e
train,progan_train,cat,0_real,cat/0_real/19153.png,118582,9ae37c40,26002798796,118578,8,fada185bb87fe60b030a6ea6ae2303f45232078b16efe3ba2d91cc5e24b4f3c3
train,progan_train,cat,0_real,cat/0_real/19496.png,89175,1df9be0b,26327394659,89130,8,c41ff6d0267e42b9bf008a6de740bba201df3c2c34cda77f701cca0de598cc44
train,progan_train,cat,0_real,cat/0_real/19692.png,88574,1f581523,25297184335,88589,8,8c3eeda979bd1d6d1f2023dbb2c5bed3830c8a88f0e825b71cf874dfad33a10d
train,progan_train,cat,0_real,cat/0_real/19883.png,100804,8de970ee,26525415380,100768,8,078cf32489d7c966189c6ab12a47d38d98cc55d44a65e2263ab42e85c51de820
train,progan_train,cat,0_real,cat/0_real/19920.png,82541,b3cef7b9,25951425982,82309,8,bc3f31cfee03e9a4b697a831d566443d68d4137ed69594ff01763e71cd34f6bc
train,progan_train,cat,0_real,cat/0_real/19979.png,92517,44f3551d,25245658418,92229,8,170a155852ff1eb2bd555889c114286ab0b495095a84ca775f9620c6d13d58f5
train,progan_train,cat,1_fake,cat/1_fake/00039.png,98070,97f54177,28676709871,98022,8,4afed42f24b530b0385ae29c4a207f9205fbbd73a83f4df471fa7b101d5dd7a2
train,progan_train,cat,1_fake,cat/1_fake/00676.png,115859,3584726b,27622785211,115862,8,1501e9a31d22d5f6ef8aa52385dbd5e727fe0326cd50114b00f71ad312cb8ecb
train,progan_train,cat,1_fake,cat/1_fake/00921.png,88627,e0e49845,27547273102,88642,8,bfd2e7b48eeb843eb8231b66bc72aed965e27037bdbc8c8be9ba054187b70fa9
train,progan_train,cat,1_fake,cat/1_fake/01101.png,120483,2a1696ca,27019830496,119676,8,22747e772971e33e89845fbfa543c590d3c249c28e5fa38ac6efd1cf429159bf
train,progan_train,cat,1_fake,cat/1_fake/01165.png,93469,76d8cf5c,28513400217,93440,8,5c541c5d3712b53f2df448b74f5e4a9402cd53a1bd4f08ed6f620e4ed9f2c286
train,progan_train,cat,1_fake,cat/1_fake/01490.png,138168,f29212cf,27518846714,137987,8,bb08574e0218a2b06ac397157a2e4d4934af92a3998296e22c34502731946095
train,progan_train,cat,1_fake,cat/1_fake/02001.png,92047,f6e102b6,27279481724,92062,8,956bf2d9fed3233cda53fbeac5d8a10f47c18362b02cefa7d7fecedaae8c0651
train,progan_train,cat,1_fake,cat/1_fake/02171.png,111580,dba09874,28284845981,111434,8,f70f7ae98c4b6cb9c5045a1d7cf82ab42e6a607329eb1fa613f9cc26db4d77b6
train,progan_train,cat,1_fake,cat/1_fake/02304.png,85747,bcfe3768,28480829766,85616,8,b9ec7e4f134f95291624ade4023c9437162e7620d043c52938e03cbeafe42b5b
train,progan_train,cat,1_fake,cat/1_fake/02379.png,104923,680347da,27955053258,104429,8,d8f81168e1c3d716a3a3f7bbec22f70197636f1919aca074b5cc89f2d915e3b7
train,progan_train,cat,1_fake,cat/1_fake/02527.png,138001,69b45adb,28305969625,137157,8,256abf70c67823992a4c483ccfae45baea92af18fac86d60124d261cadfde8a1
train,progan_train,cat,1_fake,cat/1_fake/02790.png,116579,95072382,27509494033,116599,8,a2e719503c82725d0f8f05f8fe9e67cbd626f43ddd60d4eb20b3933bb7141252
train,progan_train,cat,1_fake,cat/1_fake/02886.png,94348,0cc4911a,28833566822,94294,8,1dccb655144e0be94afa6ed800e2f13ce96feeba9698f4027cc3cdb4689ccd79
train,progan_train,cat,1_fake,cat/1_fake/02942.png,115757,dd76ae21,27645551666,114904,8,d60a0b31ba91ea58ff5e58e2788c8a85fa314c90c32a295ba653b04510fa614e
train,progan_train,cat,1_fake,cat/1_fake/03245.png,156578,abe7b09a,27593213886,155929,8,864a3a85315e4729e56c65588dc148122dfeb2acb093f750230d4b190d1bc052
train,progan_train,cat,1_fake,cat/1_fake/03270.png,89284,31d9ef36,26990079403,89236,8,06c02b93fc9079938775d1ed5f42306ef4a805a839f42ce23a7a7afa067cc28d
train,progan_train,cat,1_fake,cat/1_fake/03300.png,110350,46f337c3,27546488279,109900,8,0b10e54b7dbcfa9d210351725bb5985742a7c7ba3b84f2e00185b1e72cd3868e
train,progan_train,cat,1_fake,cat/1_fake/03336.png,129608,199d50e2,28450443206,128995,8,481de9299ac35584141fd9298a34f3f402bd351bc35bb53631f8e3768269d73e
train,progan_train,cat,1_fake,cat/1_fake/03352.png,123414,11c0d259,27095369955,123413,8,adbf3f12bf2f16610c5fcc9fc8e65ceda87ab8bd3198f9699e8c71f707c90504
train,progan_train,cat,1_fake,cat/1_fake/03402.png,84203,cf8e6785,28195968447,84113,8,777e6d05cb9317dc0571c3c4761af769047ceef5c806fd200a35d8b08ce98afc
train,progan_train,cat,1_fake,cat/1_fake/03537.png,164655,6270e76a,27959822752,164661,8,89840e03da40796932e65bcbbbb5d3408e8a080b926aaa04749b487d61ed95c3
train,progan_train,cat,1_fake,cat/1_fake/03569.png,128774,c3e91918,27268145472,128551,8,2a78cf8cf79560c6e52a6f5a782b4bbd3c2addb9c45ac539a6a5081d5d0ee323
train,progan_train,cat,1_fake,cat/1_fake/04018.png,100234,e4ae141a,27598051453,100239,8,45f5421bdb60a4e99c4dd4026f2c619a58c82420ebac3ad23ccf7344dfca8c18
train,progan_train,cat,1_fake,cat/1_fake/04110.png,80258,1f0ec122,28187100507,80224,8,64fa936ce599bcd594398af62d57c981714f9e7bb219066f4a9ca796e0f047bd
train,progan_train,cat,1_fake,cat/1_fake/04219.png,120717,73253713,28549239482,120660,8,1f1c2842b32841d21123e3e94ad9836fc71c6eb251651302e10393ee99b26bdb
train,progan_train,cat,1_fake,cat/1_fake/04382.png,91615,e512bf37,27389051942,91428,8,df4edcd6da46b3bf0534896aed9e471930bcfa408e35acdf5f776e3cb7b94c18
train,progan_train,cat,1_fake,cat/1_fake/04601.png,73214,95a964d4,28089411002,73211,8,e1d59b47a81514fa818f796ff3991d7ceef668d2e9ec0b7518d66e3d91db7450
train,progan_train,cat,1_fake,cat/1_fake/04955.png,94190,a3a36776,27570132933,93906,8,69c46d7c735757ccfe149a0e997c2602622adddbdcb61ab8a6a214db5a640d06
train,progan_train,cat,1_fake,cat/1_fake/05161.png,101200,4f6cfe30,27984719150,100951,8,b15aa98c549f80af7a22c986930a58e95a5d91b067d6f0108ae644e48656dad9
train,progan_train,cat,1_fake,cat/1_fake/05173.png,111777,43d42392,27616626948,111503,8,02a3b57173dce70ccf7a3fdca5be275615f3a8804cf107e38a307a54e096ac7e
train,progan_train,cat,1_fake,cat/1_fake/05402.png,121209,477b287e,28177943610,121105,8,3137f681ab705b61e7ea43c877ff8261a1397e4478f34c634479d53d183b10c0
train,progan_train,cat,1_fake,cat/1_fake/05463.png,111350,4df755ff,28049650258,110673,8,4386f1e6179ea663185df5269fcd74356bb0f5e28f8b8e26fba597ac9a7139ad
train,progan_train,cat,1_fake,cat/1_fake/05802.png,87236,a33d8c81,27137145885,87251,8,451932d89695b7cf1eb28dd388fef86634383a730771dab07024d1cb349ada05
train,progan_train,cat,1_fake,cat/1_fake/06076.png,76744,35927f3b,27581872978,76603,8,143ad9da529ff7aa5a170ec4268637db1b18cf5ff447e4433fc7b58f69a92e19
train,progan_train,cat,1_fake,cat/1_fake/06160.png,122603,9b8c5617,28129917536,122551,8,1570e97664233cd508c440e7010f690371a8a6cd65fdf5ec1b165f090628e01e
train,progan_train,cat,1_fake,cat/1_fake/06197.png,113839,1984b723,27047306264,113859,8,f155b37fc80487293860120e5df26bc7b34d0e3d9533121221515edc68bd5b7b
train,progan_train,cat,1_fake,cat/1_fake/06826.png,124232,20f0d752,28669434190,124129,8,319f63f3949d46852ab9535d738005fa46a7ec98e4bccd4da6adb08c86aeab05
train,progan_train,cat,1_fake,cat/1_fake/07245.png,102744,35a17cb1,27772882713,102419,8,38aaa9d1b420bfc79cbe15d96a39dd0552df62a6e40b7f12b62c674506306527
train,progan_train,cat,1_fake,cat/1_fake/07309.png,120995,288e8c1c,28652390443,120802,8,5cbded9dbe20df0b5e87f8308c4198a509d6ddb98ba62274d13720868b87ac34
train,progan_train,cat,1_fake,cat/1_fake/07351.png,112880,172c992a,27048851864,112836,8,ee0d21556fafebcecdcd8efb00e9e19194b6e59372ceda5ce10f6a3861896843
train,progan_train,cat,1_fake,cat/1_fake/07755.png,85436,11f346fc,28589552333,85387,8,a5a4bd7332fa2859eafff2b9ede80e32315c9bdd7a80bfe1863989869a2b9f07
train,progan_train,cat,1_fake,cat/1_fake/08000.png,74132,63cc0c1f,28570648556,74098,8,aa47872e3ce3183445caa91ba53ec6561c5943128e4dbe45ddcdbd1c16536832
train,progan_train,cat,1_fake,cat/1_fake/08537.png,107741,f4d46957,28296862058,107436,8,e7a94e2805367fac1a9d2d0eb2a8e224ba7a7f0359fbc8899047f3a372387fed
train,progan_train,cat,1_fake,cat/1_fake/08707.png,94816,101d497e,27418565705,94587,8,0106aa7bea7be76dcb7c7adf080586dcada9caaf5877ecd30b6aff87f3eec907
train,progan_train,cat,1_fake,cat/1_fake/08789.png,68451,dd79d9cf,28426763145,68463,8,15fa44b5418f4fadd4e0dad740e40bb06627bf3de4007cdf2b3ff862bd159058
train,progan_train,cat,1_fake,cat/1_fake/08813.png,93185,b17a1e75,27720896861,93148,8,d45893d3c2c0f9e956566527966f39f91559230ec1de117ef2c88c45b93c074f
train,progan_train,cat,1_fake,cat/1_fake/09021.png,143486,e00854d6,28018764055,143044,8,daefa797f3c12f347ba12caa3363953e32542a744875e1df99ffb7714a32c2b3
train,progan_train,cat,1_fake,cat/1_fake/09581.png,118710,4ebf0cd2,27595662545,118730,8,21a5fa74c4fd4df4b698424e6378a156cf8c89593e2ae6170d836f9ab0cedc9c
train,progan_train,cat,1_fake,cat/1_fake/09699.png,123092,12d12644,28627418244,123043,8,46d0a7b90138a883635dba96346e6f0257907708195cf846fd74b0e5ae628e2f
train,progan_train,cat,1_fake,cat/1_fake/09726.png,122988,1658b05c,28394914396,122790,8,a34116589dc72c28aa1c6271bb1f0ecefeda960b0143bdda65828a98bf7e505f
train,progan_train,cat,1_fake,cat/1_fake/09799.png,96788,f3ad005b,27505930961,96764,8,e3c45e704b241c6b91db2371e0ce00e8b878634e84325e60f797b54245cb7249
train,progan_train,cat,1_fake,cat/1_fake/10096.png,100660,49214bc9,28621229460,100598,8,019705a5b38874f23b1b2a5cfca26bc6dc51e1fbad6d446d1af2c265b94958c6
train,progan_train,cat,1_fake,cat/1_fake/10241.png,122797,02a844c6,27239093038,122320,8,0693e80e022a9b47e53fe2ea2d1eb07557f22a798daa494a4198a396c788e137
train,progan_train,cat,1_fake,cat/1_fake/10339.png,123292,112919ea,28407714449,122826,8,211fb4310b005719158441c8c6c545d0186fa481a9cba4e232903e38cd46b519
train,progan_train,cat,1_fake,cat/1_fake/10342.png,102487,1ff13366,27849521101,102386,8,5709550d08af438211a6124027d6497ecf1ffbf40c9353510a31e6b32cbbbf9b
train,progan_train,cat,1_fake,cat/1_fake/10765.png,100380,f76fe07a,28086437641,100372,8,078dda4b559d41a408f49919f5268bcb89d427147e11559f0b8f78c1ea110d22
train,progan_train,cat,1_fake,cat/1_fake/10935.png,84845,e8e404b0,28357126163,84718,8,11ecafbd0176879bb742ad6da7ebc013aefcb53dc187049e946546a2dd79e784
train,progan_train,cat,1_fake,cat/1_fake/10950.png,125407,85d5cf79,27945684279,124838,8,43125a6ea4496a5f3821fc910acbe622dc4a57e6f02c12858717c98c01916c9b
train,progan_train,cat,1_fake,cat/1_fake/11354.png,90165,acf4a118,28852825706,90109,8,2aa90cc04bf4ba1aae4efc906e2bee3abb151c0d304c725062e3cc191f1431de
train,progan_train,cat,1_fake,cat/1_fake/11448.png,136208,b466226d,27083292633,135872,8,a7486aaebd77d982ba43f4699f2c996eb4075a587feb0c70c185896497e2ec10
train,progan_train,cat,1_fake,cat/1_fake/11617.png,97491,d38ffe71,28680554172,97438,8,8e8841af49d2496d38f197e20f0dd1935d88804c431b91a9b6ad91bfa0fb4a58
train,progan_train,cat,1_fake,cat/1_fake/11802.png,100150,3412817f,27734776992,99921,8,9fb31d8c8de8ee380f686035e75bd45ff05672961198d4e98baee5f11958c59c
train,progan_train,cat,1_fake,cat/1_fake/12345.png,114599,d7e8edf6,27715883915,114575,8,110f6a564bd4cbd0b9b70b16c72ed8bac7ea8fe9739df184bb18d1d33478ae49
train,progan_train,cat,1_fake,cat/1_fake/12398.png,90514,e92ace9d,28603833198,90529,8,c812f61654c8daa9cf811628cc752053f3e2d994e875e3d3cc19c2df4ec4cd67
train,progan_train,cat,1_fake,cat/1_fake/12642.png,121280,f94bc062,27604542510,121300,8,3e09581927538fbf9b216ce225c7d8d485e03d2a49cd91d918d79f10a0ff070e
train,progan_train,cat,1_fake,cat/1_fake/12681.png,112525,b10892d4,27458305377,112545,8,430fbd56d469fba9e34b8768a3e4700e2f1ed0946e1fe32453f5e53cdb6aaaa4
train,progan_train,cat,1_fake,cat/1_fake/12918.png,91459,e90a7b0c,27049860975,91474,8,b3384bcde8c768ba221d15e713467ad4f874349873848128bdf5cdbdb64bcdfd
train,progan_train,cat,1_fake,cat/1_fake/13081.png,101455,9a52701b,28393332582,101342,8,ced39c279994866d9879b7b86e090c8cb6d790cefeeef33d804ecd417047878c
train,progan_train,cat,1_fake,cat/1_fake/13164.png,106733,ef80d187,28502663457,106568,8,e6fa822236c3075a03c8d9e669a990d101de4e548656b3923fc28e141ebf4c71
train,progan_train,cat,1_fake,cat/1_fake/13179.png,119338,a93e89ad,27352635817,119170,8,fe80c660a14a71c3938188182d7857223090979784210456ee82e21d10c0cfa2
train,progan_train,cat,1_fake,cat/1_fake/13294.png,75965,37a6fd66,28769789570,75980,8,896d5c767775aab147c66c21afe295f234bfdebe1ed2529594e8ec08f44bf4d1
train,progan_train,cat,1_fake,cat/1_fake/13533.png,123754,771068d5,28206585681,123755,8,0e3867782d82151e358b72efe1e91d0bdbfb2906dacde66192ea0450e1d38baa
train,progan_train,cat,1_fake,cat/1_fake/13585.png,99211,9ae3f8da,27311223698,99212,8,ab275ab0930d12f89fa4e155797417d85a9cbb9e7ad1d6ed0716ef947700b192
train,progan_train,cat,1_fake,cat/1_fake/14536.png,105117,805ec64a,27619975744,104867,8,5cf42091c36f9d7fafe2c964e3749bb101cf1fff74c1da5335c65c6ad44a0fad
train,progan_train,cat,1_fake,cat/1_fake/14704.png,103276,9f005e94,27152186246,103130,8,f14351d59726b3f6a37a05b4fcdd68186e0f1e7ec0cc236c77fbb2ab73b83393
train,progan_train,cat,1_fake,cat/1_fake/14746.png,77192,5ab65329,27507215349,77140,8,4ef8c7e346237fcedd5bf4513f861ba69ccd029013cfc11ad4c3c5a0c0a2845c
train,progan_train,cat,1_fake,cat/1_fake/15194.png,94071,aba50580,27060314334,93981,8,48099297d111a24bb8c46f5b189b44481613d58b8cc53ca4e8778930c33f4ed6
train,progan_train,cat,1_fake,cat/1_fake/15354.png,104549,21c11444,27365041493,104455,8,0a86b650d786422840ce71e5e277434a5415061457b438b6fb82fc7504999dcf
train,progan_train,cat,1_fake,cat/1_fake/15712.png,96543,cbdc010a,28042690962,96558,8,0671fd396e6778cc39db263e66b40f90ea46cd71025a28e066c15700dd08c6ad
train,progan_train,cat,1_fake,cat/1_fake/16038.png,92250,3c99cf12,28519095532,92063,8,c05e7fdcf6a5f77deddac0762987000e48e6597b2989b492a757d69eaf4a5d23
train,progan_train,cat,1_fake,cat/1_fake/16372.png,80595,91732fb9,28101344159,80610,8,09e825292178d78cab85e69bde5c7c048bac3f86068e20451cdafe09be4b3be5
train,progan_train,cat,1_fake,cat/1_fake/16482.png,81321,80824b0d,28317477258,81164,8,2cc5837e7e218df3becf4d19eaaafb8b889f41d6e41f581b0aa68df74105ddfc
train,progan_train,cat,1_fake,cat/1_fake/16519.png,98037,4e5aaa0d,27494845946,98042,8,0737770d9cfce90eb5f48199a192503be482ec90634144bfff64019748b5fdbc
train,progan_train,cat,1_fake,cat/1_fake/16687.png,110673,45356653,26994626781,110533,8,ba7b2f0c0f2d0c1e1be54b71e05a4a895268c35ccf54220921e3538f03116030
train,progan_train,cat,1_fake,cat/1_fake/17076.png,100019,cd80d23f,28003900814,99690,8,08d870fe4311aeed468d5e91c0e39b298c841d20eb196f7cdb63b2a8d7ec29df
train,progan_train,cat,1_fake,cat/1_fake/17086.png,116265,1c14743e,28067099976,115665,8,51ac406d3e35b86228971ec333ac5b39613766f3ba1c910feedd9edaa5823759
train,progan_train,cat,1_fake,cat/1_fake/17655.png,105291,93193c52,27818256716,105088,8,3e182764fb864b4adc2a64a6f66553afecfc8c3cb3760e0f862bbff46e56c077
train,progan_train,cat,1_fake,cat/1_fake/17694.png,110832,c1b77fa5,26977104284,110541,8,4480f34e7da326d2f2bfd92701bffb527ff25a2b36df0f70d71da701a5e6ee68
train,progan_train,cat,1_fake,cat/1_fake/17746.png,126788,8c05ac6a,27401675563,126808,8,e1b5823c8d9928ae539bb73077c5785efebe5f5df4068ff1bb236869de1721b4
train,progan_train,cat,1_fake,cat/1_fake/17821.png,107058,7b89fd83,27810923556,106817,8,d45ab9729b68f8f4559b4ff3f090dbb586e74e24b884a76faa755b691c5a98a3
train,progan_train,cat,1_fake,cat/1_fake/17866.png,126853,5b11c5a4,28131398153,126234,8,30f9f1192c77c1bf9b571826a8672b2f048ca21a0efa3d8309563ace19a41de9
train,progan_train,cat,1_fake,cat/1_fake/18321.png,72072,65f928c3,28846403245,72044,8,88acb75ca84963878266e68e72c241de9c988438f0bfead1cb84dfa259178ba3
train,progan_train,cat,1_fake,cat/1_fake/18382.png,132173,8b1afeb1,28349905923,131864,8,725876c8cc27a8f4c330e93b22a48cbf1026d1c3d139b0c26e2d988998b70c22
train,progan_train,cat,1_fake,cat/1_fake/18929.png,107192,a1f46c0f,27561276610,107039,8,8a9a83dbf0ba3c5aa0503ba2ddc4060a3448b648ca6aed808f4772a0f63b34a8
train,progan_train,cat,1_fake,cat/1_fake/19305.png,124381,65031546,27431935283,124061,8,006b560bb3de419f9d2e0219f5e50a983c46de3335b9d22a639b72b7d843b82d
train,progan_train,cat,1_fake,cat/1_fake/19328.png,96676,eba84f14,28518345266,96503,8,8093eeb393e9db44ff6d588bb5d625ea5763c89ade122491462d121bd044788e
train,progan_train,cat,1_fake,cat/1_fake/19388.png,77038,f859599a,27059809799,77053,8,3640b3d4fbe38841c19923bddf8cefbf5005e60cb16c94580933c2ea55334184
train,progan_train,cat,1_fake,cat/1_fake/19494.png,143642,4abe2776,27224892151,143332,8,383819a834843355d42830b566e27d5f9e08d1495768fabe43641fba133793b1
train,progan_train,cat,1_fake,cat/1_fake/19910.png,98335,66382bd0,28447929451,98212,8,92f5d5318a0609491fae9c320283544418e4b19bfd7777664c6c1e0e2f57e245
train,progan_train,cat,1_fake,cat/1_fake/19943.png,94116,2ef3845d,27479288860,93881,8,0aedc1c41eac4459eeeb8aff4e23d8eb774c0d657c2a2a2f71b3b2bd830883fe
train,progan_train,chair,0_real,chair/0_real/00130.png,118280,24cc4cf1,30303195238,118252,8,55eb7d5fa06ce21c170dfe1c7ba902411ef331e1badc173adeb427e5f60697be
train,progan_train,chair,0_real,chair/0_real/00213.png,80691,986c6d6c,29652701194,80619,8,48e567ee9bdd393a5198628419550ff7f5098d222c2cf6f9ffe35681f21008ee
train,progan_train,chair,0_real,chair/0_real/00953.png,102740,dd5332e8,29955416275,102551,8,2c8e7fe632b1f8544ba3cd41261aa17df91e141d58bf47fe14fb346327a1f4c0
train,progan_train,chair,0_real,chair/0_real/01076.png,90446,c66cd87f,28999730947,90405,8,c908fbc1dc72df3e447d55f6a631f09ac4f3cb724ebc33aa4827d71872c58a3b
train,progan_train,chair,0_real,chair/0_real/01088.png,31632,6ba850a7,28987971553,31632,0,e94878b7d1aa7e307e6e449938fa69c0654dda685e257724249d8f41cb36e552
train,progan_train,chair,0_real,chair/0_real/01215.png,100653,e3f05939,29159144386,100220,8,5a665b9b00f6db1a623d4b21e7df295967f37d6c9a469f8dfcc5e8987d0c482b
train,progan_train,chair,0_real,chair/0_real/01307.png,58645,72851a95,28996719763,58655,8,eef8bfcf79aea58f52b544841a66523094d75ae1682aebcebf9b4024e0856327
train,progan_train,chair,0_real,chair/0_real/01379.png,85449,e3544db0,28874716416,85401,8,588bf7c928004d106c9b2eaf2f460cb9ac66e63c2169c6d31d0da97cf2722cfc
train,progan_train,chair,0_real,chair/0_real/01748.png,87235,de850161,30154816453,87245,8,4d2175951f70674375acfbd62122584b0b379532af6caadf3d02adcbae065108
train,progan_train,chair,0_real,chair/0_real/01806.png,95137,090d6451,29966107059,94953,8,613bdeef91bbee318fdf0bd7e232573992a545565913b1f67c2b5330ae176823
train,progan_train,chair,0_real,chair/0_real/01841.png,65217,0ff6a66b,29967191515,65034,8,b6910034389571c82fa59b31ca9ab1160ec27efc81eefb629f43d6cf4ef0800d
train,progan_train,chair,0_real,chair/0_real/02111.png,108502,2edb14ee,28891464743,108440,8,72e6cf998f7620a33f3af3e910277457a34bb533359fd9a5f13d58773dd1d5a0
train,progan_train,chair,0_real,chair/0_real/02157.png,100728,81b23bfd,29074603482,100624,8,e594ad32a923511b8a318dc45349e58f50137d4b6711bae37a4b5c53c32df205
train,progan_train,chair,0_real,chair/0_real/02325.png,108855,e203db23,30298423577,108828,8,033c3a9229258a41d1fd950ca68bee36d4a2a4f37f60eb86a61e935aeddd75d1
train,progan_train,chair,0_real,chair/0_real/02455.png,90083,caf14d54,29778481519,90067,8,c5f96bd889a900937d11e53f0a32234a88b1c41fac1a7bc4469a0fdcad8698ff
train,progan_train,chair,0_real,chair/0_real/02463.png,95710,e54a3927,29283193600,95725,8,593d2fb2761604c642d4085274f7ff7c89a61118fa200e29128878c74359cc94
train,progan_train,chair,0_real,chair/0_real/02844.png,83715,a60a201d,30109249572,83602,8,f7dc2fbf27dc27b8278db1478243a2135bba9ff24f9cb25447312a315b354f68
train,progan_train,chair,0_real,chair/0_real/02867.png,35833,c20611d9,29182745761,35843,8,c8c8d60ad5a3895be40173d9c2655ed052a6530ebdc17f838b865f96b401a5a8
train,progan_train,chair,0_real,chair/0_real/02884.png,100007,14869613,29844286360,99735,8,888cfd2dc49bc4f700c60bed958dfde96e95cfac27dcc6b32694b9940e6a99f9
train,progan_train,chair,0_real,chair/0_real/03422.png,106346,50fc9777,29363323528,106288,8,f461e1f495de158b77ba84bb2b3c87840b1c73d534690c912e369643b7af1a1b
train,progan_train,chair,0_real,chair/0_real/03463.png,104873,e44935cc,29442710363,104889,8,44b249113ee8f5eee4ceb9672e2bc1566e928585fb446bf79339cd8f1813ab7a
train,progan_train,chair,0_real,chair/0_real/03476.png,83305,abcd7502,29527172320,83032,8,dc767ae2c29217cd7d97e8dff7acf3a66c572c6df2622476a7fa836c074983df
train,progan_train,chair,0_real,chair/0_real/03653.png,36292,191ec1dc,30226846831,36128,8,88d8fe2ed14ff276c16c9b00b0fd559281515fd8fef1b94f75a8bc72ac8f96c9
train,progan_train,chair,0_real,chair/0_real/03764.png,30527,613419db,29004315457,30186,8,34219d92ac7370778c5ae884c8c290d36c5556a183b74854ba012fdbe291d75e
train,progan_train,chair,0_real,chair/0_real/04079.png,117551,189d724d,29751532522,117554,8,82ddb9cc3f63e08c623cb1e6294e6357df49097ff94a95c6a9599e3be2c5f6c9
train,progan_train,chair,0_real,chair/0_real/04168.png,78455,c7fac288,29735516826,78387,8,840904ca912b5ee470fa76183db621e637248f47fb1de4be164639fe248872df
train,progan_train,chair,0_real,chair/0_real/04257.png,87217,8ee9cced,29229644506,87189,8,b01e74bb8814d7c2d0bc02fa7b54a6754c724ad82717168f9742517a63595874
train,progan_train,chair,0_real,chair/0_real/04382.png,56550,ae327bb9,29214759274,56560,8,ea5a4a395c23e9ddf7a45a79c3a3529ac612ac76eaaa4a131799e50cfb7e666b
train,progan_train,chair,0_real,chair/0_real/04772.png,92149,90e3b5b2,28897502860,92147,8,e1eb800d6a36cbd51d187881020bae86bd303827997e4a4b2e22c01e0bda0d85
train,progan_train,chair,0_real,chair/0_real/05023.png,121424,1eeb389a,28907062467,121418,8,36e33ff437902d6529019ae7f0a747b3059b2f621766703905c6e7a164d431d4
train,progan_train,chair,0_real,chair/0_real/05082.png,31942,003159d2,30003720740,31805,8,676e4fc7bb3755e63208380ad168635af693c30bef3948bf33035a091d63ce55
train,progan_train,chair,0_real,chair/0_real/05160.png,97417,35a2e31d,29147092205,97298,8,94f4b32d4133ed6b69f3d759c3dce25fbd16859ee2a408e7931a3362c02628b4
train,progan_train,chair,0_real,chair/0_real/05462.png,102547,185d6a67,29279341674,102468,8,63ab51805d4cd74433e741be446e5fc032b205d1767834f98b7fe85b7c68e8ee
train,progan_train,chair,0_real,chair/0_real/05585.png,87656,aa4b7b99,29296206772,87603,8,5f787d3b45d0af45e70836d3b8294ac32e279bd7123a583ade0bc2a816473fdc
train,progan_train,chair,0_real,chair/0_real/05722.png,73906,7b80077e,30120099677,73838,8,15362c1b7b2b74662eec92b63580050f4ee48de486895fb1efa4b3b0b51a831a
train,progan_train,chair,0_real,chair/0_real/05880.png,45559,a773e6ca,30236134529,45459,8,342e1b8030d28f7027ab71422569e4246b69c287aa73885ac9766530c8aaec91
train,progan_train,chair,0_real,chair/0_real/05885.png,124823,f6705d50,29004478926,123984,8,84ef99c94067e44d1c6de944feac9d11a98c2119fbba655f2a7278a262aae782
train,progan_train,chair,0_real,chair/0_real/06230.png,87896,5b79480a,29386948958,87869,8,7ed468b7f2afc1e05e13f329ce6f35d1948c0f2cf82351a65b4c696298a64b59
train,progan_train,chair,0_real,chair/0_real/06344.png,116184,2e30b9cb,30147851208,115842,8,76879a1138e658d03f9ec538a31a3ae0f26fdd6baf237833fc8a60e50f110887
train,progan_train,chair,0_real,chair/0_real/06425.png,18723,4c92ce04,30007344833,18417,8,98e3d85fd24cb2464e17fd3cd5bd1ee5b1a45b4f7e3fb9815a02adea79305cff
train,progan_train,chair,0_real,chair/0_real/06507.png,61953,094429f6,29467430730,61368,8,a0a688ed4c5cf1efbb7c1088103b995bed2f41aabe6b52cdb9f755a284b539f0
train,progan_train,chair,0_real,chair/0_real/06575.png,93258,18154795,29123913273,93164,8,285e5d82bf460a20f2e504c1bf487a35b1742689b54476da12f00fd2c98b209b
train,progan_train,chair,0_real,chair/0_real/06863.png,90637,311df51b,29563926556,90628,8,05123d7515f4a2834bac967163926f416701649e13e1733c070bc7cbd5b0b2d5
train,progan_train,chair,0_real,chair/0_real/07121.png,26951,f86f368d,29826074099,26602,8,46443fcaafc2e30cb6b6d52b118bd267c1f2a13a71b20db4c5e828be910f3496
train,progan_train,chair,0_real,chair/0_real/07470.png,39352,fbf84c9a,29532522888,39291,8,274d12cfe31a6b7502e5252e7b8c1d71602ed2850d78b0bcefa733416d867c00
train,progan_train,chair,0_real,chair/0_real/07720.png,85175,14b87186,28902349529,85153,8,551138f9b2d2162f10fc5538328fc8d27a605560d8417e30da29513f0da5e1fa
train,progan_train,chair,0_real,chair/0_real/07737.png,35388,569cabce,29336275687,35326,8,12d7369ce8cd80631b48ca0eff3fb5f5b7976e3dc271348707abee3ff52197d7
train,progan_train,chair,0_real,chair/0_real/08006.png,53716,1e9f2068,29492500152,53175,8,e5bd69a2538c3394928675793c382a9f0f405d16cba0546cdd96e8c8565c0717
train,progan_train,chair,0_real,chair/0_real/08156.png,96511,683ecf7f,29332816426,96479,8,77024f04030f57c7bc48ea8be6f8290b29829dd9680d48992492d86fb43ef1e6
train,progan_train,chair,0_real,chair/0_real/08421.png,106386,d277b393,29936950135,106406,8,4d8e3286ece6e051f040a4af6828b125b17fff593bf479dd1cf9a8446a9b9d8f
train,progan_train,chair,0_real,chair/0_real/08975.png,54103,90968f4f,28943183216,54018,8,35be4ea88405bd0bff138bed0718a15ced5407ac1f455a251165c1485c13694a
train,progan_train,chair,0_real,chair/0_real/09118.png,65545,95afaa0f,30355300981,65503,8,25ce5ce3534094e4a5f13071bc3b07ef239091a884372162bc810f0feba1aa3e
train,progan_train,chair,0_real,chair/0_real/09201.png,93986,267e8e90,28968664422,93869,8,5f18e2b673f72697a399e679e6f5d4c1aa6eb730694c774038d1b5640f106070
train,progan_train,chair,0_real,chair/0_real/09705.png,90939,af1132bc,30058471175,90859,8,4402f54828a43c408ceb56e44a505dc7cd0867cdf70699bd7293a35077cfe5a9
train,progan_train,chair,0_real,chair/0_real/09860.png,83125,2b46c123,29838859192,83052,8,ff3a05ddd7dcf09a512ce3e9819e9291245d839f8547fc9391d53da6ec6f36e5
train,progan_train,chair,0_real,chair/0_real/10038.png,12703,1f10c32e,29082457878,12495,8,bcd95ce56de057c8d5ee544cbb03561fba1229f9158c43ea076a2362159d748a
train,progan_train,chair,0_real,chair/0_real/10089.png,96300,8478309f,29515607700,96315,8,fa127f03800417d3d533a6ea8f09bd94bdb17ec8d14a484db83e64a485e307ce
train,progan_train,chair,0_real,chair/0_real/10144.png,114890,45066228,30351634915,114882,8,bde6f42bf755b41282db62dea554fc1bcbc2bcebe3cf181ca1e679b8bcc3d890
train,progan_train,chair,0_real,chair/0_real/10549.png,65765,3c7292a1,29904039166,65777,8,bb227462ff17df1c388f750815e0cf0e98e96672aba83c76ef1128ccb4da84ab
train,progan_train,chair,0_real,chair/0_real/10701.png,52096,aaa94bf0,29106084419,52067,8,16f8469942861774f94d84aebf0d24436168b7e4611458a3dc0d2b1f9f40ec72
train,progan_train,chair,0_real,chair/0_real/11033.png,71728,54ef8e70,29309172783,71665,8,ebfc39f9e35151e6d76cdd7350b297ff97a13eb488c85703eac7e62dc82bb7ea
train,progan_train,chair,0_real,chair/0_real/11037.png,88969,2009bffb,29245173792,88951,8,336869bfd3d77b2e05c75411f71224fee09a1469761edc24e8b6620d91ae3038
train,progan_train,chair,0_real,chair/0_real/11054.png,89252,8c3ae737,30351205151,89267,8,61efe8d0573f6801418c87b2276884d944ffe3c321af0bf18444546d33d9e368
train,progan_train,chair,0_real,chair/0_real/11766.png,69474,f5c411e4,28993903531,69438,8,a8d1198d5ca610765a92d3e81e3114c58f5913c8ee814a49972342713bae541b
train,progan_train,chair,0_real,chair/0_real/12060.png,71652,d196a438,28896425133,71667,8,4eac3d79897381d18a817857b3e9bd25aa0ff8e7ec71fd0e9a1fb61b931dabe5
train,progan_train,chair,0_real,chair/0_real/13313.png,121573,b5aa7abf,29788012403,121531,8,ee3cd30633531f3328c0ad78a7f3eb83698d698c513b16c3febb4130c2be648d
train,progan_train,chair,0_real,chair/0_real/13359.png,77083,56624107,30075693743,77088,8,0776a98797944982b102cf6d793341396c10e9372441d959019d6d6779404b7b
train,progan_train,chair,0_real,chair/0_real/13421.png,68625,9041827f,30010292890,68506,8,bfd1c8c715ec64d9a5a7239d4d7e833138c9a884ff5f105cb87d48bd121921f0
train,progan_train,chair,0_real,chair/0_real/13462.png,93419,b53b0fde,29690411657,93434,8,b7b7593e5695f14ee55cd06deb2227067e2356fa97b9c1f5894d14aaee4812a9
train,progan_train,chair,0_real,chair/0_real/13591.png,95570,a3c9d46c,30152270275,95585,8,24a05cec4f6264a29fd9d19193003d28e686bb5fc98927ebe9ba130ab30c6737
train,progan_train,chair,0_real,chair/0_real/13813.png,108882,ce6d2865,29985152027,108846,8,b29a31b2f001d34c7c04f0bdd3bbcd00688929ed28ec54b6333e4f0fb673f413
train,progan_train,chair,0_real,chair/0_real/13909.png,94840,cdaa9ce5,29754927763,94785,8,6f3a6c3fb0e8fcfef7fcee0126f0fd2f2d9b51652a06f41a1a7b79a0e62f9e61
train,progan_train,chair,0_real,chair/0_real/14249.png,105498,07f0ca74,29594940677,105475,8,c87ba074b00942c0ec58dd9af42f99ed8ffd95a9feff473beaffc954901fd7dc
train,progan_train,chair,0_real,chair/0_real/14547.png,94349,e655f185,28983511982,94272,8,ac3f38544094e30c9a3dad2551db6db4392265c835a00d733fd783801cda4e00
train,progan_train,chair,0_real,chair/0_real/14806.png,21742,f54f7b2f,30193578591,21477,8,0a84da20f421a0c61c964ddfb7fae26afbc6207499c5fc6cedf4aa12656a4e20
train,progan_train,chair,0_real,chair/0_real/14897.png,83838,b11ca2c5,29320008244,83844,8,f6b8e52cd8d1c9be6a5bf1da5817a3942361f29fda12e4b5b2eddc3597f14713
train,progan_train,chair,0_real,chair/0_real/15110.png,27348,a988ca2f,29344831933,27325,8,6964e5dbb0e6263dbad853e86794237cdb43abbd59b45309627e34234d57be59
train,progan_train,chair,0_real,chair/0_real/15509.png,37702,d0a63af6,29839828943,37560,8,ca7eb781b1335823c6ab989354b689b722716359e1b210131ee22cf7db8f10f7
train,progan_train,chair,0_real,chair/0_real/15730.png,93560,9863b8c0,29872205987,93411,8,66c97d2fe76337484410c11025d7f11ce47ec17af2faa9f3c1a2ed2b6dbd77ed
train,progan_train,chair,0_real,chair/0_real/15864.png,27002,9e573713,29532300756,26956,8,6e32c1aab20bc3a5f8759ebbb628e32280f5dcd56ee7f860370ecc73507365c8
train,progan_train,chair,0_real,chair/0_real/15876.png,70694,5e5670f4,29440359042,70241,8,3314d4edf99c6222c8f17d04f4d381d419c70d7bf36d5dcfb577dbf5b205f229
train,progan_train,chair,0_real,chair/0_real/15915.png,73863,04015237,29307564505,73878,8,2a64e8287ad5b02b875333085cfda16e7e30c0e111efcc2676f9262d5176b2d2
train,progan_train,chair,0_real,chair/0_real/16299.png,123135,d506b4c6,29251702823,123146,8,bb658e28351a0918f8e6b637e843a8d9fae561f0c32aa4124db9b486157d8984
train,progan_train,chair,0_real,chair/0_real/16719.png,42586,f387e798,29288117114,42478,8,ddced9ded3b407ae6497e35af0e14f87799a42988c48796db9aefe7181fa4d1a
train,progan_train,chair,0_real,chair/0_real/16836.png,108951,19be395c,30157335085,108948,8,973220deb0b6709c0ce84876c9b9ff5f4dfa468554e9d60eed962bec1c0477ac
train,progan_train,chair,0_real,chair/0_real/16908.png,142013,7104455b,29530058717,141930,8,00cf7d9823f03dc6dc899c88ddc3ebc046a884a3c8f218a4d8e1c11d979dc307
train,progan_train,chair,0_real,chair/0_real/16936.png,142168,39d2dbdf,29692311456,142176,8,eef6240bae6ef3181b463c8745c33264c5628e7a81b9a2cfe1ab37735bef4272
train,progan_train,chair,0_real,chair/0_real/17127.png,57229,26f2264e,29460519470,56985,8,921ebff6829f2354f3764dd30ba49b234638748b9a0eff907cbf8f04f7c40b71
train,progan_train,chair,0_real,chair/0_real/17319.png,76191,84a6af8e,28937268177,76206,8,ccaecc6f8d9704eda3bec2258932b62f43f148257465708a4f78aaeeb6f09a8f
train,progan_train,chair,0_real,chair/0_real/17714.png,121593,13cd2d19,29950570456,121613,8,6293320f79e929a82e8615387c5b886d0880a91bbf900c6a0a95ed330be18f40
train,progan_train,chair,0_real,chair/0_real/17782.png,50162,7f095e72,29045439096,49631,8,6f5f1b678b031857831449613b020ea3e4121aac28fb96a0ff74723351849b66
train,progan_train,chair,0_real,chair/0_real/17793.png,41320,6bd00fed,29926992270,41071,8,7a3796babfbe672a3d7776e893257f1a84ca1c8e0f83b6deb7427b0b7d4b9313
train,progan_train,chair,0_real,chair/0_real/18158.png,126860,cb10fcfb,29526144770,126333,8,3f7fa98e55b6e04b196d9d424b3c3ee95fd4508dcc972703b9fae21448962eb1
train,progan_train,chair,0_real,chair/0_real/18347.png,105721,4fac31d2,29801336203,105654,8,73ec4df0fc96d0b5b7bd40be8355e06f63a6720f70e3df05050df4b340641409
train,progan_train,chair,0_real,chair/0_real/18496.png,95810,261b85f3,30163516551,95825,8,e4c191786f67e110c2263589ba772031d34a03b6710120fa0f38ec05ede55ef6
train,progan_train,chair,0_real,chair/0_real/18551.png,46150,b112d98d,28890533957,46160,8,b42d0cf30b1f2226e1ebc6819a8037f5072ab884f09afcf9a31772c8d4d465ec
train,progan_train,chair,0_real,chair/0_real/18809.png,53753,1db2d0f8,29560075141,53618,8,0e1fd215e1f1a84946079b8c7e749986554d300e73718eaa043ba87019bd867f
train,progan_train,chair,0_real,chair/0_real/19171.png,60356,d0979ddb,30157541158,60366,8,992a85c38c1ebdd2ac09fbb8a298679ad752af1b9851790ec41d9f57d1529655
train,progan_train,chair,0_real,chair/0_real/19324.png,42688,92c6bc20,29272431411,42698,8,13a4009cb8a29c8c9d0b3d9effe53eff4599efd8a38c1d62f7b3b3decbe392c1
train,progan_train,chair,0_real,chair/0_real/19500.png,135741,0afebbe3,29552575656,135311,8,74e2d6241fa59727c4b81ca69057a02bdf7ffa69f680bf8d247563a8a777ae26
train,progan_train,chair,1_fake,chair/1_fake/00161.png,93679,b3b9ca09,31858259494,93677,8,6a578b1521a8a41c02a356909fc367cf0c6619e571ffc50213031ddb37c84e13
train,progan_train,chair,1_fake,chair/1_fake/00219.png,117564,143f7348,31831427487,117584,8,0f227caa6c9e3d85f3de443d401ead306760f8efcb6a18eabd99271c79872897
train,progan_train,chair,1_fake,chair/1_fake/00235.png,79890,2da8d708,31580942544,79741,8,4cb482880f2f7d1700d59d39978625254051203120a3194d03241e0111b7626d
train,progan_train,chair,1_fake,chair/1_fake/00342.png,89173,ffba7e6e,31555341298,89063,8,d24e92f999d832a3d69ecf8e2cbbbce4313b33a905a51e2069cd60d7d323b827
train,progan_train,chair,1_fake,chair/1_fake/00406.png,141171,ddd57b48,31229229163,141048,8,c96840079f57bc5779dc5a290056e12a989a6be9801191fe3a2964c19f4febfa
train,progan_train,chair,1_fake,chair/1_fake/00591.png,99123,af00166a,31206811051,99143,8,c8424ffd7c6cad13a9b155904975029ff15784396bad4cc5e86720df343f47ba
train,progan_train,chair,1_fake,chair/1_fake/00684.png,122933,b34a0612,31978649461,122953,8,a66b34296fdaf05b0c27ca896f5572d4e9b698fc080ab250ed55027700e7515d
train,progan_train,chair,1_fake,chair/1_fake/00710.png,117289,bc6936fd,31415400777,117270,8,7392f735f08774f7e8808a4759f5e1b3960d1f6066d153b055961d8e6dd66fe2
train,progan_train,chair,1_fake,chair/1_fake/00739.png,123196,9cf34f8c,30575465124,123198,8,51cbea7f648ebf253a348e37ed06c02d623e586d05925c35895c935be0ad741c
train,progan_train,chair,1_fake,chair/1_fake/01338.png,89585,52d769e2,31503104962,89544,8,40c351a79f0587ad25edba932a511387e8c8acd1143fddc1a07cf269a7bae33d
train,progan_train,chair,1_fake,chair/1_fake/01519.png,90397,91b688a3,31551497321,90410,8,59a224f7663d7711cca815dc7b9aaea76dbd8bb2e4649e962655a148dd65946c
train,progan_train,chair,1_fake,chair/1_fake/01716.png,115652,a9416706,31005324021,115643,8,4e080dd224423cfc3f2f5796c95257dbe1c31444aa1890442eb44ed0f36477a2
train,progan_train,chair,1_fake,chair/1_fake/01733.png,125415,af8b4156,31550090932,125422,8,993035992c9a10ed9cd3a19c1cd98e34e3d25eb8887eb4fc118bd26b2a125e30
train,progan_train,chair,1_fake,chair/1_fake/01793.png,164373,dae96d46,31942374683,164393,8,b4da2eeb8d5ceda072211bbc635c98f931f97c71804a7c79c7e0dbe2520dacc0
train,progan_train,chair,1_fake,chair/1_fake/01807.png,99792,b8520d2f,31253089489,99812,8,d2d0d81ddb8f4245acc73a07cea41d75377332bf9b47b9c2f3875be4cf6570d6
train,progan_train,chair,1_fake,chair/1_fake/01971.png,113210,2fa92715,30843209137,113217,8,143bd24c6a543e1843f6194b7c2321cce942b710874d9e425b43e12c3d40ee4b
train,progan_train,chair,1_fake,chair/1_fake/02104.png,102149,eec60f20,30898638011,102044,8,0df3769bbe9711822bf166a9dd3c1a20396c4432886c081e0c10657dd4bf6075
train,progan_train,chair,1_fake,chair/1_fake/02212.png,139057,05a27a7b,31484157103,139055,8,8fa89dcfe664f2008bc74e54555ca6b80f252bb791162675ff6538b0e3270814
train,progan_train,chair,1_fake,chair/1_fake/02432.png,113899,aea13f30,31125986301,113901,8,6f4fb1d2e0a4f035480da5e7d3579ed7348e6165860561334dad33a240ca6376
train,progan_train,chair,1_fake,chair/1_fake/02660.png,127688,c48a557c,31493294882,127696,8,8277c50ebe1b25544c2afcb0293c4ab335b53a5dad46ac2a9e345040e2672cfe
train,progan_train,chair,1_fake,chair/1_fake/02706.png,67959,b8c4368e,30510562965,67935,8,a651ef44d3b400d071fcdce68290b1d7d5d2581fd67696514307615d51ea3d8e
train,progan_train,chair,1_fake,chair/1_fake/02855.png,53845,0787b7ef,31907938652,53855,8,326aa79dc1d69a20568e0d09d4c83f0c879250257b1d3c04609ef6c9475786c2
train,progan_train,chair,1_fake,chair/1_fake/02914.png,66664,24748ca0,31969251777,66679,8,831d9f07edb76349072eee062d44f2498f102051e6ffc3b943cad55c0c6ccc6a
train,progan_train,chair,1_fake,chair/1_fake/03545.png,164666,ed0a5102,31271445021,164696,8,8dbe52c486fc0221df622543a0fbb6bb2ad4265993ae442b9420d0341c08739a
train,progan_train,chair,1_fake,chair/1_fake/04027.png,118249,02936b12,30446362816,118227,8,fa339b53a8ef8b3844e4cc39f5906250999f5b77d480f6dcd5e83cf07aebc671
train,progan_train,chair,1_fake,chair/1_fake/04222.png,75947,f096a134,30740068580,75962,8,9e7efd49f4ac790523657490638934afadbcc914857b48428364950f19abe1a8
train,progan_train,chair,1_fake,chair/1_fake/05551.png,111235,88f56b58,30541469060,111221,8,60ce1cc544222fcbcd4b905195de5c4fe769ced2fc13f0f75d582aa9836d1c93
train,progan_train,chair,1_fake,chair/1_fake/05789.png,120479,d3a90247,31433609160,120462,8,182d2e47d47ec17f4523d26a2ff517e4f7d78940cf27a18e688bd40752a54cf8
train,progan_train,chair,1_fake,chair/1_fake/05923.png,50263,d4dad1ec,31219588567,50273,8,d2bc0b4fdbed29cc4420771b5392b8ba5951d13f081b28c2e20e47439cfca7d3
train,progan_train,chair,1_fake,chair/1_fake/05986.png,115798,fab8cc62,30482512112,115794,8,33e487cf36d9b8378bb9b07974cc3f6c836e786cb32457a33bc1c529a6e499a2
train,progan_train,chair,1_fake,chair/1_fake/05995.png,113153,00edd8bd,31330238927,113173,8,296794b5d0f07a73595f8aa9662e7b4b8b9cf25bf1ce7dbb6509f435a03c8a55
train,progan_train,chair,1_fake,chair/1_fake/06277.png,116790,99969b2e,30684913405,116798,8,99e3cbb03124e498fa3e3ca7e331f221645d64f7d088c93059c7a3c3e92c77b9
train,progan_train,chair,1_fake,chair/1_fake/06343.png,122099,86aefb40,31459457912,122119,8,ade554f65a1c5de0177d3903406693ba3e7f0014c4672d77726f0d1f9a6e397e
train,progan_train,chair,1_fake,chair/1_fake/06555.png,132998,248ac891,30940316635,132947,8,c816b22747bd9f9a05ce6ffc272a8cb77acd2b42b6ff77ed844015c4d0375d32
train,progan_train,chair,1_fake,chair/1_fake/06571.png,55344,297e266b,31342110100,55354,8,269006c70fdd96f5b6405ccf6687a9339bc567cfdc15f676ad5cf60fb9641f69
train,progan_train,chair,1_fake,chair/1_fake/06691.png,59310,2d195bae,31633455127,59320,8,e8c1c81f8039a0409a035ab87553f2e43cdf61b3f43d74f30500ba6f3bb18177
train,progan_train,chair,1_fake,chair/1_fake/07212.png,117119,72e3d63a,31548949504,116983,8,a1824cfc385d852ca9a84674f61fbacaf4f960693d0293a0705cff0c98925ad9
train,progan_train,chair,1_fake,chair/1_fake/07323.png,90661,bd21fb24,30507456971,90676,8,21ab876a4ea5f0d83a0ebc51aba737e12d943b49fe7a7a5c72af8aa4de476b0e
train,progan_train,chair,1_fake,chair/1_fake/07823.png,79557,5ae5c1d5,31892363192,79517,8,f5a1f91f16a698ac801eb25b092dfac546c6f2e27901cf5f0cb4b2ea0c49dcef
train,progan_train,chair,1_fake,chair/1_fake/07867.png,53657,2151902e,31285847291,53619,8,bc4e0b6f4b2ab1a93ead1d058544fa974db3e0930e1d530982f3b01170bc0c86
train,progan_train,chair,1_fake,chair/1_fake/08031.png,109311,20a53018,31292445187,109073,8,8703c23c11d341d027d2a17b62fc80e94ccfe7dfb9f2fb3cb7736c98ff949647
train,progan_train,chair,1_fake,chair/1_fake/08160.png,56347,22b7ad5b,30530818858,56310,8,991b0b5a605afd8aeaafee50c60d90f9f81a322ffebd32181b9677a2b24f5007
train,progan_train,chair,1_fake,chair/1_fake/08199.png,69022,059f4d59,31592454270,69032,8,0600a8b91f7918510b12dacdc5cb13c4a0ab0dd94426abdcc51bbea9ca6ac7ea
train,progan_train,chair,1_fake,chair/1_fake/08469.png,104009,0741c3c1,31527290191,104029,8,be9629dd6b9155c9c531177f723e4a5aeaadb199e34801b3c91fba63da565444
train,progan_train,chair,1_fake,chair/1_fake/08498.png,86241,158719b3,31484975855,86189,8,a3e3f12691d3b1b71b0fc1a53522501c25f7ea507b52c25cc954aeecafa9ec57
train,progan_train,chair,1_fake,chair/1_fake/08536.png,46034,ccfd9970,32012073134,46004,8,57543326687a159d393a07c9814db175fde388574ae9f6ba80330be0622f805a
train,progan_train,chair,1_fake,chair/1_fake/09055.png,112220,e1a610c6,31778360265,112240,8,0c00f0328cd70c99f2b4206bae5fd4ebedaa58017d161f4e3a309b7791ce039d
train,progan_train,chair,1_fake,chair/1_fake/09170.png,122345,e765e283,31636854884,122303,8,9f8b9a307ecd55c1a63ec1bc087e3098c62194564da617713c39e6724c4fbb9b
train,progan_train,chair,1_fake,chair/1_fake/09262.png,117034,ca6dd7de,30686486956,116895,8,15c9e5a7672c077d5dd97e34624e4f4854ca3588f54c1614609807fd673aebf7
train,progan_train,chair,1_fake,chair/1_fake/09575.png,128561,705ff878,30525150371,128421,8,0554b3cdddefcbb4e7ecb359cffc1af3ab4b80ab8496ccd4cbc8a2649ae68d32
train,progan_train,chair,1_fake,chair/1_fake/09696.png,141698,f8b642aa,30982241251,141640,8,4147ecd0f25cedc2cdc9839b0ef2f038a7289a7fade593ec1ea6e81c1322b005
train,progan_train,chair,1_fake,chair/1_fake/10308.png,70935,ee9f8e6a,30979788396,70936,8,56219dd3c45636613b57ed25943489fd4ea7517bb5122c8112beaa8131ca0d73
train,progan_train,chair,1_fake,chair/1_fake/10530.png,137528,de40a469,30498196888,137377,8,2016b57af8a4cae06e0c0d21dc8a661ad5cc315a68e840a29642e41956d50445
train,progan_train,chair,1_fake,chair/1_fake/10673.png,33971,2f9281cd,30640400185,33957,8,cdb9b45d5ec4738e5fc8deacd9f20c4768cb7c9fd5eebf49b9eb9efb67687f02
train,progan_train,chair,1_fake,chair/1_fake/10689.png,126214,8c5b2ced,30517425013,126084,8,ef47ca23c4bd3cda876006a613c5d0e6c96917f9a9139505ba6da7c50e321992
train,progan_train,chair,1_fake,chair/1_fake/11260.png,83536,6db9f680,31889462693,83546,8,ce8ddaf9879027cb2ab44bdf202ce065e5529ebd7995c4125a84194c22120a1a
train,progan_train,chair,1_fake,chair/1_fake/11293.png,73013,cd087ebb,31590172685,72943,8,a85de2a38a4d2c2ac3cc5b859532a7903ec7fb0efd9dd091f24523fa9c3af5d2
train,progan_train,chair,1_fake,chair/1_fake/11574.png,95625,bbd93f15,31441367481,95617,8,37e5b0bd9109b8327cf73e21007fb5df4c1134295e207db36a087621c9ff3468
train,progan_train,chair,1_fake,chair/1_fake/11635.png,135575,9c72b50b,30489952005,135580,8,82ff5c479a7c27770fc0ff9bc7ed780090138a85a6b2edf8cc7f810f267f0fa7
train,progan_train,chair,1_fake,chair/1_fake/11794.png,121962,4933c290,31254660537,121946,8,45fbb9c8fb2a9b42b82c25714985812ec4142c095885fb903eccccb077ec5818
train,progan_train,chair,1_fake,chair/1_fake/11898.png,80758,ff19b03d,31835431620,80721,8,e84a6234e7e1af67aea906a0c96d3ee5dd1d4495cf4c1082a5718e0cc07bf5ff
train,progan_train,chair,1_fake,chair/1_fake/11940.png,127388,84ef9c57,30621846519,127387,8,b7a412a7518c8b3512945b9593a6099fc178a51d557163ceb16258fedcd4dd46
train,progan_train,chair,1_fake,chair/1_fake/12125.png,89131,5b3411b4,30741662043,89105,8,f585391f4df67a88437344d72fc49e6026e3ec549dd8ac21e8366acfde7bf440
train,progan_train,chair,1_fake,chair/1_fake/12209.png,132092,b7cb9643,31905133077,132100,8,6c3c189869b3e959ea94ba2d5ea688da7f824931a3385eb85717fa075b5f8a03
train,progan_train,chair,1_fake,chair/1_fake/12229.png,119572,c06901fc,30870798322,119584,8,f1ce244d46d761cd2621cdba7cb38050a8e5034587912f607318bbdef1f05929
train,progan_train,chair,1_fake,chair/1_fake/12476.png,90189,08f8a6ae,30619411669,90204,8,a460a833fb877123820b0b946db7698086fcb27f8cb224e74579103e2dd4ee6b
train,progan_train,chair,1_fake,chair/1_fake/12494.png,136318,3e101ca0,30930305338,135918,8,a501b634ce7218a1f1561db7a9cb567701926b24f737bad56eda319d10134e57
train,progan_train,chair,1_fake,chair/1_fake/12760.png,108580,1974e3b4,31078066135,108574,8,bc16a66fbc1f43c968c6e3a01393c334bafad3cefe4fa76f9cb64fd60f754829
train,progan_train,chair,1_fake,chair/1_fake/13039.png,104090,3a61274d,31160856996,104009,8,b54e05a7224b99b99e28e12a673bf70c16128f05176572ca7a384de238a32e81
train,progan_train,chair,1_fake,chair/1_fake/13293.png,98674,cba5161c,30842681932,98636,8,d2711b6acb7bc02edacf21e350ba1fe20be034e737346cb96f45151b4d62717a
train,progan_train,chair,1_fake,chair/1_fake/13335.png,32364,e8e3f98d,30445997186,32325,8,5e03271d1d415b0ae8cc22c44713e1244284bb4b078e5a41cac8bea10167f4cb
train,progan_train,chair,1_fake,chair/1_fake/13625.png,111014,b0428b79,31435389292,111015,8,1c21259a12f4750d69d0528f3ffd1cc26d8186dbd7aea273a6c25011be0cd225
train,progan_train,chair,1_fake,chair/1_fake/13657.png,123440,420f7548,31776938929,123460,8,7ca96a722e4521e64108b6d560c03fa45b44471d26dc2ba379d3ad80c8570c30
train,progan_train,chair,1_fake,chair/1_fake/14290.png,120264,1da61d79,31874049703,120284,8,a6a3a5c46cb6c1f9673135bdad044694739a389a5289c0dd108906076df8bfa5
train,progan_train,chair,1_fake,chair/1_fake/14375.png,115023,48b6a77d,31798790128,115019,8,fd221ba6ad22695a56838311f44022e30e2003b610306e7eb71875f99ff5e6b2
train,progan_train,chair,1_fake,chair/1_fake/14553.png,122462,ab440f39,30821142384,122454,8,606adb503f2d828b0a58949f9b53233b7cd6bcfc227b3a00756bc667bcfb8cbb
train,progan_train,chair,1_fake,chair/1_fake/14560.png,86712,4f4312a0,30709229534,86618,8,bdb81f26b22325e7f2fb622696daf4a345ddf2611cea3173fbbf88b79add3ee5
train,progan_train,chair,1_fake,chair/1_fake/15229.png,101269,e51e215a,31972195986,101231,8,aef50e124962dd48dab857b496e3a756bb57a8a2efec68d559d2b1cfb6203ac7
train,progan_train,chair,1_fake,chair/1_fake/15463.png,101884,c2c35d1f,31843864258,101904,8,5b528744963bca42ee7737aa4d4e1da82ef69dd8d9f244fe85eeee7b7067371f
train,progan_train,chair,1_fake,chair/1_fake/15548.png,146950,b203bacd,30445118984,146946,8,619d925f2a9024e70988fbdb00cd747b06c8e0a718c7e959310f436212c0ff6d
train,progan_train,chair,1_fake,chair/1_fake/16146.png,96649,76339282,31868561785,96645,8,2dfe80bf483a7560f5f995eb448e7111caf9bb197766724219d45b6124a0de83
train,progan_train,chair,1_fake,chair/1_fake/16264.png,106364,b0748035,30704633642,106272,8,05f4d91b23d31e8a428dfface1be880eb5a69ed513227d8a5b020def99fd6855
train,progan_train,chair,1_fake,chair/1_fake/16365.png,48370,98053f66,31083613032,48371,8,ca29f6bb5cf6021b352caee56cde898315db465ab548821a23a823f018fe1c22
train,progan_train,chair,1_fake,chair/1_fake/16369.png,106682,b3df28ca,30725214580,106655,8,b6d4cbf643b2a684ac686d8b5204ab1cacab230c49fbb141b24652921f8cfc4d
train,progan_train,chair,1_fake,chair/1_fake/16418.png,127089,f1c54b89,31406503110,127032,8,3924cad163c40f9de9db74f91fb1635c2998cc142d3d7efcbb6f3a699b2afcda
train,progan_train,chair,1_fake,chair/1_fake/16621.png,119957,703f1f46,31694473857,119935,8,2db96fea68c26be830c256f8f0ca2f3394ac3cb106f4d09598102de32321c874
train,progan_train,chair,1_fake,chair/1_fake/16782.png,52283,ce422ce8,31477335636,52272,8,90e7252bc1d6cea180180290ec62d7ea6396210a5ed6466d4bbcd38f63bec99c
train,progan_train,chair,1_fake,chair/1_fake/17143.png,68641,940b6d50,31655599673,68581,8,adc5a3f7393fce79d8900820a6fd964287bd3a31ce226303717e1a864debca5d
train,progan_train,chair,1_fake,chair/1_fake/17244.png,138062,a0227269,30895574922,138067,8,7e6b63b4bbbf7ec4afadd4b9f941870a5285b6c58c8834675f4f89244daa5b7f
train,progan_train,chair,1_fake,chair/1_fake/17298.png,42436,0c71adbc,31777693047,42388,8,1f5add9741647100c92b11ed670167ac9251c30e8e9357640946e5ef595f08e6
train,progan_train,chair,1_fake,chair/1_fake/17363.png,83247,6e8d2e92,31738355704,83262,8,00c169ad759a90bc69fe9180a3815791176ada8c8d072e7c66938e996d9e34ad
train,progan_train,chair,1_fake,chair/1_fake/17767.png,80581,dd296c4e,31667403329,80596,8,fcd7293454947b95d91bbb15448c22fba8d61119a5b3850ce77c5ad3129f8b60
train,progan_train,chair,1_fake,chair/1_fake/18486.png,98596,9309be2c,30743751371,98605,8,4e8e8130058a8da395f6a505afbcd4bbb8123b02e610be1b98a7b515272b0682
train,progan_train,chair,1_fake,chair/1_fake/18918.png,93525,be5ed180,31724457654,93536,8,12a7fa88fdebe69934440b65d37cee41abbb89e26b3e9ae2bc414247c8b0f8a1
train,progan_train,chair,1_fake,chair/1_fake/19091.png,62716,7b790fe9,31232580135,62726,8,adb05d8a0ebb8bb8f9cc02f02cb667396e4972eb20e8a1c8e9c86c4e2373c720
train,progan_train,chair,1_fake,chair/1_fake/19139.png,84807,0932f742,31287666749,84808,8,d2d0ade9ab64cd69e492ace05b203d87b6398bea2fc4fb4eeb17b6c6d9dd2d5e
train,progan_train,chair,1_fake,chair/1_fake/19279.png,138345,a6403154,30637680892,138340,8,56a0467d6864b1f28fa57d07c12b8fa8ff5291b7f4cb43eeda360a0c6fdd1a1d
train,progan_train,chair,1_fake,chair/1_fake/19756.png,126465,6749a593,30588154975,126193,8,c9f034e1eebf38ec5b7c88184ac19560098ccafd6f1eb5447b4260187ad7ea94
train,progan_train,chair,1_fake,chair/1_fake/19798.png,115427,1f274a6e,30474673316,115304,8,d6dc09992b8fa905eb30807accf5e377f225b6e29285b0be77162cf9be2aadae
train,progan_train,chair,1_fake,chair/1_fake/19918.png,83783,bcf9f6ac,30596288984,83798,8,8ca6493296bda3013faad3ac34bb0d765eea9697f1f051882fc417480ac63979
train,progan_train,cow,0_real,cow/0_real/00306.png,99952,8c15da05,32774427209,99898,8,34d27e44e7f85a8839526bc39d5004022a0b898c426fbfe8361f62a3aad46c7f
train,progan_train,cow,0_real,cow/0_real/00313.png,110943,0ee2abde,33847544618,110803,8,a1f90ca776080abf82f50f7790c8c57963f20946d58f64d93dd88943a794e1ab
train,progan_train,cow,0_real,cow/0_real/00370.png,148667,449dce40,33352655956,148446,8,425e3a8d9309cb8bf6661b3bd2407e2672365dc3eba7e3e068de56ee8cf918f7
train,progan_train,cow,0_real,cow/0_real/00458.png,105976,98a8606c,34045951385,105937,8,f99ba9364e2cb4b44e201d921b333ea8d36686d7a62b253dcd623511cf116ce1
train,progan_train,cow,0_real,cow/0_real/00651.png,140677,2b659f6f,32605205960,140284,8,435ebaf6202475862202d80119d2fe4428c31db8e90e3dc2c44f3d1ac47878a5
train,progan_train,cow,0_real,cow/0_real/00697.png,107577,ee0f7c35,33133813352,107306,8,b040d707e6b8d2f3c10c9cd0812864a95adf841df798674d7777537297d80893
train,progan_train,cow,0_real,cow/0_real/00711.png,113236,19926f67,34003671192,113231,8,14c1f59388da83e58ea4cd1b6ff33d3ef3979951fef1fe5dc70e24c17b3391a9
train,progan_train,cow,0_real,cow/0_real/00794.png,120148,1bd224d8,33271187938,119943,8,fa599630dd06dccee67f5fc86a4ab486cbdd23cddb27787a70fdddbbd5288ec2
train,progan_train,cow,0_real,cow/0_real/00871.png,121049,5d0e1920,33846495383,120376,8,b75ae5cf8d7c709e73e23b22237dfbbe4051ad6a9770eb78a03b54c146df4122
train,progan_train,cow,0_real,cow/0_real/00900.png,141671,e52ef7d4,33055729762,141408,8,991effe9a32244fc30395f10afb6683391704436e7a30565ca389a14bf1ed5e6
train,progan_train,cow,0_real,cow/0_real/01530.png,96876,455ae61f,32741556984,96606,8,54ca119059c286c9cb7b6be9685de396fa9f105233d68a941c997147f8dd4916
train,progan_train,cow,0_real,cow/0_real/01787.png,133613,9ba3e382,33407300960,133213,8,854b126bb447cee82cebc4da7546d9dc677562785f51fa8065f8c772556b1e25
train,progan_train,cow,0_real,cow/0_real/02134.png,144692,a377a3b5,33291904106,144152,8,4d7a63913f2f2912ac33ed93e56b7113aaf46da5c970669dc7c7a528cf6ff1a4
train,progan_train,cow,0_real,cow/0_real/02183.png,113423,21f42dc7,33401676200,113335,8,51ef012af45c8ddcf2f8b3a79aa1e773f7e594c0cc697ce84f9f9919782d3a62
train,progan_train,cow,0_real,cow/0_real/02290.png,110047,02466165,34095541062,109872,8,64838568a0ca5df2ba9d884d32b4e71e3f9777b47b7c00ed135450984ce6c622
train,progan_train,cow,0_real,cow/0_real/02450.png,62627,efb5a65f,33495358943,62545,8,1cc773f75f39a492809a4b80bf4f1cef56e605198d95191be67ca19370efd176
train,progan_train,cow,0_real,cow/0_real/02583.png,121069,c35ee375,32916692717,121006,8,93ebf534389bc055ae8b344921b460e3c65d18750dbbbfd40bd786ae13d698f6
train,progan_train,cow,0_real,cow/0_real/02860.png,106602,0fd2705a,33128256390,106622,8,5e17cb7b8420b743c694bf4058eb9d33f6d6ce49fd700c6a020ad1f5c157e29c
train,progan_train,cow,0_real,cow/0_real/03047.png,85825,c10eca77,33819292093,85840,8,bf1a278ff607d3e0d9f8427a90a6aee8af2ba7872bf4e3f045de1f7b6fb1e017
train,progan_train,cow,0_real,cow/0_real/03076.png,145769,a92a97ad,33282775212,145301,8,ea78a65ffe973898d26a5a2adeb49c162eb903dd7ed8684e4c3dc1f445fd1c57
train,progan_train,cow,0_real,cow/0_real/03263.png,107852,9a0969a8,32770561623,107447,8,3b46eb557b43c3167bb67e547f99ad3f39172fd0536f95ab7b994a8abe65bb37
train,progan_train,cow,0_real,cow/0_real/03418.png,126732,684b9d5f,32998355939,126080,8,88fc39a4ca1d2866b15747c925bc464848744d715dafbd464d7eef22bf8e1e5c
train,progan_train,cow,0_real,cow/0_real/03470.png,96567,621da4c3,33171410742,96479,8,5c88cc83d0363877b94576468195c525c72e0471439a1ec1dd5a544c78e25b97
train,progan_train,cow,0_real,cow/0_real/03518.png,117725,73888ba6,32234180730,117053,8,fb8fe625e19da2ea3e367332f48a515b638c4068c79a9e7ad789ffd5c0c1d663
train,progan_train,cow,0_real,cow/0_real/03686.png,128851,3c308e41,33006292825,128279,8,98d3788a874c076e0b26cca97858436bf5b95d8ee32a29c4fcf01af685ec4040
train,progan_train,cow,0_real,cow/0_real/03781.png,109383,e37ab662,33576674171,109249,8,60aa0838c368d57df5b407b353fe3de076cff6338e0cdcbcd38f7e0610f858e0
train,progan_train,cow,0_real,cow/0_real/04065.png,90192,97e2d58c,33171996252,89981,8,476bda665c569f4281a29662ec47b7b6799e0aee1c8008544f018f7c5a7a4d85
train,progan_train,cow,0_real,cow/0_real/04076.png,66635,21cdcc9c,33584760570,66623,8,d78d0837f954879472986565b4acba0de7e10b2a01007c661bfc6adc7f742980
train,progan_train,cow,0_real,cow/0_real/04208.png,121267,ad3769a5,33542800848,121116,8,dfd5e2850b1fd9d04ebc261a8feaf14017d686c252e37bad01370a24eeefb0eb
train,progan_train,cow,0_real,cow/0_real/04277.png,141840,9013a530,34007932910,141617,8,f97684d47a82e0e92a256394099327406efb7056221fd00a9e08c5e9e802e5fd
train,progan_train,cow,0_real,cow/0_real/04421.png,130491,44ac4a8f,32192672345,130084,8,5de139c38bebeef0988e1b5485db15e3c22a892205221d456832814916179f2d
train,progan_train,cow,0_real,cow/0_real/04689.png,142191,68d740de,32494682520,141536,8,d29e7ed1524e350791fe721a501ef1a4deadf11e2571b93942f2f28c386f3041
train,progan_train,cow,0_real,cow/0_real/05484.png,151080,52b2ab57,32515085213,150595,8,7acaed1fa1a5e17902afac5ab752b41df828929e854667bdc2139c9d86d13a38
train,progan_train,cow,0_real,cow/0_real/05545.png,80179,029a75bc,32205298253,80194,8,51c78fa2758dbe0afe5e65fcd645584ff39d314e8060324ff515513d79ec048b
train,progan_train,cow,0_real,cow/0_real/05580.png,124079,6d37113a,32231549751,123697,8,a8bdd2b0c9483f36fd32d89ba26bbaa67b27cb9d63bfe179feedf1fb91e22ec4
train,progan_train,cow,0_real,cow/0_real/05987.png,154878,82caff0d,33941184857,154898,8,5ef8d576d6e528433c7bdc103271f7ed634b3566e7c0548875af65f466f60b78
train,progan_train,cow,0_real,cow/0_real/06378.png,95780,c25e1a5e,33302442522,95673,8,73817570799cd2c4cef53d22e92a215c2a414d63d892e0c6075172d4e3f79f6a
train,progan_train,cow,0_real,cow/0_real/06464.png,113725,e61bb3a1,32240275071,113374,8,4764440e11476c8e718f2eac4dfd9497c22be29a8fb6310fc4bd8b46f117ae43
train,progan_train,cow,0_real,cow/0_real/06655.png,88626,9a8e5c1e,33134683452,88438,8,18397da044883523a3e4df3b5145299c8a56ff1497eaba8540e8cbad72f19246
train,progan_train,cow,0_real,cow/0_real/06801.png,125763,c79f25e2,34066319270,125391,8,78fa6526caa856269a4a5515613a79989207a5df17198890d2424d893ed96b54
train,progan_train,cow,0_real,cow/0_real/06830.png,114883,a0d31710,32254985276,114752,8,f5b428bd0c74abda437db5f30b62347a45c3a02d0a805fe0bf1d9f249f78f45c
train,progan_train,cow,0_real,cow/0_real/07133.png,120221,9e285136,33082333791,120147,8,5d39b72298bf88eb8773ead75142b6d354ed6fdf9224bc8646b57fb9debb21d4
train,progan_train,cow,0_real,cow/0_real/07231.png,120427,db295531,33560434391,120056,8,767806827d736d154de7ef2b4ae0bfaa52029dcd257f2cb1ba5dcc9d87dfb320
train,progan_train,cow,0_real,cow/0_real/07597.png,128304,79d22a10,32671807843,128200,8,29a35d40c7d39300d38331fb0f0abdf49eb867abc774cb6c6e51d541e43dfb40
train,progan_train,cow,0_real,cow/0_real/07843.png,93145,62c48594,33847655499,92864,8,f5e1f0272d80fb10ec1ff56e60f53ac6d33d18e9e145415839bcf0cf36a1263f
train,progan_train,cow,0_real,cow/0_real/08170.png,139285,45ed356a,32976087465,139190,8,f9eb7cbb9689643f91041e54e0ad2a504f7aaa601fd8ce25e513cbb31032fce1
train,progan_train,cow,0_real,cow/0_real/08180.png,111769,ba882eb7,33976258092,111609,8,c78c5cff3dc202c553bd850b526ebeaf0d0a8702b7f279b812f5e9b6974343b0
train,progan_train,cow,0_real,cow/0_real/08339.png,121296,c0f6d9fb,33174766736,121227,8,70de2652a1e9fd940a934766fed5d047f116c41862f333603e50e22362b759e4
train,progan_train,cow,0_real,cow/0_real/08517.png,139687,144c38e0,33090403377,139211,8,c7cfb777f8943dc24bab45fa2f87a40a526f07d22579b26f20a6b4b3889f937f
train,progan_train,cow,0_real,cow/0_real/08624.png,125137,41e2011e,33131252465,124287,8,94c885455b1c73d4c43ae7a00438a1d9a9a8f25b4f6aea1d6a1eaa790fda9f27
train,progan_train,cow,0_real,cow/0_real/08702.png,157790,925153d0,32112958420,157513,8,4b41d055dfc72bd93122f575b4573f979825ae6f40d053e00dbbcf038aee5efb
train,progan_train,cow,0_real,cow/0_real/08827.png,129473,c13092ba,32890733531,128908,8,c832ad0ffd6c068a6c804d66884a017ca397cfec74f0f47a771a2f4cc2591fd0
train,progan_train,cow,0_real,cow/0_real/08913.png,87832,ce11134a,33474141206,87818,8,be2d24b93ff52c61e0c9632fe330dffc7e0918ac7a23f9809a3970e5d1c5e128
train,progan_train,cow,0_real,cow/0_real/09061.png,114438,ea927614,33487891489,114305,8,6ea376c8544f86ac91cd67dbc09e128ed742ec13ffb7d9edbdb72963948fe549
train,progan_train,cow,0_real,cow/0_real/09223.png,81800,683f6ace,33679694782,81761,8,087c99b65a7da8fb4f7abebfe93820590693b9541dec4a26bbaf94729a355d90
train,progan_train,cow,0_real,cow/0_real/09226.png,100561,152df4cc,32592191027,100555,8,0d536881c06ddbc5824a1cc3ef51d11c6d3827e04f20a1102e73d7695ad488ea
train,progan_train,cow,0_real,cow/0_real/09511.png,105583,721c7dc4,33438702481,105533,8,8b4d82958deb839babcceea6035fbe6ed2dfbb2bb52cf4cb68b045fd50c92d6d
train,progan_train,cow,0_real,cow/0_real/09642.png,142566,69398161,33573251054,142510,8,be64de437c77fef839cb257b3b5746ead8058654700697cf2acf1721a715c6a5
train,progan_train,cow,0_real,cow/0_real/09744.png,129124,233d3ff0,32431115312,129142,8,6f7e75146fb15d4b5c143e7ce4289fa28047d5e35a1c527e8822a720ec877c03
train,progan_train,cow,0_real,cow/0_real/09896.png,73398,898b5b83,33184206373,72626,8,f6ea2be2b59b077d906d172d37a43f7ce010996f71eb6a7b18ad289035f6b1c4
train,progan_train,cow,0_real,cow/0_real/10129.png,108428,c713cab0,33084414966,108405,8,a97c9b9eb9120a81a3abb6003d1a46476a39b8d75e0805e06026e56b48332233
train,progan_train,cow,0_real,cow/0_real/10608.png,132571,72a93394,32518570112,132373,8,c312c5b4f04b01b8ce5fd53bc09b79c89e1578a8b0b61c4625b1a5ceeb01f59f
train,progan_train,cow,0_real,cow/0_real/10741.png,130561,434dd833,33629289413,129830,8,57627b16037409391fb6ad724a0971baf14e31aeb9be7aa18374da651260d306
train,progan_train,cow,0_real,cow/0_real/11330.png,126058,ce69b3b5,32551089595,125911,8,16ed8230620cd0526b538652a89367c7dc1b3f14f38f681802e1107a5acae18e
train,progan_train,cow,0_real,cow/0_real/11872.png,104380,09d7fe8b,32950772270,104168,8,d8081840634c5d97c201c44e88e4a111fc3af0817a127c0e8e62fe6ffafa33c8
train,progan_train,cow,0_real,cow/0_real/12051.png,143371,1f493798,33604371383,143167,8,accdb9cfc6e9b7ffefa0eba0f8462f616586717612e45513d2f57d03e02763f4
train,progan_train,cow,0_real,cow/0_real/12069.png,118244,583bd6aa,33126317162,117406,8,a106713f464c251c67fe95d5e22efa85ab143d1cbb1dc4353ebf49e46a06b481
train,progan_train,cow,0_real,cow/0_real/12121.png,151933,1cde84f5,33306246055,151824,8,308342ab951fe61fb09193d70a8166612a65a1ba1f705d63d3fdd2cc2411b6d9
train,progan_train,cow,0_real,cow/0_real/12518.png,126884,88037db9,33473876323,126758,8,9e5c34aa5d0fcc81f2879597dd324acd46f8b2f034c236dd8ffbc95d9469588d
train,progan_train,cow,0_real,cow/0_real/12623.png,110738,a5bd6e75,33769101641,110535,8,5a2a92a81d99103086ae1ddec38099d20de94cfdc7b81b7a96c55bc839ced03a
train,progan_train,cow,0_real,cow/0_real/12641.png,123204,52e6f1d7,33858990795,123110,8,f70aa827b478cb14c16091b09eb399db24ed608aa4614173374be5b6306db4cd
train,progan_train,cow,0_real,cow/0_real/12896.png,129730,2da019e3,33400039025,129508,8,bb48a19554cae18be019a42d6a20943d1ad03c43a4b5e8b6083b867b2456e1b9
train,progan_train,cow,0_real,cow/0_real/13245.png,133134,46f7bb7d,33851911802,132345,8,1e170e3e94fa291527c6b78506163e4f88c38421ca9c5819cd4576374274a311
train,progan_train,cow,0_real,cow/0_real/13480.png,144689,ad1657f4,32367454163,144376,8,ac4337ffe511a6f7e4f1191ac43a6e4f6af7554107bec534d35509bb5c2fbbc5
train,progan_train,cow,0_real,cow/0_real/13701.png,70569,59fb4c46,32983628030,70535,8,f89d376d108fc16bbb4e962723932a763b3f76f15b5cbca7e60007e808e5832b
train,progan_train,cow,0_real,cow/0_real/13995.png,103800,e98ee1c9,32239779568,103820,8,75845801042a9f8813f8fa4c03cd45a81ac5e5f778cf673cd1801149ff2d5584
train,progan_train,cow,0_real,cow/0_real/14182.png,67285,1b3b6b11,33154520822,67066,8,b248f44c67198f815750a5ee831edb79e747535710a2efe6a3efd449f4cc3698
train,progan_train,cow,0_real,cow/0_real/14234.png,119015,59116a40,33545844630,118721,8,845b04586e630eafdf6afc86b2af5a1022373dc962dfa2afa1260a956c95502e
train,progan_train,cow,0_real,cow/0_real/14256.png,120438,ab0654f6,33339996738,120157,8,af3671d26c21cb7e10bc462ac6a7e1567c46bb321d058218d9fac84819a80e69
train,progan_train,cow,0_real,cow/0_real/14416.png,101073,1938103a,32435565767,101055,8,770dfc5b4192f745d6590378439b1aef1af610129ef55e11577680721a2d0281
train,progan_train,cow,0_real,cow/0_real/14532.png,135930,bf33d37f,32398993649,135438,8,319583990f5f6c1f8800cfba9b5a1151c6ef2996824a5241ad251630bc528230
train,progan_train,cow,0_real,cow/0_real/14626.png,134340,f96dfc46,33514688552,134058,8,4b79b98911d5c3b4fa1c069afaf12a248f407b8f0d267ef93d5422027bfc8814
train,progan_train,cow,0_real,cow/0_real/14727.png,99913,26ab2385,32989113496,99771,8,2961787b3deade41264368223f2125b07a15e30544cadadeaada42d5a8da6b67
train,progan_train,cow,0_real,cow/0_real/14934.png,99434,395df54f,33963058619,99277,8,4a1385b308262ab13ed697bb139a151b690cb152af8bf86620a2bae156b81b61
train,progan_train,cow,0_real,cow/0_real/14995.png,127201,e21d52e0,33559588291,126869,8,5718f8964ebd72f4c6609068a9bd00c561980c6f547382eaf2f561fad5f343c8
train,progan_train,cow,0_real,cow/0_real/15588.png,100731,694c0d96,33152361854,100625,8,050b4e367974c5fe8c35944bfda9fb99ab07379929ce406cad99d36309c52b0a
train,progan_train,cow,0_real,cow/0_real/15762.png,144365,b0cdcb3a,32539596244,144289,8,6bfaf3fedd7a32aa2dc0b04d54ffd2181196fb3b30af71e6d81dd02b5af27fe8
train,progan_train,cow,0_real,cow/0_real/15763.png,99319,70017895,34035738958,99277,8,2429c4c0349cbf3ffd40b9ab98af1c26614d2d07f5873296349d7a3f16c6012d
train,progan_train,cow,0_real,cow/0_real/16139.png,120219,8faa7107,32274441853,119876,8,e3cd66e91ec6b3bf7f70b80174b30442d53baea2d18c129733ba8043630ed4c2
train,progan_train,cow,0_real,cow/0_real/16282.png,111915,126bb10f,33160036498,111543,8,b2c3ae3677e0fe1c17a81b7fc204bfa548cab1628fedb3143d61f250b8ec849e
train,progan_train,cow,0_real,cow/0_real/16407.png,105909,a1145116,32666880361,105869,8,589ea932c99709c23c27b2c9935508e0f6db95a3e9439f9e60afbe27778a364f
train,progan_train,cow,0_real,cow/0_real/17075.png,125489,c16fb8cb,33648855842,125151,8,0e0e159f0e9ecc23c1206ed9d06fb32fc3ffd2104827c9a305653adb2bdcf2d9
train,progan_train,cow,0_real,cow/0_real/17217.png,115488,b0317211,33608624382,115417,8,c541d55abcb21c30a6eb939388459da5f51e98c8db313f0eafc26ee13016eabc
train,progan_train,cow,0_real,cow/0_real/17640.png,98590,fe649ebc,33081781026,98413,8,18ad6ff58420a68e256491b1a2238b729e168669abdf675490efb4bb0efce561
train,progan_train,cow,0_real,cow/0_real/17864.png,126551,a965ba7d,33516226938,126056,8,e26409cea9f28cc8051f0fafd4244dc2fecd5b6e2b0f47c38ee4d4b54015f1e5
train,progan_train,cow,0_real,cow/0_real/17886.png,117079,4efa135c,32650277774,116697,8,f9e522bceda71bf6aada1a2c668dcc9f7ccd33405150499110cd77d6fe6b22fa
train,progan_train,cow,0_real,cow/0_real/18269.png,146901,c93a5279,32391840101,146494,8,c4e504aee4904daa24ae164c825ce96eef7d225d2b856d5e39a8cb64b0b27139
train,progan_train,cow,0_real,cow/0_real/18617.png,120916,03fe96fe,32627181735,120748,8,59a33a78a213e008009eb83aab4676c3784f0a65c5ac324d86bc5a0b39807bcf
train,progan_train,cow,0_real,cow/0_real/19673.png,141274,38ac5c30,33962826243,140702,8,a09036d2e7409ec319fd2553beae5cdd72caf9fe9f3f1ebb75ee9a9eb48af70e
train,progan_train,cow,0_real,cow/0_real/19762.png,105081,da393bca,32715213717,104983,8,958629a3d095d3d4fb371aafcd4c405414f37d3135fdf7cff8bf88e7d4af5bb3
train,progan_train,cow,1_fake,cow/1_fake/00086.png,152225,750cc2d6,35973526142,151497,8,f38f69b1ef3668f8c152e48f1cdde40003dc801160b0b4633358021f53dff606
train,progan_train,cow,1_fake,cow/1_fake/00323.png,126292,4d96fe6c,35152372701,126167,8,88ac264df443f58c3f3725cc677322da49357ecc867f65d22ce6135313fa90d1
train,progan_train,cow,1_fake,cow/1_fake/00384.png,121684,1ae4f046,34990262396,121571,8,acd8caba6a0dc454d32f1eab2a26ef8ca52a4341f596f7ae39ed4fb22b39b189
train,progan_train,cow,1_fake,cow/1_fake/00790.png,89758,52659d2d,35099671242,89706,8,9897beb85337868bafe35f028d91a54624e9d2930c2cd70ea0dc6442b67c3f25
train,progan_train,cow,1_fake,cow/1_fake/00847.png,124091,24339d60,36277907601,123699,8,4c831643cf6ddbc6ba462b7a1ac28a556e5084b28d5f37c3fa129404f4a14688
train,progan_train,cow,1_fake,cow/1_fake/00883.png,104395,fd63b167,35398887948,104376,8,0c4428ae35febb8efc28bb6c5d3ace7600410bd1362119eeaa72007c4a3c9611
train,progan_train,cow,1_fake,cow/1_fake/00899.png,102698,5f5006d5,36241745918,102484,8,abb41cd1f666a4d55054a0f0b9a81516b32f7fb335b4188ccb6e0671c06a9778
train,progan_train,cow,1_fake,cow/1_fake/00967.png,124881,6e7f3124,35948515392,124759,8,98f12c1850bb7fd4764cfc6b14112950b84645c8272eb8c670e72e55f5c29de5
train,progan_train,cow,1_fake,cow/1_fake/01131.png,136398,b03a2034,34420913674,136357,8,578ecb0f625719d2316354de30b8e7854ea32f523320f4e089999cb384f0ef6d
train,progan_train,cow,1_fake,cow/1_fake/01361.png,137324,1703e80e,34936666451,137281,8,b978d966558221dc32fa1ff456800015c5c15dd590f93a0d5838c2fb80c9fd1e
train,progan_train,cow,1_fake,cow/1_fake/01787.png,86653,ecd89acf,35568128684,86647,8,1ae0b5eff96faaa0d4623c3e1e2fe6ccfa6268ae34fbeea07e4d38a922bfbb2c
train,progan_train,cow,1_fake,cow/1_fake/02080.png,90683,8b21ae26,34530547141,90115,8,d601139e592cdff95eccbbf61e78b94780263116631137441e761b993c337298
train,progan_train,cow,1_fake,cow/1_fake/02120.png,110925,14d2c787,35020009452,110762,8,4522bae22d4d1fc53cde8dd3711ce472e01451e9e716adb09441b870cd238a82
train,progan_train,cow,1_fake,cow/1_fake/02144.png,98324,0d350847,34469105481,98250,8,9e9067f5b95f9c3a256174d351496279085c8ecb538fddb706fd4e1d6831d44c
train,progan_train,cow,1_fake,cow/1_fake/02354.png,146690,7101c9f7,34882402479,146313,8,a17546facc3ae8454e0ba33dde428fa416ecb80fd45a949d2f3d62f336026694
train,progan_train,cow,1_fake,cow/1_fake/02364.png,108579,f9250ef8,36040109905,108424,8,f325cdb1bfb4385860ff227ca01ecda905ddb1923b82ff880ed1aca5fa327dca
train,progan_train,cow,1_fake,cow/1_fake/02504.png,124944,ad6a2ceb,34913556065,124110,8,50dba6f69502707d7da41da991e001c823da0ddaa84ca276ba192f04f985616a
train,progan_train,cow,1_fake,cow/1_fake/02652.png,117281,b5d0e1b8,36107678848,117301,8,c00510705a9c34a3deb54f9eb25b18010d6d179bc16a1edb7836150d48cd92f6
train,progan_train,cow,1_fake,cow/1_fake/02730.png,138125,d805f48e,35666366994,137893,8,5f026b45af2989d648e8964061ebf56d2015a6fd572c0684dfc53c209732b435
train,progan_train,cow,1_fake,cow/1_fake/02788.png,131947,8123f79a,36096476652,131551,8,8a0cfa4dfbec1954423261e7b348fa334a3d76b1a4081d3d7989cf370c1e00d7
train,progan_train,cow,1_fake,cow/1_fake/02825.png,141431,f12e3c3f,34360474690,141190,8,9f11be7153048cd8644631840cd3e4407b20e6b991523b532ea83575d3a8c350
train,progan_train,cow,1_fake,cow/1_fake/03209.png,71571,133563bb,34152680515,71586,8,45af1288b447137642f4ee93bda303d04a96b08d7f53f4e3d8600fc7c1207178
train,progan_train,cow,1_fake,cow/1_fake/03270.png,107099,51df6ebe,34183858315,106653,8,840dbfea5aa0314206f3e4fd760c38ab35ec8b7a05f1db990188e957a69b93e2
train,progan_train,cow,1_fake,cow/1_fake/03377.png,141528,f863ff69,35078637179,141325,8,073bb4c135ab6e87d4ec52832525849bb0076226df9bcda48215ce0e8d4dea68
train,progan_train,cow,1_fake,cow/1_fake/03548.png,133208,2000c244,34150170508,133124,8,b70309169ca78756bd35a29b65b378259e4ebc9c033aa5fee9832db9efd8aa67
train,progan_train,cow,1_fake,cow/1_fake/03674.png,126579,b4d74d73,34909624278,126491,8,19b9f3d49bfc710702d75a511d83eaedd21c827df2d4aa5399907db40a0ebd30
train,progan_train,cow,1_fake,cow/1_fake/03773.png,112067,2020e141,35585389549,111879,8,6833187af5e8630f0a8b0ba3b671dbe0c27af03b17fc640163bc4960b4f09ba8
train,progan_train,cow,1_fake,cow/1_fake/04022.png,107842,923bb75e,35249449260,107760,8,3083dbf38e06b3be7f9af7478f7528ab2efee94f9ac281dae0e097f2798c89ad
train,progan_train,cow,1_fake,cow/1_fake/04055.png,116566,1fae5196,34956167771,115972,8,1951ec522c5b093dc08b394093a8e5e970b684ad1007ed1365efbd9a418ee703
train,progan_train,cow,1_fake,cow/1_fake/04156.png,162687,9d0da69a,35197001735,162663,8,a588bd3e53bca83180e79419eb1579d20c758cad06e262e02d40bd5714bcf771
train,progan_train,cow,1_fake,cow/1_fake/04563.png,152181,979f7ad1,35644957770,152093,8,99256cb4a1b7dd80035f69ea77aba624aaffac97fd43e2dbade8af2b983e1ff5
train,progan_train,cow,1_fake,cow/1_fake/04783.png,131606,1f0d5c85,35480358250,131472,8,a97d090b43f9aaabc0eaf29609dbb164b57e26b39742cc07a4c390eec6cc13a8
train,progan_train,cow,1_fake,cow/1_fake/05028.png,105068,92ad4c13,34753164973,104813,8,2f98df350f48922612ce168f9829f0bcce0776b9a0f31e8e9cba5a59555cb796
train,progan_train,cow,1_fake,cow/1_fake/05345.png,153933,ec71f872,34347739315,153831,8,a7049cd5a1ac08200dce3e41aff0243b0ac7f72061ad0814e7bf4bb5ed0cd8e9
train,progan_train,cow,1_fake,cow/1_fake/05371.png,107701,08ec29f3,34780947148,107702,8,b70cb386aa66505493206824ae4c4277ec4d79890929aa1baa2895418642095d
train,progan_train,cow,1_fake,cow/1_fake/05485.png,100572,d828ed9a,35403579051,100460,8,210ed0879c287bc6c5b18ad4017112f954a3fcb5cefe28bc6e019b0301a4f421
train,progan_train,cow,1_fake,cow/1_fake/05662.png,123164,5c2d5b11,35707853454,122620,8,00abec8c9124d88cdcfda38437ad065ce57834dced1bafba67c31a384395a467
train,progan_train,cow,1_fake,cow/1_fake/06061.png,97291,f340a0b0,36306605212,96734,8,5261e1bf66499bef8578d19c676f3db12353bfd05291dde5db1818e0bc31079b
train,progan_train,cow,1_fake,cow/1_fake/06087.png,160796,c9e297d4,35185483577,160671,8,03a5687619a2ec03a50e84635282ef1ba7a290137d866b888c3592f85124f1da
train,progan_train,cow,1_fake,cow/1_fake/06343.png,134445,4200e0fc,35559585486,134361,8,d535db255fb9b8ce6b2c88b419100ed177c0f293163977590e5d228af9f7d5ed
train,progan_train,cow,1_fake,cow/1_fake/06576.png,115100,90e2784e,36080164334,114792,8,b751f69ba353764920fff60e9917f2d2790da5111ba46c4c7509474a63cc1d73
train,progan_train,cow,1_fake,cow/1_fake/06768.png,104599,a57ca564,36302280605,104408,8,bbce42143513486e951dc1b9d32d5c4727147ca2fc5c0296185e4871934c0738
train,progan_train,cow,1_fake,cow/1_fake/06905.png,108627,5ffbe987,35834398726,108595,8,4e9de5f33685546a85160914530e10083ed585c6e7e09d7f5d79649ed7a842ef
train,progan_train,cow,1_fake,cow/1_fake/06998.png,136393,63f8dcb1,34761008903,136410,8,b5bd997acef79a777bd3d062ac18714942f2f17d6af3b9c70d221f1f5943ac1f
train,progan_train,cow,1_fake,cow/1_fake/09140.png,141820,4ed271c5,35286920347,141564,8,b41fa58024303c98f0e64d226f20a5b5c856d255c8d70e68a0833371df66ccc0
train,progan_train,cow,1_fake,cow/1_fake/09522.png,149599,29a1cc4d,36247883362,149591,8,ac31e747048a9119178a8158bcf5738f32f775140f3c3cd35201872c0c1ecbaa
train,progan_train,cow,1_fake,cow/1_fake/09662.png,125807,85dc7f76,35863103993,125337,8,1899a12097219a5a56201c25b17d4c417cea82214dd0cea60b18f57c6f70a0b1
train,progan_train,cow,1_fake,cow/1_fake/09679.png,137639,c3b333f7,35529838521,137495,8,9b2202d73d271d2ffce4eff581b6fa8e51add898a7091bec50d4a1e3a51d3d86
train,progan_train,cow,1_fake,cow/1_fake/09696.png,142242,a6fb80de,34925538788,141745,8,862dff50d8db016732db79fa95488acef5502a835ba5f31cd4f5a82e12381c89
train,progan_train,cow,1_fake,cow/1_fake/09703.png,117737,bd131e1d,35462100508,117563,8,249883bbe8b98a3d3f17ec7362037a128a3eda0315fd416bd1094b4369b00855
train,progan_train,cow,1_fake,cow/1_fake/09757.png,136461,0e4bc228,36025302017,136223,8,dd16bc80604d06a486b2c7af06ceee0233fcd9213c97727b6be8d8aba706f487
train,progan_train,cow,1_fake,cow/1_fake/09859.png,122019,779b384b,34231932931,122008,8,1293645ee94d2045a65411c4ef0de3626a1294ae02498771ac51a06d415dbc20
train,progan_train,cow,1_fake,cow/1_fake/09978.png,141731,40f657e3,35291148807,141453,8,220f401c0e26056e771fe90b05610207927f74106d14adad81e448a22bd5b5a9
train,progan_train,cow,1_fake,cow/1_fake/09996.png,108082,84844c4a,34800735227,107952,8,fd46910794f9f0fa2677a2226f9a9344148c991cf498a2a16a63797e61782554
train,progan_train,cow,1_fake,cow/1_fake/10215.png,116624,bf24fd75,35379241149,116644,8,4c2f0e82969021fd8122ff33b6b55401a8aec1f40b4b9d6a87414c2d2d89a99a
train,progan_train,cow,1_fake,cow/1_fake/10222.png,126518,952e8892,35669312791,126316,8,8be1351e7b5d74986a3682b6341f4db9026c2f7ecd6d394f8efea5538784a0f1
train,progan_train,cow,1_fake,cow/1_fake/10758.png,147488,e4f15e7b,34271774959,147445,8,3c24e6b7058413cc74e72682c596cc7e6a7097e4bef559896defd43b294548d5
train,progan_train,cow,1_fake,cow/1_fake/10873.png,145697,795af7e7,34912921058,145015,8,f0c6f6bedbd92545e97d9bf75708990184f9d8e0a7745743ac748160a64f355b
train,progan_train,cow,1_fake,cow/1_fake/11037.png,146488,ff79a0c2,34684268552,146358,8,637921de8e7f1613a0665db7879614a61c77c43d00d4d42d0a87f74068d08c4d
train,progan_train,cow,1_fake,cow/1_fake/11256.png,137012,fd234717,34967344460,136985,8,0a1f0dffdc171301cff08d7bcdf5e6438f69f7b1de0024e52f3dfc9d763bac65
train,progan_train,cow,1_fake,cow/1_fake/11317.png,123732,344472af,34152245955,123752,8,6f6b266c50cf222f6dc010abf5316ede850e9d7de2d55954254496f31aa8e527
train,progan_train,cow,1_fake,cow/1_fake/11397.png,125576,1cc9ed15,36268712751,125404,8,10599ff7b2a40124d5f6f85eb88bb8f4ed4906cc6c5c8624be7bb8dd15f363ee
train,progan_train,cow,1_fake,cow/1_fake/11594.png,133268,26b15278,35644824939,132753,8,1efb939bcc1d22a6e889b1109244e093f036fb412e9c5c3447745ff296ca7693
train,progan_train,cow,1_fake,cow/1_fake/11680.png,157115,caca2f0a,35995191365,156959,8,4c4f4a7f6c24a35a079cf4e45e324f7af0ed6511a69933e2afd161f032d85809
train,progan_train,cow,1_fake,cow/1_fake/11896.png,141718,8411ee2c,34464777158,141567,8,ea5f5cb6ca2d2d8727279a556beddc7d319b94839b6f98371c0a27a1795ecd8e
train,progan_train,cow,1_fake,cow/1_fake/12160.png,160762,769d948f,35858115218,160736,8,5ee401726784e46e0f33e674aa8ba25c0cc2c1ee710e4bceb882f9cd5694fc31
train,progan_train,cow,1_fake,cow/1_fake/12166.png,143121,d9df5e6e,35111225017,143060,8,27229c684c6f3f834953d09553594245ccecc6f5a63d2cd7932b2f26c2a3812f
train,progan_train,cow,1_fake,cow/1_fake/12566.png,118429,2a5cfda3,35630984458,118339,8,fe4711cd8c895d032b0cdd5b1209d07bb44c9f2d533351100e2012a96a65c204
train,progan_train,cow,1_fake,cow/1_fake/12672.png,116614,597ce7ab,35834282063,116585,8,dcbb7f78a2e027eaebfe5adf440c3c8e772009a88e605fbaf4f90cb0cb59f87c
train,progan_train,cow,1_fake,cow/1_fake/12785.png,138046,0039c956,34369325606,137846,8,f8ed7e8736217074d2db8b5aeb8e74a5a3688c906ff9940b31d412f5b6aa6876
train,progan_train,cow,1_fake,cow/1_fake/12935.png,130294,5bb5fc97,36252504353,129931,8,cf4b7b6b545d6e40a01e05b38b6eba8ef467dc847286a371d5297ddd1187aba8
train,progan_train,cow,1_fake,cow/1_fake/14103.png,123312,d4c6792a,35069684862,123193,8,cf24541e7528265c8a5ab3f59172d160254405306c90b4027728b1da2039ccc7
train,progan_train,cow,1_fake,cow/1_fake/14259.png,110672,6ca0717f,34538596452,110368,8,484b8dd1d878509f9288a48479333cffcb83bb0671439b87218d68a8625d1b96
train,progan_train,cow,1_fake,cow/1_fake/14584.png,138626,d3a74504,34557743393,138259,8,fbc49299a6b808fb9ddcb4f00422a054e2845ed83c453b2d35bf267a04acb9fd
train,progan_train,cow,1_fake,cow/1_fake/14655.png,127706,09f772a0,35646343790,127563,8,092175b25d6dcf3f425cbb1b93672ab1f389953c948a9831b0bfa41b849f3b1c
train,progan_train,cow,1_fake,cow/1_fake/14829.png,100707,f2cb0df1,36265531864,100631,8,7e2cab5320f0903416548e937461623d5db276f4c594f0b264ae20df8f93782b
train,progan_train,cow,1_fake,cow/1_fake/15263.png,148957,1ee59de6,36003950031,148876,8,14321f22d908da503be9adc100871728ffdf15f7bbe429011bad1232ec5c0629
train,progan_train,cow,1_fake,cow/1_fake/15320.png,130217,077de678,36066904702,129785,8,924659d18eb245eb113e3e901e045f2b71785d3405f279c48a5d2245aa2793f1
train,progan_train,cow,1_fake,cow/1_fake/15787.png,128812,94957336,35239330787,128803,8,ec6c02dfc5a21fad29e3b5e774e9f56d748849ac1cad1c7a6c920c4db1fb7fd1
train,progan_train,cow,1_fake,cow/1_fake/16187.png,110207,b49648bf,34231592234,109968,8,11b8bd4b694378d101d65a59a35236d53fe2542edba1c59433b72aa09c90aba8
train,progan_train,cow,1_fake,cow/1_fake/16316.png,135284,66391561,35662660742,135005,8,ba0cc7957fa5e158cf3e9c1ecbb72a56472f7712d5e9420f7b1a767600f2d6c7
train,progan_train,cow,1_fake,cow/1_fake/16444.png,137791,76ee5235,35948640229,137363,8,4097ede41a9874e263e332ef2123ad7deca696c49a675ce17711362e172ec659
train,progan_train,cow,1_fake,cow/1_fake/16616.png,151982,4b185aa9,35801840206,151961,8,2a2956cb9c73f27b00035c4218416b35010ad9e8242fd320bb11479af08d6b7f
train,progan_train,cow,1_fake,cow/1_fake/16806.png,122904,2133078d,35312538143,122675,8,68ccb874b71bf29b2fffea66feea7c1f2d633cd9020ccfd6493c5d39828f1b4b
train,progan_train,cow,1_fake,cow/1_fake/17202.png,73340,397bc6ae,36072648450,73203,8,5e2696c81cfd6759425c5d8cffc0de3ccde03bab4c3b6b989c1bd790b439cb54
train,progan_train,cow,1_fake,cow/1_fake/17444.png,122203,5b222687,34609976301,122162,8,78f38da7f7bdc25cb646cfb7bc1c3fc0e5a42d49c6990afa5208fd92f530077d
train,progan_train,cow,1_fake,cow/1_fake/17939.png,125680,ec43f29b,35770522761,125640,8,2b756d0468b3072eeb5b85326b0eadab06f9828bf970799131dc7e5e3b5e7ffa
train,progan_train,cow,1_fake,cow/1_fake/17940.png,95483,a22c250c,34654995974,95428,8,eb1fe71dfbf682ef0f41d4dfc629c65436c70a7233381cb0bea02285e33e490a
train,progan_train,cow,1_fake,cow/1_fake/18111.png,103498,57a6e6e2,35782025101,103188,8,cc580679a872818381e58645f601beb7d70575f3dfe4a5e7ce5eded5344d0e37
train,progan_train,cow,1_fake,cow/1_fake/18176.png,132211,05971bba,35088410296,131605,8,7191401d77c5fa34038b12ee3dbdcb81a31ae617b7c6a8d41399f619641279da
train,progan_train,cow,1_fake,cow/1_fake/18245.png,150685,eefa0f4d,35607969890,150595,8,482e1b2a1ae362b715ce3289b2302ca91d3da1f45a18d886ad29aa43117c78c2
train,progan_train,cow,1_fake,cow/1_fake/18475.png,158934,4a005abf,34235349914,158872,8,6e8c274a26b449e977503714ecec28a041406ac0202f8da8ac41286d30b4caf8
train,progan_train,cow,1_fake,cow/1_fake/18835.png,140668,da0ed4bb,34676047217,140473,8,358cb116a974da96dcdd2322b2bb67b2e8b73762ceb292c86d0f8f7539e8d2b3
train,progan_train,cow,1_fake,cow/1_fake/18889.png,134708,e286121c,35651292031,134643,8,620de7df4cce6ddcae316c357a9477b3b92fe22faf1f436064742349ad7ec114
train,progan_train,cow,1_fake,cow/1_fake/19148.png,105852,20ca1881,34140651413,105708,8,d5107e514ce8686db7727964a1e922c9da26982f99bce49a8befa803c63952ae
train,progan_train,cow,1_fake,cow/1_fake/19664.png,116323,4385636d,34524290373,116249,8,028f1601ac65f3d427e6408c221e1a6920c69f441ffe42e4aa319fb4e735a9eb
train,progan_train,cow,1_fake,cow/1_fake/19670.png,127802,0b6c1954,34788951826,127760,8,b3353f177e63e89a069a7ac06e071cb1b83f4dffcef33556a9da36c2ce786359
train,progan_train,cow,1_fake,cow/1_fake/19704.png,121114,9591018d,35438648043,121098,8,a4ed4415349d2017d4264af1e12530461be82988bc77f558c357821975d40dfb
train,progan_train,cow,1_fake,cow/1_fake/19751.png,102244,4e459065,35499732891,102154,8,5565e8c99965834ff610eaea788de5c8f054816bb5f92352f811c2ec0a7a6dd5
train,progan_train,cow,1_fake,cow/1_fake/19883.png,128503,7795fb82,35814029029,128086,8,9d4768e95162ee21395301eabba3e6666439e8271c59e6a3aa0c030f02b4207a
train,progan_train,diningtable,0_real,diningtable/0_real/00036.png,120980,9a5d1efe,38118766543,121000,8,a545d036948e826aa02313fe72f04f836b0b0e326b2e0d1924968ad301b942be
train,progan_train,diningtable,0_real,diningtable/0_real/00401.png,96571,843c8110,36526759716,96570,8,f87c0499dc8c369b1e9a77e81c8e60350e8db334fa47ced2cb791230c1177967
train,progan_train,diningtable,0_real,diningtable/0_real/00562.png,102914,ca628d2b,37753378327,102925,8,ec04f61794195fb2e11cf933afaeb76ec7b861395dc3d6a880a93728422da452
train,progan_train,diningtable,0_real,diningtable/0_real/00722.png,74908,f8fce72d,37550159103,74917,8,0402bd30268cedf675acc1b3eedfda6dd6a8a1de01a00e4e5d2c04396cf20fd6
train,progan_train,diningtable,0_real,diningtable/0_real/00958.png,99460,b15df15b,36951955917,99480,8,bda118154e0ddcf28e63ea7dda5cecd51f111b3afd9375b1475014d2e4cefa85
train,progan_train,diningtable,0_real,diningtable/0_real/00993.png,104109,ee5b1393,37805929425,104076,8,0b856ddefb5b1d1a2f68864ebe77be1c9aabad47c5169cccc52656905e4a1e6d
train,progan_train,diningtable,0_real,diningtable/0_real/01172.png,151878,1d068d98,37938860456,150949,8,28fdceee850aefca4bf59798a9f9944de5d30a3980ba5fb6f013d7bd82bbf973
train,progan_train,diningtable,0_real,diningtable/0_real/01263.png,38072,e156d7c3,37507627334,37726,8,f3a6761251010817a6241fd6e143be2b5ba981a74d8710491304a9c76f2f84bc
train,progan_train,diningtable,0_real,diningtable/0_real/01540.png,113240,c4b48224,37812356401,112921,8,566ef83a97de67b243c1b19f1e7b8b003069acfc2868ad8094d6ac395f7b00ea
train,progan_train,diningtable,0_real,diningtable/0_real/02448.png,125374,5d36d28f,36993645764,125316,8,55b1e6868fcd56afb386d0700fe55749a83e8686f2376e5450ad1412cc1265be
train,progan_train,diningtable,0_real,diningtable/0_real/02587.png,130716,77ad8cd7,38205299814,130604,8,344debc88f2941c1c905e3735acb69d624c5634f0ba4438ae130cfc5867b27ea
train,progan_train,diningtable,0_real,diningtable/0_real/02757.png,105404,5016f5f6,37322389724,105335,8,953cd7175fad0430a2f72abaab83d6f36ae129c834357afbe8e1430abe526ef6
train,progan_train,diningtable,0_real,diningtable/0_real/02779.png,74278,52c4bdc5,38140549826,74291,8,56a86adbb815d58fc5bfbd050d2823068d1fc37ca0069e34299fb2e3be095fd7
train,progan_train,diningtable,0_real,diningtable/0_real/02856.png,103540,37d681de,38213673796,103474,8,c1fc88a8c7d8e66cf2e2f14e4e341bf445a71080eb38aa38fba8352df4fef20e
train,progan_train,diningtable,0_real,diningtable/0_real/02874.png,131012,4b27f0fe,36535916513,131032,8,b05cab5972348145b5af4f21ce69421eea386a93cc379d429bf4313f264be28e
train,progan_train,diningtable,0_real,diningtable/0_real/02878.png,97491,ca496fe0,37604939372,97403,8,1ae77e633ce887b3f9fae69a86b03b95b4b776f185e04bc3039643f700bc4af4
train,progan_train,diningtable,0_real,diningtable/0_real/03206.png,130268,d1e8e79b,37813941532,130281,8,130997887aa256552e98a12bcb8d3b85fc3645477b2a8eb6a1c3cce6f8bb6a43
train,progan_train,diningtable,0_real,diningtable/0_real/03392.png,90765,6ac2f12c,37436035351,90748,8,0e362062fa53b1c5ca64f084a85814c48f47ce4481998d38b89c5e075c5d09c8
train,progan_train,diningtable,0_real,diningtable/0_real/03441.png,132075,a8e68746,37335435635,132100,8,adc8b1d8ba3efc4a89556c8575c87ab67ed49c56c8c5bae8842aa77ee288bd67
train,progan_train,diningtable,0_real,diningtable/0_real/03539.png,117943,6fd48907,38061994443,117819,8,6e3003f4c0234b760185a60ee5bf0a6d33fa2ea92dade2cedd0c355b3441b6de
train,progan_train,diningtable,0_real,diningtable/0_real/03616.png,119098,b1aac13c,37539338907,118831,8,5073b50599896c8461212c8cbf9c1242d48f4504234033de59480b08203ac1dd
train,progan_train,diningtable,0_real,diningtable/0_real/03672.png,117486,f5a0b3f7,36342856164,117273,8,079be6994b740fff2947620a5f5c258f1fbae21542e725fdeda564c82554212f
train,progan_train,diningtable,0_real,diningtable/0_real/03726.png,103797,6006ca66,37794789728,103764,8,31cbc78901c07cbcdec58f1b71838379c881faade50c315fe9220b510178a61b
train,progan_train,diningtable,0_real,diningtable/0_real/03882.png,93582,af4dc2f7,38176500071,93531,8,26e63e7f4d300c74b4dc7076c0a7b17a348d1434faef2800b49030872c30e5fd
train,progan_train,diningtable,0_real,diningtable/0_real/03961.png,63531,a0293250,36583076438,63113,8,166318d86c5d406862ead7bc6f9865bf4fdd2b472bd79efbb663a2bd44103f66
train,progan_train,diningtable,0_real,diningtable/0_real/04184.png,79907,48dc7b3e,37236808823,79812,8,ef977be4ab15e415985f3128393789e3e97b063364cebac688f01d9fabf1900f
train,progan_train,diningtable,0_real,diningtable/0_real/04241.png,127773,2a3cede0,37556504356,127605,8,a028e25f69f6e40772d78c4e73b71e53f670bcad11683e40542c083a84c0f32a
train,progan_train,diningtable,0_real,diningtable/0_real/04294.png,110305,814c5a62,36696266671,110098,8,c0e8d83706c6086d52191af626d77db36c6f1eadbd59436ffe50d17857fcd6bc
train,progan_train,diningtable,0_real,diningtable/0_real/04452.png,91659,74b4e8ab,38047438350,91573,8,4304d90dfc6d1edceaac085a44f0bddd966a318a1930f116ed9e48e9e0d2be3d
train,progan_train,diningtable,0_real,diningtable/0_real/04473.png,133081,181a07d4,37690034998,132977,8,1454eec4c0e451ad93f135dbc22907b0fe4596fe1ba4a75bde2bfcb787b02915
train,progan_train,diningtable,0_real,diningtable/0_real/04717.png,126094,32973e08,36701335563,126114,8,8c09afc30b2df9247dfaa2462c04602280328277e26d379f15bbc0088585ff02
train,progan_train,diningtable,0_real,diningtable/0_real/05116.png,82719,b71be348,37330202702,82645,8,329b9acb9cf8398b9fd44b1d3a209de0dc7b3ec0eab6734542c86e27436719ce
train,progan_train,diningtable,0_real,diningtable/0_real/05198.png,109039,273e62a1,37436215497,108974,8,bed4cd66dd880971b06cba9e2836fc0eaee4e6bba693631eb282646b270940a5
train,progan_train,diningtable,0_real,diningtable/0_real/06076.png,84834,3adc7a39,36956857952,84812,8,7806915ae4fcbe016b701f3f7805acfa39e23a860eae3266ab77d5da0dd12149
train,progan_train,diningtable,0_real,diningtable/0_real/06253.png,134705,127915b4,37674788133,134719,8,be07a1e53b897196b5b221a8d0df24a0766e2669b45d6ca13d1f9b7407572d00
train,progan_train,diningtable,0_real,diningtable/0_real/06533.png,126375,48716880,37768440894,126141,8,931b772ceb0030d1a3c0a2f153210bb2780afdb9a48cc746451e0eaaf8ca3d0d
train,progan_train,diningtable,0_real,diningtable/0_real/06605.png,94131,7fec683c,37703650962,94115,8,51c975c3dd92eb47d9f3792ca39f3c411930a58ec83c9db13ad386f96c1837b3
train,progan_train,diningtable,0_real,diningtable/0_real/07019.png,135285,cfc7ef74,36405495080,135273,8,41f56d06b979d2d1874a475e6381314c3b8b9719a18a932fcdd99aed0d1f3670
train,progan_train,diningtable,0_real,diningtable/0_real/07162.png,95510,9c95e53f,38086930933,95522,8,5e78a341b9277a85d293d15845428e3c6e14778b3ba810e04ad06e331c4a7fe2
train,progan_train,diningtable,0_real,diningtable/0_real/07192.png,88250,f75c4379,36595452721,88250,8,ea35520f691a906b2f542b525df883bd3d8ed8d8ba46a18485419985bbaeade6
train,progan_train,diningtable,0_real,diningtable/0_real/07339.png,122097,5dbe5a28,37716210973,121731,8,9141d17ade01c67e36e451a8c1ebb4d0b034fd23601d4db371e0e3ebedc24dd1
train,progan_train,diningtable,0_real,diningtable/0_real/07522.png,101550,27e62835,38205897423,101529,8,d2a7762c8bcf551f72a9403016a09cd6d6447a0819398f2051426a3747adfae3
train,progan_train,diningtable,0_real,diningtable/0_real/07700.png,110317,ab2b8216,37499607436,110314,8,5158c0162c5a0f809eefe9de177c333cd787bd762f79eb0c448ccfac853e5c18
train,progan_train,diningtable,0_real,diningtable/0_real/07900.png,103026,a448424e,37268131279,103031,8,d545969bf0ade1a267dbe5818c6c54b12ab59925ca0698486137de749ba08e29
train,progan_train,diningtable,0_real,diningtable/0_real/08561.png,104584,e2396b09,37624903930,104596,8,82a5e23bfea1cf4ee4c762c9fc41f4be647da444488d5e0e2e3918ec7b575ac3
train,progan_train,diningtable,0_real,diningtable/0_real/08902.png,139911,fd10f30b,36378411900,139889,8,5628890146463db31767d2c6350a08a4681ab9d7ac6d45946c2ad1f65779a801
train,progan_train,diningtable,0_real,diningtable/0_real/09074.png,97538,c68d39b2,38137516030,97525,8,f960f44fe90831c613d0264251cbd52f2d774d54660fd3a805e211e104dbedfb
train,progan_train,diningtable,0_real,diningtable/0_real/09143.png,70845,ea06f065,37800297424,70860,8,0effc2e50c9c10efca66d49083b036bf97bf138ac211a35975448c36ee80f448
train,progan_train,diningtable,0_real,diningtable/0_real/09173.png,111223,a4bd3b1e,36682058437,111110,8,393cd9bad41b67e4c35427740645b5135e755ec169308342e19bb861a70d90de
train,progan_train,diningtable,0_real,diningtable/0_real/09561.png,87812,bf6b0ce1,37354374072,87798,8,acdd0006850aa992530c859aa4ed3e9709d7a43ee2338c12301381c91e5123a5
train,progan_train,diningtable,0_real,diningtable/0_real/10055.png,123230,8499973f,36796312647,123172,8,e8a996726c3bdfe81312d829f4f6ea63fd5fcb02f95bbc15ee04fd1546ac03e3
train,progan_train,diningtable,0_real,diningtable/0_real/10127.png,117265,62ac890d,37472318305,117243,8,fb8776147ea6b8bc2688a6211e833e432be062326a28cb2494f87ab6b6b64138
train,progan_train,diningtable,0_real,diningtable/0_real/10224.png,104048,ba7c021a,37253811522,104063,8,d2c0ec6f143933422fca43cc71175119988b21e01b835a92e23be56d89e872bd
train,progan_train,diningtable,0_real,diningtable/0_real/10374.png,84746,b26c6810,37468157702,84761,8,3509098b16801f5dbff8736c3e4105e938b0ca0c6956045915f9ffb6d45e7f41
train,progan_train,diningtable,0_real,diningtable/0_real/10452.png,107713,cf27c65d,37332414171,107593,8,e644a0abb640eaabfdb241e0b31c99061af720a14fd76e4cb72df95418a7b8a0
train,progan_train,diningtable,0_real,diningtable/0_real/10491.png,108518,01196ead,37579336801,108500,8,fae41866e715b410ae5ce157f2cc1dd823bb29c95ef454f0ba9a4ac6229d746b
train,progan_train,diningtable,0_real,diningtable/0_real/10494.png,114437,6a56eba9,36900585523,114457,8,cd8a4a26b69582bcd060579d4276535e7b626f4839b8c586b17a6e9872d3fa4b
train,progan_train,diningtable,0_real,diningtable/0_real/10640.png,101886,47220e5c,37804427389,101889,8,4efb14685aef926adfc40b74f124d631d02f4a3e58e117a2a012515b8af712a7
train,progan_train,diningtable,0_real,diningtable/0_real/11070.png,106829,8d0609a8,36423874016,106818,8,c11a5c9fd84957ca58302ccfeda311b84298bbfc42a078274eef0a0bcec38858
train,progan_train,diningtable,0_real,diningtable/0_real/11226.png,117467,cc6a037b,37549057585,117429,8,391c4168ca2c144b6e699a7b2588c509a379834b30c3aadf25df7d8bb03d3496
train,progan_train,diningtable,0_real,diningtable/0_real/11690.png,92251,674036ce,36806838318,92146,8,cc844359568890fb42aed45f99b016f9954bee22b7d8015aba4eb650bb093d40
train,progan_train,diningtable,0_real,diningtable/0_real/11829.png,108018,270cb4a3,36640229847,108007,8,59f8c84dcef12986a042e18039f28c310e1cffeacbeb30bb3cd1b996f867acec
train,progan_train,diningtable,0_real,diningtable/0_real/11958.png,126728,015479b8,36569233594,126730,8,f642612c3b84677a9879f75a34f00f493cbbc3da0e75b6549440485e2da774ad
train,progan_train,diningtable,0_real,diningtable/0_real/12146.png,84428,57a266f7,37098724917,84443,8,a57f95c1b0d6daebc33503d10737708631989fe3d0a47c7198987ec696b6205d
train,progan_train,diningtable,0_real,diningtable/0_real/12324.png,105178,88e6e589,37645064067,105198,8,e72d610c6df05d10d997006d9823db31409eddcd2f2192a814f5168899c93a68
train,progan_train,diningtable,0_real,diningtable/0_real/12597.png,126762,0a16e021,37733720930,126709,8,0fd6ea7bbd9d0cc99aa49d04953e8384329d7a6272b6a15c8ac4f79de6c03a25
train,progan_train,diningtable,0_real,diningtable/0_real/12767.png,135360,74ab0333,37113789202,135367,8,1f9cf3e782236ede1a4cabbe6b03b50143957cd29085a9438a4f601ceaa426ac
train,progan_train,diningtable,0_real,diningtable/0_real/12968.png,98459,5b33976e,36892278913,98363,8,35d35cd763d03892b3476a9489a2f027de0cd457ffc898f553650c7ed2afab05
train,progan_train,diningtable,0_real,diningtable/0_real/12984.png,106508,d7f6bd36,36448966556,106408,8,10531e0a46f9db57d7671023b9fe6f26107f163b4a4986f353fd59429f536094
train,progan_train,diningtable,0_real,diningtable/0_real/13014.png,82652,2763788e,38033630604,82667,8,205e988736e10df72de60b852d033d6df75100d4c96f3e8d41b88983d63cd41e
train,progan_train,diningtable,0_real,diningtable/0_real/13143.png,119484,2622a4b2,37224158008,119435,8,369e04c312ec365821bbb9eea538923b3e303bc153a5953488883f5b41d072a1
train,progan_train,diningtable,0_real,diningtable/0_real/13454.png,137727,9ebc6d65,37705286700,137671,8,f0f94c7b6663280c8193a05ab8b3414c5680b01aab99e9b22f07b5222b10bf00
train,progan_train,diningtable,0_real,diningtable/0_real/13585.png,94783,0064a8e5,36688753090,94792,8,948f92830e702a9855236bae79bab936682584aad7d19ffeb3ae6692a37590e0
train,progan_train,diningtable,0_real,diningtable/0_real/13733.png,119342,fa7d91e9,37609167515,119362,8,63f505e762640351bc6535f75648c3abd91245b2c9a3873c36d866f625064eb7
train,progan_train,diningtable,0_real,diningtable/0_real/13786.png,86893,bd0a2eaa,37795516180,86770,8,108dcab7f4a24a4e7d0eae411329951fdd26ab51ec24069a00551fd29e605ae3
train,progan_train,diningtable,0_real,diningtable/0_real/14162.png,111609,b924c001,36641339670,111629,8,6ee44ca4b76d1670578268195e0332d4ee52f256ad1cf63706493ee45dcd070e
train,progan_train,diningtable,0_real,diningtable/0_real/14240.png,106208,09a2eab5,36983416427,105872,8,94fd35e77ce7a9134f5223f43dccbd2eabf7e2fc5f97a9659db26ba161137813
train,progan_train,diningtable,0_real,diningtable/0_real/14301.png,79077,082605fb,37869744698,79092,8,3ba77843e4611cdb09646d859588e8f4ebaba272fb0761724040821365f7858b
train,progan_train,diningtable,0_real,diningtable/0_real/14465.png,112779,8db6ead4,37741314347,112615,8,05fe168e2502b60eb5200cd446a4182284a6b57087e52731d8c86cc4028df89e
train,progan_train,diningtable,0_real,diningtable/0_real/14529.png,98390,be30bbe2,36736025664,98340,8,10acc107586d410c413f17297365c497b884fc8e783fba1f98122213527a0d35
train,progan_train,diningtable,0_real,diningtable/0_real/14912.png,80943,0440a85f,37394581377,80769,8,e16cfe9cccb6ba7b989366baf1eeceee0a0093e740583457545ac78cd79c5c3c
train,progan_train,diningtable,0_real,diningtable/0_real/15091.png,126141,00319785,37033123054,126161,8,a7bc5f0f0afaafe86470ec7fe9b504ec403a47093b5b3cb021d36963d3196b67
train,progan_train,diningtable,0_real,diningtable/0_real/15183.png,106719,e0aceb06,36871713849,106739,8,6813224a81e4b0df6723b665b3f70eb2f942a118829038fd633f084433364b45
train,progan_train,diningtable,0_real,diningtable/0_real/15225.png,90398,6c59d692,37195838534,90356,8,eb7aaa1a36278010aca3582d142f16731f7925073eb981730cd37322d680d6d3
train,progan_train,diningtable,0_real,diningtable/0_real/15239.png,102772,6ec61407,37105332701,102727,8,b3c609fdc66c5dbdcaa37b6682315233eb4d54b5315d2dca54ce1b7235498d3e
train,progan_train,diningtable,0_real,diningtable/0_real/16129.png,65544,e1c1fa68,37291050337,65420,8,40b86ae82c8a28c126650e84069d68f4a0e4cff8734c4d0c7705c785c61cee2e
train,progan_train,diningtable,0_real,diningtable/0_real/16140.png,118843,fcd27cdf,37200071599,118809,8,6d959cebbf97de3cb362518c58578d3abdec0ec9a67bacc384b90c85bfa9d7ba
train,progan_train,diningtable,0_real,diningtable/0_real/16191.png,104253,b000ff09,37128023083,104210,8,9ad7eb432a41068a32d5f19aee892e5dc0f32f33527b739f23b3a46d2d9508d3
train,progan_train,diningtable,0_real,diningtable/0_real/16234.png,123037,3f4f78cb,37484619897,122958,8,d4d06ce0320ff0547d46f04c54f2a6068914d392185b4a81f4faf3fe03f8cadd
train,progan_train,diningtable,0_real,diningtable/0_real/16477.png,65608,69f719d1,36928635746,65489,8,3dce43829b2263befae777e9efad6590ee411ebf2610b9183f8a31430d8418b0
train,progan_train,diningtable,0_real,diningtable/0_real/16768.png,124855,7af145e7,37518585664,124724,8,91807c1501b5c194a246768d0fc50bef11320a2b496be7450d8686b8c9a1d250
train,progan_train,diningtable,0_real,diningtable/0_real/16981.png,80265,ab27b76d,36409013279,80280,8,8df2955e3ccdd83d8371637668139bbfd56fab21fc8548137c53a21ec4963797
train,progan_train,diningtable,0_real,diningtable/0_real/17137.png,111114,0b616231,37360538376,111120,8,c5ac2ba046a22f8d3b64609dc5b37333f0a2cdbec746da27bf4c9c6dbd2bc2a3
train,progan_train,diningtable,0_real,diningtable/0_real/17352.png,94927,6468d09a,37592507367,94696,8,8b921acd3bca5a23972f9eb1bc59e3ef1c82d133313ede217701a50efa50e2e5
train,progan_train,diningtable,0_real,diningtable/0_real/17742.png,127683,d77ccfa8,36552602644,126291,8,cdde63ef1d98c767012cf3fe5fea3ef002ae9c1bc8685cd9e9c43fd96e9de77d
train,progan_train,diningtable,0_real,diningtable/0_real/17875.png,86784,44d48e12,38178071272,86731,8,a62e4037f66b21b2a1352c7264dcf911b3b5501c885e3bb7ad0c1d49b79a07db
train,progan_train,diningtable,0_real,diningtable/0_real/17926.png,138514,4327fd3f,37470067897,138468,8,acbaf9c885f3c0dc4cf18a2072623038139399f2a1aae11581f11f4aca009f09
train,progan_train,diningtable,0_real,diningtable/0_real/18874.png,86744,7db7b7f5,37301094996,86623,8,5bc3a4dfb321e9c10f2a51489c29e5ad735faac83667ba283fc635aeb38de6c5
train,progan_train,diningtable,0_real,diningtable/0_real/19123.png,130270,c42edcf0,36738766626,130243,8,9b5d4969abb0e1f4f30c97a117e1b0321e9139aaa59de57a96c05a386a409362
train,progan_train,diningtable,0_real,diningtable/0_real/19783.png,88613,48dce2f9,37301706802,88628,8,d6ca9736da6856fdedb68d3aeb4c4f7bd34da4bb09df80946f588cd84c75f415
train,progan_train,diningtable,1_fake,diningtable/1_fake/00129.png,86793,005f894f,38961186731,86808,8,df597b478927380cfc2d35b637dd98c5fc3ba7c19bb067a07a5c19002b2a5533
train,progan_train,diningtable,1_fake,diningtable/1_fake/00185.png,109890,747a039a,39925412495,109903,8,31fb69399c6ec49702002be91589e1eb85d05299bcdc9db82140d4db7c68f0b9
train,progan_train,diningtable,1_fake,diningtable/1_fake/00380.png,111962,51527316,40154361579,111964,8,6a0de0e2bf7a892403dc43506101545da043bc346fec01b3e3c49e3f433ada31
train,progan_train,diningtable,1_fake,diningtable/1_fake/00742.png,124013,028f9326,38707450236,123874,8,e0d4eee5850358c3a6e55cda2e9f2d72197df9907460093a62db93b397885157
train,progan_train,diningtable,1_fake,diningtable/1_fake/01125.png,139761,de377239,38513391326,139747,8,eb47230dced2866470c98cc15644832d9f386ff7812b06a8a5cdead84a17d9cd
train,progan_train,diningtable,1_fake,diningtable/1_fake/01202.png,125041,841aa98a,38380712379,125043,8,db7792bc6400c529c6d964f812d304271e2df118c2dec59e3989e9449cc540b4
train,progan_train,diningtable,1_fake,diningtable/1_fake/01698.png,89759,6a546fe7,40058483484,89736,8,b3d3d6cd3984bec5676b44831944e843845fe3331cd9df2e2e57d18f439e6666
train,progan_train,diningtable,1_fake,diningtable/1_fake/01914.png,119640,61a87942,38794818049,119660,8,d882d9388d648b8ff4c1dea7cd352890d96153125b167a1b93f7c6e4182d159a
train,progan_train,diningtable,1_fake,diningtable/1_fake/01915.png,118770,4e38de5a,39039748336,118781,8,e52ad3d444c15c49923e2b96c36ba3d0a86b8b39e0264a7623b404625a9f7482
train,progan_train,diningtable,1_fake,diningtable/1_fake/02109.png,97491,bfa91b00,39059483041,97498,8,d39d050e1ef6ec0de4697d6755fb49f875ed5a325ab55d85b5ba9e0d42df1615
train,progan_train,diningtable,1_fake,diningtable/1_fake/02641.png,51766,ced35bf1,39255253134,51396,8,061d5aa377506945bcbe15ba6337f8341ed3eb39c1912a3b28b298e0624e417b
train,progan_train,diningtable,1_fake,diningtable/1_fake/03088.png,159723,9a17c363,38710949557,159746,8,bf7869c94ac40d0fa55c489530b3eedf2a8b54e7c50c586ea9d40ea862e52f25
train,progan_train,diningtable,1_fake,diningtable/1_fake/03150.png,83167,3bbff55f,39319645631,82950,8,7e4a7818aee85101bfead8b0a6cabe192e0513ff26286f15b2629bb333e523c1
train,progan_train,diningtable,1_fake,diningtable/1_fake/03234.png,107973,1c5616d6,39514013520,107993,8,f281441fcf2667ef37abae306934874d5c0ba9a1992cbd967040eac2b134180c
train,progan_train,diningtable,1_fake,diningtable/1_fake/03411.png,128361,4d354b39,38659218539,128381,8,d88c142ba6dd40669652e651eb784d544781bcc6e032762a86d502bbf1e98104
train,progan_train,diningtable,1_fake,diningtable/1_fake/03931.png,112015,a1898461,39110764893,112035,8,040e3aaef9d42ca83f3def188a68a7a6ecc482924ebdae1b6acfb7ddcd22ff6c
train,progan_train,diningtable,1_fake,diningtable/1_fake/04427.png,89586,1dd3c1ee,40100304012,89537,8,9bd6ed6ea59ef6b492456ab744390b5d2a0f1a1690fee1195b94a0ecfd386202
train,progan_train,diningtable,1_fake,diningtable/1_fake/04658.png,124550,c9f3bb53,40019934530,124570,8,03ae0f4a5aa8539bcd83f6838e0856f3705becb4a047f002652a42aafe6abdb0
train,progan_train,diningtable,1_fake,diningtable/1_fake/04724.png,117543,515386bd,38482483137,117554,8,e2deaf432a386790cefa4d17570b282d1b7e5e687e6bb778516a5964044ee615
train,progan_train,diningtable,1_fake,diningtable/1_fake/05138.png,128463,9fa268a0,38627311375,128410,8,59b71626551f2d36b1ceb131ecd95e4b5063c4538b6956754a003ba36f80577e
train,progan_train,diningtable,1_fake,diningtable/1_fake/05384.png,122587,a59710bf,38610472630,122607,8,cd60b64f45730264682e1301bdedeb25c2fc3607661d27d54087db41f9da1481
train,progan_train,diningtable,1_fake,diningtable/1_fake/05448.png,106787,53c2043a,38245397154,106761,8,98640b44872f1bcee53a91b4006d764987b7e83ba4519453889eb58d51e8e5e1
train,progan_train,diningtable,1_fake,diningtable/1_fake/05485.png,109396,ae832d12,39373417637,109416,8,f874e03b43ea25c071242fe4439f5d31b82b2f2474b1e12e2fba86e97670f179
train,progan_train,diningtable,1_fake,diningtable/1_fake/05575.png,107590,ad320233,39642865656,107606,8,8de7e71d95dbdb76ab0862691ff28f95db9939475b01278d71daca9484f25b78
train,progan_train,diningtable,1_fake,diningtable/1_fake/05886.png,99172,af44f5cd,39884770605,99180,8,828b02aca09593243ee63b7078bb8cdb8381814f80162ac7d01a164b2242fee0
train,progan_train,diningtable,1_fake,diningtable/1_fake/05945.png,126035,a2219a29,38840544021,126055,8,cb78a5f95ecc4fceafdd2e5b70d59e8d6fe9bd60a3508672c314fb072135d64f
train,progan_train,diningtable,1_fake,diningtable/1_fake/06089.png,109542,0fb06288,39748574725,109500,8,4f1486c912b9f83d1e2383abd72e6395f6e9383fa4fb6bb08e5ff8e89f9367fa
train,progan_train,diningtable,1_fake,diningtable/1_fake/06735.png,135118,93be4ab8,39715863528,135131,8,8a2c8b2b1ea7ef7a1a5ade4778e8412c353e2ba68c9ea64465ef298878f924f7
train,progan_train,diningtable,1_fake,diningtable/1_fake/06923.png,99013,9ff996ad,39230342911,98985,8,99f4af074df1dad14c6577a6aea2f7d81ea1564be5d91de54f222a48d4ecadc7
train,progan_train,diningtable,1_fake,diningtable/1_fake/07100.png,96823,3d50be0d,38611164713,96838,8,8bb542164a8038ecc9201fbb18f0ea3451adeab37205e819e9baa4cfc4ecb649
train,progan_train,diningtable,1_fake,diningtable/1_fake/07154.png,129191,a557866e,39469268361,128983,8,9d8f303bf9539538ea5e0e79c952a8d14489273f2aac74254a8d4e238aaf51b5
train,progan_train,diningtable,1_fake,diningtable/1_fake/07162.png,58809,d6cd494a,40060687374,58614,8,9f45dca95df0480d807b2584f9534d387af2ff42a6bd11ee68147eef5fd24580
train,progan_train,diningtable,1_fake,diningtable/1_fake/07285.png,123026,84b848f7,38241293344,123046,8,3f5bdd2130ab2cc9002758dab4957cda98e9e3e8009e401106d494dbc0674cf3
train,progan_train,diningtable,1_fake,diningtable/1_fake/07310.png,112873,9a010e48,39419477601,112893,8,3175503e3e27fa32f831de39cc4ee6fdaa93d75e35f0d0c524acd8d0a435a1f6
train,progan_train,diningtable,1_fake,diningtable/1_fake/07519.png,93775,888d2390,39245897877,93783,8,e2a1c2c8ad6b882e00a3a12a8e4fec26c50a56038d0703e5675eece1983f5351
train,progan_train,diningtable,1_fake,diningtable/1_fake/07565.png,111399,f5fe7264,39889971783,111417,8,f75448e0ecad14978fe85fe256a9519a70484d5d64e75720597a2dc3eeac3add
train,progan_train,diningtable,1_fake,diningtable/1_fake/07687.png,111663,bef896f2,38680182596,111683,8,c1a660144e6edcc3bf86e7b79f4a674a273d0656f930cf431c65d999049e406d
train,progan_train,diningtable,1_fake,diningtable/1_fake/07689.png,134049,cf1eaaa6,38404147285,134066,8,22d30f3e5941b8cdb2f297ed89031848c1e0a45218a0ac93ab0face2c8ef9bb0
train,progan_train,diningtable,1_fake,diningtable/1_fake/08253.png,112295,63cbd37d,38928523954,112290,8,faacaf3cca9285d256944b3d3af04e2074abd4ad0703f4d0e3e4120f8582eb4e
train,progan_train,diningtable,1_fake,diningtable/1_fake/08706.png,123425,472e671e,39795235020,123414,8,0040cbe0664b3f30d5f91a491613b10e64c8cd354a60d155eea371dec97d8d6b
train,progan_train,diningtable,1_fake,diningtable/1_fake/09033.png,117862,7567ada9,38798965526,117869,8,d724666b46d2c054740b6ffb60f4a056a44f01a0d3a5bd5176328d5617eb3f6f
train,progan_train,diningtable,1_fake,diningtable/1_fake/09131.png,122266,2c17b06d,39903339672,122211,8,a75c1e03425dda1049c74bd6255ecd99ca15396c64e7d99340b08d5ae4101cfe
train,progan_train,diningtable,1_fake,diningtable/1_fake/09181.png,95995,7ced7ea4,39830362114,95982,8,20681bbb805f0a26972ba3009cd30c4525844b272322f3c5520b2201cb88e176
train,progan_train,diningtable,1_fake,diningtable/1_fake/09376.png,98792,4723b3cc,39397976278,98812,8,6545b29841cb33ba12352cc97bacf26e987a8219469198dce48b9a95ffedfaaf
train,progan_train,diningtable,1_fake,diningtable/1_fake/09410.png,88833,7ccc09d2,39469621214,88846,8,8369d9aa9b3f1ff7b090c99d23504d51a6c8655e33b07573a231fe3f492b22b2
train,progan_train,diningtable,1_fake,diningtable/1_fake/09574.png,112145,e854d2a9,38389685233,112165,8,48dd463a12c4a4937786712d1a998984cb6cdf313bc2f6f4cc94d428812145e2
train,progan_train,diningtable,1_fake,diningtable/1_fake/09720.png,107377,a3923199,38312564088,107198,8,1042586237ceec20f1ee5093bcb9af07abd4d999df3fd4fc7706e35090d1afd5
train,progan_train,diningtable,1_fake,diningtable/1_fake/09785.png,93014,59070c10,38514088447,93029,8,ef36da81d42f6c64e875e94d25c38eb33e9dc4bf7e89342e3c756b7333241744
train,progan_train,diningtable,1_fake,diningtable/1_fake/09828.png,125222,3266ec93,40154109740,125242,8,a6608193f1a80dc692608f094e5fddec156188b8a5dfc15cf279027d41c8e880
train,progan_train,diningtable,1_fake,diningtable/1_fake/10209.png,102288,bd95d414,38647859622,102280,8,4884ef3cd4ee0e9244a3ff44869413751e928f0e9ff65de3dfbd1c31fa666fa3
train,progan_train,diningtable,1_fake,diningtable/1_fake/10256.png,135156,997b829f,39718019575,135053,8,97d0cdb88b284121214eb0b98149773a68328b768c9c078125ee444c1ad6a7d8
train,progan_train,diningtable,1_fake,diningtable/1_fake/10557.png,113799,283b9e8b,39902045281,113805,8,713906478609e2276f8b6912ffa4cf146dc94398e9974cbadfabe9035fea4849
train,progan_train,diningtable,1_fake,diningtable/1_fake/10626.png,54690,2107997b,38754284580,54270,8,8aeebedcc178be3ccb10a83b99d9304e0e5d81c53ab9a74412a560c0a5bc74c1
train,progan_train,diningtable,1_fake,diningtable/1_fake/10733.png,26246,fd1d2bfa,38902041782,25803,8,70b4a7a23f7457eba1361d28e84dbf5b47152f4fc37305c7deea4e48ef9e902a
train,progan_train,diningtable,1_fake,diningtable/1_fake/10950.png,113812,76a284e3,39254880068,113832,8,01ab490e7b977ec594e6f4c33161e2604612c04ec0fa61cbda32060c1e0933a6
train,progan_train,diningtable,1_fake,diningtable/1_fake/10954.png,148300,f56594ee,38679491499,148321,8,9cb253735d2cd3c05f5bf3c1e6b5611884a126d3018131ec30ba7cb8cfca6a9c
train,progan_train,diningtable,1_fake,diningtable/1_fake/11112.png,139799,04f68faa,39283103613,139815,8,4d6f28034d59a743db012b01e50a762381b3d3ffe87685f9667fbff81e064169
train,progan_train,diningtable,1_fake,diningtable/1_fake/11228.png,113287,fe8c0197,38438280240,113285,8,7e43248800d9b832a657690377f7c2c83eb592ffa4642305dbe2ae8b9fbc9eb4
train,progan_train,diningtable,1_fake,diningtable/1_fake/11652.png,111471,e6d9be35,39217244154,111476,8,313120c58c82373e6ac41fc96ab72bf34e467154fcd5792be0192b84d5e4062c
train,progan_train,diningtable,1_fake,diningtable/1_fake/11730.png,107562,4d5f2394,40122809311,107582,8,8c4e5dc0f6ab28d30e6321779c441e9c21b4a18db1152934ef2a311b143b29dd
train,progan_train,diningtable,1_fake,diningtable/1_fake/12941.png,132000,099d3436,39783241045,132011,8,cdea4f4b7adfaf7bf8de3e30f97456127f564338cfbf1594f80a4e8b5dc94338
train,progan_train,diningtable,1_fake,diningtable/1_fake/13112.png,86735,a5ac61d7,39442820901,86672,8,afe5c0353f9b2a46d27029fd9af7f48c00c1c938c04f1ea787f2d3a46a4616ed
train,progan_train,diningtable,1_fake,diningtable/1_fake/13158.png,92979,a85b4bed,39108493326,92965,8,9c62e09825a75409b0572abc488857ca7fe10e7d63077c64e8fc441a4250d98a
train,progan_train,diningtable,1_fake,diningtable/1_fake/13201.png,139430,af55bad6,39785168823,139455,8,bb248c5cd870bdcbe547fd07e62983bc176f9fa62193a41a05f6df124a8845bf
train,progan_train,diningtable,1_fake,diningtable/1_fake/13504.png,121094,c8051639,39535592457,121114,8,5c0662bce093391cf22e409ad7b73db2f155684dd6040f80192fef45f2d94f1a
train,progan_train,diningtable,1_fake,diningtable/1_fake/13517.png,100089,7911d1f0,38281787882,100105,8,ee6c5ebf68be964fbe8482074f6b2c0fb1d5aaa59df10977e87a9e65eb79d2ac
train,progan_train,diningtable,1_fake,diningtable/1_fake/13611.png,115296,90be82ff,40023207794,115261,8,ff93310eaf2ca559a5fc656b1c9d87d9af349853ef1336da620d1f56053a502c
train,progan_train,diningtable,1_fake,diningtable/1_fake/13675.png,106291,a2da5fa1,40088478462,106311,8,ab3f73c9072baf4030be890c38d3022e34c6b6c9d5701ebe66fa9c8120ed905f
train,progan_train,diningtable,1_fake,diningtable/1_fake/13884.png,138091,a90ae48c,38858683447,138116,8,03daa4cb6c14718bf26b84652788a44dfa5cc7772057f976383623aef8b8d1bc
train,progan_train,diningtable,1_fake,diningtable/1_fake/14223.png,100805,1cfd616d,39444842456,100825,8,f4b4a8586ee9f72bb6972af3353804b1ba69f0f9b281a48f40f10430a329c6e1
train,progan_train,diningtable,1_fake,diningtable/1_fake/14275.png,105485,9df26142,39345347867,105505,8,fd5e0928e1ddc380e4181373952509161efdd8fdf6236a37e4184bb97b947723
train,progan_train,diningtable,1_fake,diningtable/1_fake/14362.png,105599,e5285f58,39178410113,105619,8,098c844a5b153010d8d977556fbe9db821b2870f041dd3db5085d4b78e73518e
train,progan_train,diningtable,1_fake,diningtable/1_fake/14517.png,120854,829e28a8,39811481352,120856,8,01a5d2f7c430a218895d58de932ff6cdcd42d2fee76992eccb03cb331d588d82
train,progan_train,diningtable,1_fake,diningtable/1_fake/14545.png,92449,9f9122fa,40033117842,92464,8,be4853e76cf3e7b89eca5936187ee42d6daea135fb6299b9469cc728cda4677e
train,progan_train,diningtable,1_fake,diningtable/1_fake/14591.png,108229,ba22b528,39446553266,108249,8,a7cbdd1609574d7f1a2f4522da0d9d725fea358ff51edcc8428b5e8269561771
train,progan_train,diningtable,1_fake,diningtable/1_fake/14632.png,109565,fd5b83ae,39028772474,109585,8,f5c8775f3602ea05afdfa9caff0940ad9fca873c0bf5596fefbbe3e03d8b9a2f
train,progan_train,diningtable,1_fake,diningtable/1_fake/14675.png,110079,22632ed6,38865568665,110099,8,ca0cda6ac2bbd949f33323a4073ce5cd533efe23e1bd6e572650ffd3f1a0fd78
train,progan_train,diningtable,1_fake,diningtable/1_fake/14837.png,125394,2a28bb34,39118066397,125314,8,f1bb15dff6dda80d435b9f59f87be512b0e573f35894fb9dc874ae7ddd47a1d0
train,progan_train,diningtable,1_fake,diningtable/1_fake/14845.png,51439,7a61d389,38563780781,51449,8,b713473dc1728665bb7fff5ca9b81dc47760d68d46c4ce6bc3a16a012c485ff1
train,progan_train,diningtable,1_fake,diningtable/1_fake/15842.png,111353,8394989e,38909979855,110967,8,db355b14666155b5f4dcd5a39808c1ab8ee5498a675a27eac832a8b703825696
train,progan_train,diningtable,1_fake,diningtable/1_fake/16109.png,112141,7d76cf52,38757369466,112139,8,a88ceb52121991bb321e07d4f480c808b8c09afb009d0271e7251a748f66b08c
train,progan_train,diningtable,1_fake,diningtable/1_fake/16357.png,124570,0928f3ea,39117064987,124590,8,ffbd2c95dea8d77ddae6879953925a6f21e391cd2a23aac882d4d3337bc8b384
train,progan_train,diningtable,1_fake,diningtable/1_fake/16459.png,120452,d9427898,39462461300,120431,8,ce4e5274abc70659686f655ee6c827939bd7ff591d4253cdb41e2fe14299d310
train,progan_train,diningtable,1_fake,diningtable/1_fake/16617.png,98615,3b1f209f,39480766568,98629,8,6b3a1d95ea997678e01a4065e24d4f732844aa9b7db43d81b9f7e3c95362c474
train,progan_train,diningtable,1_fake,diningtable/1_fake/16777.png,112505,54f7e3b5,39829294317,112500,8,3e37ea8361e0efc910478f26e534534421aafaa7f1a0bad08fc0f4f4128a2ae8
train,progan_train,diningtable,1_fake,diningtable/1_fake/16978.png,120535,17320839,38954516166,120550,8,8b330064bac61e6495ada21d6067d10e5125b93a60dd40f65c6317eae3383723
train,progan_train,diningtable,1_fake,diningtable/1_fake/17121.png,99094,3b99c5e5,39198542690,99114,8,3f17cb387874591a82896b4c9f78559598c8c75b909a4cce67595ef5022d2fb1
train,progan_train,diningtable,1_fake,diningtable/1_fake/17335.png,148915,21b9c6ec,39792619979,148916,8,76a8b9bc9417b168e4e0859217478b0635d43e6632c0437086b618673f413bc6
train,progan_train,diningtable,1_fake,diningtable/1_fake/17505.png,104220,e0d4395e,39531534479,104212,8,0120b690bf584fb0bdc229bee2ad09e5d441da53d6426ef5858c35e49ea5efde
train,progan_train,diningtable,1_fake,diningtable/1_fake/17522.png,118100,ee89dbec,38642692513,118011,8,243acb80525d6b91417827954234d00edddd9eadbc41e1b93fb1fde44a05d4e6
train,progan_train,diningtable,1_fake,diningtable/1_fake/17661.png,128779,0f812412,39305360579,128791,8,3b807b013240add1b291ba012a523c1995777efd6abd1ee81b76f65c26350462
train,progan_train,diningtable,1_fake,diningtable/1_fake/18142.png,103585,39340a2e,39621869132,103565,8,10c585a4c3285e2a9d0ea6bc73735e036c1c0a675d2fd28ec01ec56a3ffe9b8f
train,progan_train,diningtable,1_fake,diningtable/1_fake/18553.png,111422,10d5ddce,38505521369,111433,8,1f3d0ce5e326a386600005827d743cce69bb4a93f244b160f167ff697def4634
train,progan_train,diningtable,1_fake,diningtable/1_fake/18601.png,104513,6b678535,38930931356,104533,8,e56583e7d4575d38b644e581fd32f5bf8587954887adcf8f78383be3ed0f0905
train,progan_train,diningtable,1_fake,diningtable/1_fake/18864.png,125524,cb6b5382,38729924315,125541,8,f1a7a9da0ec7a5582f6dc1b2e87617dc784d5d76c9a31f6c9e212c634543ece4
train,progan_train,diningtable,1_fake,diningtable/1_fake/19028.png,120216,1fedd5d9,39619927643,120197,8,3dde422b8f04ca1b7719ff50c4248e7e41b4b733c0467a139e5ce36d5e46d63a
train,progan_train,diningtable,1_fake,diningtable/1_fake/19085.png,145937,2671ed5d,39643785620,145941,8,5393112b1ecf4bf9f627994247e06a8d3665edecafd53cb6ee2ca783dee57e9d
train,progan_train,diningtable,1_fake,diningtable/1_fake/19116.png,108547,fea3d9c2,39501529815,108567,8,6c8e65e74d4b5ac028e374d179c47eb3d1166a5154cb634775a3b4e77a089af7
train,progan_train,diningtable,1_fake,diningtable/1_fake/19399.png,132275,78c09b80,38869835148,132300,8,94a6e38dac5d18a42440731b19a7d7b495d11f6eb2e4aec89886937b2bb06125
train,progan_train,diningtable,1_fake,diningtable/1_fake/19903.png,136822,8bb538fa,38411087154,136826,8,133ba58c29b544147de40fc8fe70b3a1e4273c59a62722b5b307a71cf680b76e
train,progan_train,dog,0_real,dog/0_real/00172.png,79172,11446bd8,40737993281,79181,8,2592fd905a08860afcead9fd8edf3f495f2de37127b70beedb3f10a873ed84c1
train,progan_train,dog,0_real,dog/0_real/00549.png,100979,ac6a7085,41946273069,100833,8,13576e8bb2897e70485c28d6228ead757957e45293f43bf4e49969118bbea991
train,progan_train,dog,0_real,dog/0_real/00620.png,121172,609bd215,41173709710,121185,8,41cb205e14892165e08f5bda2625ec8a59901fec4b0ecfa4f6c335cc74604628
train,progan_train,dog,0_real,dog/0_real/00856.png,121669,2b18f04b,41482051958,121483,8,b81e13b296e69f073e708426ed57e0957b6c99b3fc09f06370fbef4bbbf06b6f
train,progan_train,dog,0_real,dog/0_real/01199.png,113838,ea8ad13f,41299102099,113294,8,70486ed40fc691ed7ca63f44b3efe0b68434ec7f3edd8a14c6adeeb9fad4256c
train,progan_train,dog,0_real,dog/0_real/01311.png,90409,6da1f048,41731987502,89703,8,e261b6d08064b827e57325d94cf614abd90b4bda73d2455ca9f1153d90a94f63
train,progan_train,dog,0_real,dog/0_real/01506.png,113521,d54496ea,41819720681,113305,8,9c00062a6ac407c7c4f8dfe75ce2e86b4b2803d9d64cee025a28be048184859c
train,progan_train,dog,0_real,dog/0_real/01573.png,93202,d5005e2a,41991217319,93191,8,34fa43659fdade8284218479cf23bd81df72b5fdb312c5536dcb888bb739db07
train,progan_train,dog,0_real,dog/0_real/01640.png,72405,d2eaccdb,40641902213,71658,8,c9a5fbe07c1b06ba3bf5d06eb5fd356314b99be358cccca1e8bbb44f39af717e
train,progan_train,dog,0_real,dog/0_real/01804.png,104338,48df39ea,40732861003,104058,8,07131b1416495db7d10a4dd838e2ef3bc70feca41b6c1e13cef3cef2911c09ab
train,progan_train,dog,0_real,dog/0_real/01912.png,118202,12894116,40983025789,117815,8,885345b5f8bcfdd152921ba81dd0eff3cdeb128636aaf3de5b41c24ef0b77a5b
train,progan_train,dog,0_real,dog/0_real/02328.png,106835,66557baf,41402433620,106458,8,669e320d0106515daae9132f154aad86df0667b7e0eba17746d1ae6c3dbd232c
train,progan_train,dog,0_real,dog/0_real/02385.png,101901,f55e51bb,41216191562,101921,8,3158a881a5814d9b2f83bea8aec80ebe16c4b7c4fa46fb73f025355546dc7fc7
train,progan_train,dog,0_real,dog/0_real/02479.png,97527,662a95d9,40955048258,97533,8,0dfa62bc894977092963f727594c4f95963e1f0939918bf8fea3dfab2912b4cc
train,progan_train,dog,0_real,dog/0_real/02513.png,69602,caa0c054,41398606228,69559,8,d36c1a73fdd2cfc8a27d0b7884aad465f07536bc553917fbd3561116b1f85dff
train,progan_train,dog,0_real,dog/0_real/02708.png,155745,5df42c27,41866469706,155530,8,44e986406502eab06f3258915b86eda589c63707aa9699323a8a5bcfbcb6efa6
train,progan_train,dog,0_real,dog/0_real/03395.png,92783,e6cf0f7c,41896602969,92778,8,d86ec537d8d55484e86e7b621e86936b2d9d6b16454b6d8ccf66c22c8c4ba861
train,progan_train,dog,0_real,dog/0_real/03419.png,104471,e0a9ef23,41351457695,104402,8,b5df6ed1c45f998af7a91ff715bf91877fccf74cd59d8db2ffa8132bd6c665cc
train,progan_train,dog,0_real,dog/0_real/03543.png,92745,67fe0e8a,41707414966,92707,8,deb3efd2153bfad0fb3134c644da22220e66c2b221e16013e867aa10415fc529
train,progan_train,dog,0_real,dog/0_real/03583.png,95627,e08db99c,40445914704,95579,8,02b0a8a0fbdb355c54c246d3542f32d648996b1cb341baf687c3e6b61ed2ecad
train,progan_train,dog,0_real,dog/0_real/03796.png,79763,a72a89b3,40417759395,79778,8,432239c7da7f37bb6d4f6bd3bd5de003504079d30a19fbe65421e2efd690aefc
train,progan_train,dog,0_real,dog/0_real/04238.png,83906,702b0ebe,41911211645,83823,8,7dfe54111e53e6ec424aa47f6c5359ff352f9cb7dedb9d3a976fcff1703b6ad4
train,progan_train,dog,0_real,dog/0_real/04356.png,97470,5c8bcfca,41132889013,97398,8,fda7f84d46f6b2747a406048ca3cf3e437380ab030166776d7189d27365e5299
train,progan_train,dog,0_real,dog/0_real/04495.png,79162,69c37969,41438268863,78398,8,8666191e089264128440c28f91cd34974b554719eff3db3fcb03394bb3b4bebb
train,progan_train,dog,0_real,dog/0_real/04548.png,118110,4c15c4d5,41793053118,118058,8,1a796e30a8b69c5efb854533a904a82ae9dfefceb7a8eb2d9b2b06602ca8cda3
train,progan_train,dog,0_real,dog/0_real/04901.png,127408,27c7c659,40615102914,127184,8,8e37091a9e94b075e3ca14869f01bbf77e7312f21f55afa54134c6e2e5ce05f9
train,progan_train,dog,0_real,dog/0_real/05178.png,107629,8259f05d,40936706711,107335,8,712497832777b87c95029ddbb21aaeb056b212a8a2df9e40d4a34dac6a5b1b68
train,progan_train,dog,0_real,dog/0_real/05264.png,157809,09eb3999,40724135826,157772,8,4e5e90c6b5ee853b24ecdeb05e460da0e157dec63fc4a34f0522b568b060d29e
train,progan_train,dog,0_real,dog/0_real/05340.png,127309,673f8a18,41570057954,126905,8,f8ac3d72e012f054bf3ab91ab802a5a152ba03be0019765a4b9eeda7712c9c4b
train,progan_train,dog,0_real,dog/0_real/05582.png,97665,ba157b9a,41403362293,97464,8,ec0ba7963be160bf1e1ad44589b0d442251c7209cdbb50231b17760f5da314ce
train,progan_train,dog,0_real,dog/0_real/05674.png,134946,343824ea,42072209375,134948,8,63e1d3cbb281aecd9a3c83cff1850cae40178bfdc143ac19c725b4c61c1dcd6c
train,progan_train,dog,0_real,dog/0_real/06033.png,113632,6744f2d6,40880384708,113293,8,44c713a510dc45a4456e9224df238107d89912612e3469122c40ac05104907d7
train,progan_train,dog,0_real,dog/0_real/06400.png,57919,55fa8108,40453627864,57836,8,3c6ff92e83492524106a50690f9e9a9a1eddb0efb6e439e340672b264718e74a
train,progan_train,dog,0_real,dog/0_real/06422.png,99884,bcf9b45a,40738206002,99889,8,716d6a9ec13f538f35045f5a90671e4661fcc5681189012cca8bcb2a2e5ed806
train,progan_train,dog,0_real,dog/0_real/06538.png,140840,45780783,41518401073,140140,8,9407224e4fdf3f99df5861eb9165e5f3dfc5c9d4979c52c695abfed60e8fadcc
train,progan_train,dog,0_real,dog/0_real/06627.png,122819,98a9dc07,40506682137,122594,8,27d38ed62d35f5463fead48ef4015d310c2f616d10565f0590c089425d2447c4
train,progan_train,dog,0_real,dog/0_real/06680.png,140778,c43084bd,41865504266,140411,8,9f574a6ee41713de8e79232967b496553653445c0ed679f0a5f5c4e13cbd2059
train,progan_train,dog,0_real,dog/0_real/06708.png,73673,17f7e04a,40534316440,73688,8,f759328c554ad79d7e1c8332f0082e48db98e858a18755cc99db8a0b86cdfad6
train,progan_train,dog,0_real,dog/0_real/07178.png,81167,a3826930,40686960133,81178,8,0e59b163b3fe955f1b9c084f85a6fcaf9f667c35636e02f7a91c6ab0706869dc
train,progan_train,dog,0_real,dog/0_real/07424.png,120365,5eb78d12,40875037545,119400,8,5f4a412a025675335df76c5b36b48fa48acc83f27a1d55fd3d7858ed49dfd07a
train,progan_train,dog,0_real,dog/0_real/07584.png,102815,dfef0bc0,40899165613,102510,8,b84b61f4c9f50f4cebf98b7dff8a2ef894ca4da3c28624d1351c34e4373e6eef
train,progan_train,dog,0_real,dog/0_real/09034.png,111130,e20d77eb,40499594624,110893,8,4e96deccb661a2d6afe38f48270d81e01ea96770a09b768de3f59360a3934ba6
train,progan_train,dog,0_real,dog/0_real/09117.png,103246,9dd7278f,41560940830,103081,8,76aeeaa6a4b6886edd234b8d3a4820355762717624fe594a7c3e9e2b17fcd43d
train,progan_train,dog,0_real,dog/0_real/09382.png,75766,215a1b99,40635671181,75769,8,8b7a39d3305a65220b58a8b929619cfdab4a50d769e2740b92e217e7270d6dd6
train,progan_train,dog,0_real,dog/0_real/09884.png,112419,ea0b5d7c,42004156083,112369,8,c5670aad30d034aa73de5c1843a6ab0f6abaa52d4f36e89fcb37adb6fec3dfa1
train,progan_train,dog,0_real,dog/0_real/10087.png,134512,d5fa2d72,41188871869,134143,8,f57605bf410ae98a6e580517aeb138f55677355173f9b20f310bab4ad91474d6
train,progan_train,dog,0_real,dog/0_real/10963.png,127434,2e3ee68c,41082770533,126797,8,4f0903402fce29024fc3427e9b73bf077daef50bc191891a85af999e8b81cd1c
train,progan_train,dog,0_real,dog/0_real/11338.png,96291,c686eccd,40731908745,96196,8,045c251d9c56298186dc4220401594f40380a8dd00fe988f26b8d225648ba360
train,progan_train,dog,0_real,dog/0_real/11422.png,119397,7f95ea66,41936511853,119041,8,93213b899024e7704327c751af5cd7c40468bf9c92c7517090e1552a6906f22e
train,progan_train,dog,0_real,dog/0_real/11438.png,96168,4fb46078,41115137841,96173,8,7bc8fe13b90f760c2dee62785dfdaccad7eb60be28d261611a75e3c5f545ca2e
train,progan_train,dog,0_real,dog/0_real/11598.png,102220,a2dff596,40456768269,102067,8,084935f32a7912a916ef8d98fdb457113163c1814434f08776980d08fbe899a1
train,progan_train,dog,0_real,dog/0_real/11668.png,82751,cf9ba6fc,40571565769,82684,8,e6e9c1d73a81804fb24c2a8d9eb45e0423b5d00af56bcfc66295c4db41b7f740
train,progan_train,dog,0_real,dog/0_real/11727.png,109075,ba520914,41257318706,108862,8,14db687bc42deab52d3b2c00a655642e487a097ac0e0b121d2a0ae7b4f965b0c
train,progan_train,dog,0_real,dog/0_real/11897.png,133211,4c4e8b60,42002250674,132193,8,5c0e566cc407fbd14d48ae42803d1450dca34f9cfaa4d767e26531f70f841e10
train,progan_train,dog,0_real,dog/0_real/12404.png,105783,50e70be2,40704971840,105579,8,d2be14bc4038bd092176086953cb7947917e5410f1524c6a8b58314714cf3ba1
train,progan_train,dog,0_real,dog/0_real/12689.png,159934,977e0ea6,42078028450,159720,8,8cbbe0d12dce6095cfde2e334412e2a65e603089c650ec85dfc1ea6efa4fdf78
train,progan_train,dog,0_real,dog/0_real/12706.png,86634,c645b864,41434451905,86649,8,60cc8acb80e9e30bc7553988e984e7e33b5be33d86e7da32a21bc89dbc3bb57c
train,progan_train,dog,0_real,dog/0_real/12837.png,78352,19b37bc5,40447948646,78353,8,ae1f4b5e75ebe47ffc5bcae759423669b6f1ae11a4964c2aef71b3df68356d86
train,progan_train,dog,0_real,dog/0_real/12872.png,137260,d2a740d6,41701184669,136792,8,aab79f440ed82a7d1109fb8cb700c6fb021c04f09fa5bc44593a8d2a1dfdcb81
train,progan_train,dog,0_real,dog/0_real/12900.png,145151,7a230c32,41311395271,145151,8,fa634d93846d7748f2ab10097d9009064d606a5f7ba1054e065387c4c0e5065d
train,progan_train,dog,0_real,dog/0_real/13203.png,68324,9b5a190e,41396054866,68310,8,becda25fd54f3e73cf95bfece968490e68c9412998bd540e3a3413a046a96f50
train,progan_train,dog,0_real,dog/0_real/13314.png,139183,7dcd45fb,40997804931,137679,8,c6233705fae8d00957ba9deff40b1d3f1bdbfb7e6547c8661b0e1f82e2f45ece
train,progan_train,dog,0_real,dog/0_real/13339.png,112217,ec36a99b,41065844262,111632,8,0f05c38cc5f52d63068785f8fef5f6a4626e97f039ee898fdcd0133b72f2e963
train,progan_train,dog,0_real,dog/0_real/13512.png,104820,33e53333,41245974356,104791,8,e5c5f60ffcc3d784d741ae3bc2f41e8cf5248549dccecab907876ad95d3572b1
train,progan_train,dog,0_real,dog/0_real/13857.png,113181,e5bbf496,40215271521,113168,8,ff964938f749d6268fbbeaa4fd618e6b59a289b94629cd58ff5c3a8cb6f00eb4
train,progan_train,dog,0_real,dog/0_real/13917.png,93029,cf7a7408,41249975015,93014,8,1aa7e47030919e74f5c7771da20a0b39974074792e1acadae80cf98051385826
train,progan_train,dog,0_real,dog/0_real/14190.png,75675,e28faa1d,41202114209,75434,8,caf0e39accaefe74b664542c06491cbf913db14d091b5eae907340a32a4b1c15
train,progan_train,dog,0_real,dog/0_real/14197.png,82800,200d0c51,41805157614,82137,8,d2eb15afb818eb561321d0ca01887bb60bb2de9d65d975a07f3d731067482077
train,progan_train,dog,0_real,dog/0_real/14305.png,118342,70cd9b1d,41129902059,117636,8,2605e7bdb7f2e6cc329c95dc92d9a88d91a094ebec93bead924cb798ab3d4892
train,progan_train,dog,0_real,dog/0_real/14861.png,106216,aafd7de9,40893026637,106160,8,d9a1e26edf26d952dfdbbe5754be1e92486567ae9c138a49260744498cc8893f
train,progan_train,dog,0_real,dog/0_real/15419.png,145268,750480be,41501302363,144431,8,b37ec11c385b2b5c307b24191c20ea353a7332d4b5ae1ef6885de29afc148be9
train,progan_train,dog,0_real,dog/0_real/15703.png,135451,d3c4d9ad,42102858776,135123,8,87dbbf87b154c90b4620e3238bbbb3f6627065d63068046518d7aedadb4bacae
train,progan_train,dog,0_real,dog/0_real/15705.png,101521,de10249b,40227291548,101395,8,20077aec0d172dd28fba628f970aa5bd403093e82ef35fac430fc38da80d689e
train,progan_train,dog,0_real,dog/0_real/15865.png,101046,28b085af,40830364345,100710,8,721816e510b0f5e6577b136544ccd072f932a4e54e08f6d6ac67445e0d3e3885
train,progan_train,dog,0_real,dog/0_real/15907.png,39890,4869ae6b,42003313495,39714,8,d1a96dfd59ff0bf94847bb6ab9930f6b2c0b31d63223acbaa812d97cf1527bc4
train,progan_train,dog,0_real,dog/0_real/16218.png,101571,cce8205b,41154794766,101375,8,5f0f0d23f20c70c460390d2a3e1dfa618d28a3e4928bb6e4979cb08cf5c1f478
train,progan_train,dog,0_real,dog/0_real/16351.png,112002,28a96049,41499606148,111807,8,0e4d6a1659d6c318625eda142baf6515b431699a5d4fce878330799093a469d9
train,progan_train,dog,0_real,dog/0_real/16427.png,133797,ae1a76a5,40385318089,133197,8,a30328f778d0bf42fa038f19403790761216e9d49e1ff909d39305ac7e5ba21e
train,progan_train,dog,0_real,dog/0_real/16651.png,123773,08feff1f,41484316685,122913,8,17e8fc1e26e00d849a6be5417404d29ead51bd15373b172538532f6e72bd3f35
train,progan_train,dog,0_real,dog/0_real/16677.png,62248,07a6d253,42053090843,62146,8,99f8360adb5ddabbb4ce28efe3801d01863e5fc7c7e6f28903da8934cdb44f18
train,progan_train,dog,0_real,dog/0_real/16923.png,125383,9077641b,42083364369,124786,8,7fe34aeb1b6eff678a5fa19082eddca10189563a9ab8cf0441b9e9c2c447a0f2
train,progan_train,dog,0_real,dog/0_real/17215.png,131904,46cfc9a0,41977883180,131367,8,da70f184a65c56959a64bf1c4b0d3e5344c0fdfb0d966acd92716d039da2ce5e
train,progan_train,dog,0_real,dog/0_real/17380.png,111302,55fa8a10,40354306688,111252,8,9f6d738489509433dad7f7f51f304a0c8631816454ce3399667e266242ba456b
train,progan_train,dog,0_real,dog/0_real/17406.png,115254,8aa0c6ea,41578665557,115230,8,843acb71edb09d2e48c07389ba61b61835c8070933cb3ae3cc7ab1bb363008ee
train,progan_train,dog,0_real,dog/0_real/17534.png,69269,22b0ce50,41428546773,69147,8,f5973783f33ddf245b8fea5465c4575c3278fdf356fa13595d6ed4ab407b5bb9
train,progan_train,dog,0_real,dog/0_real/17817.png,118032,024e09c6,41437436265,118030,8,b11dbf39686abf558b1ed4b9a90d9f333553c576767dff147a345ac9ec53c8ab
train,progan_train,dog,0_real,dog/0_real/17875.png,114821,8cb40c18,42080996762,113615,8,88292fa4955699385a4ba1fedef526a7a8ac7c0346feb3e29e7e4b1a3e34d97f
train,progan_train,dog,0_real,dog/0_real/18190.png,114887,d96da0ce,40981966835,114296,8,bdbfd3f3c601cd737cc8ff2fe84fd7089f0147e5b7afe857b77843570f256c1d
train,progan_train,dog,0_real,dog/0_real/18318.png,98394,d40bf529,41363030294,97955,8,0a58d0693a9f901813b96261e8fe3da4a12e0f735f3a630a76b6439fce640cdc
train,progan_train,dog,0_real,dog/0_real/18532.png,42048,8308d7e4,41567092014,41903,8,d922d5005042e312617d596a532b4a9923defc894cc3d201b7fc8239159ef3a7
train,progan_train,dog,0_real,dog/0_real/18620.png,101262,a1fdcd6d,40752990128,101112,8,dd30277580e0b80a7661c2a07d1c7c3acd9b558871ce45b5d347506af63597c8
train,progan_train,dog,0_real,dog/0_real/18930.png,51933,bc3ddc0e,40758057839,51916,8,178ac9acce82c7261fee3f1a4e094327ae392937f8559118149de3c9be4b09de
train,progan_train,dog,0_real,dog/0_real/19072.png,115312,ef11fe78,40588027290,115164,8,095736c237e4d94e0de8eabc1944a9fa4019b98bbe2655a780ac203068687728
train,progan_train,dog,0_real,dog/0_real/19078.png,98463,29b3529c,40495098232,98361,8,3dc2e08c34adf25d7d167452b430e5d43c2456e558320b85dcef5ff05a592255
train,progan_train,dog,0_real,dog/0_real/19387.png,147165,c3759ec8,41382164269,147143,8,f3553f4a8d47a013c0e3aac064837b192a42970f873995f4ea2542ceb2c613d8
train,progan_train,dog,0_real,dog/0_real/19526.png,132399,8a4568b4,41388954294,131937,8,2165e952abee0fad94d6018894dbfd689a635eda87cb629f31eea0fb890f599e
train,progan_train,dog,0_real,dog/0_real/19765.png,110563,7d220406,40416981131,110559,8,af7feb67f5ef061975f6784821f0c51748013fd804fd5a3b317aae8b1a9e80bc
train,progan_train,dog,0_real,dog/0_real/19883.png,97757,56e4ec7d,41683108599,97554,8,1300b76e5ba9f6a5d9b30768f71292ad3de2e54fdcc4ec94f6a6fca357caff39
train,progan_train,dog,0_real,dog/0_real/19945.png,107343,d40bf116,40367768252,106884,8,c2160687970fb7777a8afafb8467b3448e615a34c8cc996556696a46b954496b
train,progan_train,dog,0_real,dog/0_real/19954.png,80818,e2b80dc5,41540691222,80789,8,0d3612da470d40be02d997787dbd3afd2e60dd32833bb69e0f6f3a042c257e31
train,progan_train,dog,1_fake,dog/1_fake/00602.png,149445,6dec9902,42810882516,148681,8,e2fd8d3f869a83b6fc3d68aabf50dd475706fddd0e5ddef999eaa15f6fd267be
train,progan_train,dog,1_fake,dog/1_fake/00802.png,117156,2b0fc99c,43392623090,117107,8,0a4f96a799775d2987569ea82e4955dd62d1bf706976dfb01200a0f85f19b0b9
train,progan_train,dog,1_fake,dog/1_fake/00967.png,91640,e3d3c5a1,43804598651,91528,8,4f3624ce2f536503ddc8ea49d90b8e69b08173dc16499e4746b903fe380d9075
train,progan_train,dog,1_fake,dog/1_fake/01410.png,99855,13965355,43087182436,99799,8,0dc82ea9161df0ffc975f331f13b3f463c1d0b4a92d36ef847a89c5e2f9d4cb6
train,progan_train,dog,1_fake,dog/1_fake/01413.png,113997,a1c976d4,43041922230,113991,8,d3c9cf0491c5a57e9c6d8b37f4ce616b20dd13ef77fc2cfbd340faa5c0e39c61
train,progan_train,dog,1_fake,dog/1_fake/01467.png,112600,0b11d46b,42429728706,112602,8,5ae8af9e0ab833b8ea21992119d6f465ebfdc48da71f0a786e48a2c4b582b835
train,progan_train,dog,1_fake,dog/1_fake/01477.png,104498,d1fac526,42970447577,104202,8,78a9d70ef1692aecf01c7ccf066b5b518906e190288c6cd126381c6d44b36059
train,progan_train,dog,1_fake,dog/1_fake/01950.png,97678,4e7e3a7c,42842043677,97506,8,e811ebe4a0d2d9c4661fc15309092fb6f8bdedf39b141fabfc986a2f62e1e509
train,progan_train,dog,1_fake,dog/1_fake/02123.png,86677,9728099d,43113260585,86574,8,7e43a0e5c1c7e0f296e0ab0c54fb4f3a28767a09e72c3b004ecca62dd96be889
train,progan_train,dog,1_fake,dog/1_fake/02134.png,113405,9eabb999,43342962865,113420,8,5ca5f6fbb1f3f0e83db508c2762d27a0a2a3975ab3e43f8af8c224d5e1f4bb94
train,progan_train,dog,1_fake,dog/1_fake/02223.png,101790,e30fbc88,43933199896,101737,8,d0162ecc3312805cac837465fdcdf200952c6872ddf6696fd6513eaca4c8d09e
train,progan_train,dog,1_fake,dog/1_fake/02378.png,116972,051520c2,43276059856,116939,8,90ea29479014c3dc34abab970b75b42dae3126464aba3c2dbe94d15268c4812c
train,progan_train,dog,1_fake,dog/1_fake/02584.png,115004,155834da,44036533572,114935,8,e4e72eb4f2068457321d81947f253f533fda9e24a4acf38b0f1a448448e7fae4
train,progan_train,dog,1_fake,dog/1_fake/02696.png,105832,f3ff0fb7,42825502415,105814,8,3d98c161214abca903984cd941b11948c0f5f32ceb398cb55c41defcb8887c31
train,progan_train,dog,1_fake,dog/1_fake/02751.png,90706,19587f6c,42535143897,90564,8,339f4fbe60246ed073e09b1e73b409fc65965a7a3ca19cd74ca7c9b37f373c4d
train,progan_train,dog,1_fake,dog/1_fake/03113.png,119658,a7e385ce,43816302621,119546,8,3388ae5372753476284073886c1c6db99b9388fe5680d68cbd6f452680d0da61
train,progan_train,dog,1_fake,dog/1_fake/03477.png,163036,71ef9d79,43790838444,162949,8,e9e917c45290d50f6af7a273ae47fc2085650ce506a7a0e3e869d5eb7b3a1b22
train,progan_train,dog,1_fake,dog/1_fake/03503.png,105219,398b0ea2,42927472738,104928,8,18c4c3ff6a028704ba952a675c56df6383660f7e2a5b27468edce7cdade5bbea
train,progan_train,dog,1_fake,dog/1_fake/03952.png,97317,4b535251,43715454248,97193,8,d6e995b8170211801003baeaf030ccbec6616ae15f7227a82b899d0a0813a492
train,progan_train,dog,1_fake,dog/1_fake/03956.png,114162,221c7d64,43809968212,114135,8,843763f2cb3b631a38bb5e4b614ae9c534b27d7a72c39521b63f5ccce4e9929f
train,progan_train,dog,1_fake,dog/1_fake/04066.png,144497,d69ef2bc,42873962809,144136,8,d14aa1571a8075de31a32ba10ae1adbbafc7979637ab15048a314a2c2ae31d2b
train,progan_train,dog,1_fake,dog/1_fake/04898.png,106862,0808b0d7,43092668225,106666,8,31fc0f611f2e019dce5d20bdd06ffd02350c2eb3be78f0dcb7ddbe8eada9ae63
train,progan_train,dog,1_fake,dog/1_fake/05064.png,90757,b96e2250,42615134002,90770,8,f5aaf1a827f8f6cdad7be2562932ff2d4b0074dbe75f3c00496bd9418704056c
train,progan_train,dog,1_fake,dog/1_fake/05151.png,107182,9cf45cca,43614562140,107165,8,a6923e79862953ac9f74e51f5d1ddb0ef0cec8dc219effff61e7386874fddd04
train,progan_train,dog,1_fake,dog/1_fake/05341.png,127310,84677cca,42566632439,126906,8,1f8c2c8e5de2e17e970e97295bac6de3e9e85dbfc14d379fa81b505950eb43bc
train,progan_train,dog,1_fake,dog/1_fake/05822.png,108619,f9810120,43563819571,108394,8,279378c2c1a92cb1e85f7b99968b700923d82d033f99cb59acbf18b743efa53b
train,progan_train,dog,1_fake,dog/1_fake/06305.png,114906,ef61154b,42703335969,114387,8,95a5bea8edec0633a9e620820bacbfb282429904eb12be2c7d958b939f0b9310
train,progan_train,dog,1_fake,dog/1_fake/06313.png,107694,e99c1883,43122798180,107555,8,b526febf697a107b8090920c6232750126e32cdc93454ccf7408619a37a15122
train,progan_train,dog,1_fake,dog/1_fake/06363.png,123895,d9043ae4,43111404330,123910,8,47b54b72f3fc47afef0a9bfd3ef9cc344be739909c4fa52674da5cb461457b96
train,progan_train,dog,1_fake,dog/1_fake/06712.png,113660,b969e89a,43921558381,113668,8,53a9ace0561718d35faba3131f4f19b37abb6ddace80f28a2548a449eca872ae
train,progan_train,dog,1_fake,dog/1_fake/06807.png,131075,f11aa5da,42912323555,130634,8,3dcd6bbbdb172f200b6fc89c7c7c8d564535033f49baa2ad611c5d4203ec1cda
train,progan_train,dog,1_fake,dog/1_fake/07316.png,111984,f517afda,43839563227,111619,8,3d006b87151119f7dbf921eff2223456c23ab4789d82685d67152dd67d35467b
train,progan_train,dog,1_fake,dog/1_fake/07567.png,98870,c3d91d8b,42519558993,98862,8,d357ae9ef080adfd976b6c509916ed32db666c02919b410105ac3042d76b177f
train,progan_train,dog,1_fake,dog/1_fake/07669.png,105154,7e7bc14d,42409681139,105162,8,d30752c4947adec82e0157fda8fb0f905c190bf898a4d7def078b49df1f50aa5
train,progan_train,dog,1_fake,dog/1_fake/07818.png,99691,232959fa,42175816089,99391,8,1a17b14e2411fea97753adefbd7149e4028607fe474ec73cc1f14f49634cbf74
train,progan_train,dog,1_fake,dog/1_fake/07875.png,107892,1de06c2f,44074088876,107780,8,778c3d38e26a6872d4630a6a7c7e0aa8d567eaf3e3bd8b9b166bd36b23576f86
train,progan_train,dog,1_fake,dog/1_fake/08333.png,109361,327153e9,43595973593,109339,8,e51e4957360e8fe333bc30ae8958d48ea1f1b7b936fd5418e0d55cfe32b31621
train,progan_train,dog,1_fake,dog/1_fake/08336.png,95440,23ca83a2,43300674174,95314,8,d36ad61979af66028c62fb4517e4c4aefe7eed23add8bbaf681a063bbb090604
train,progan_train,dog,1_fake,dog/1_fake/08345.png,127598,e21f43ed,43058698077,127542,8,be3635f7589e622b07393c5c10f67918dcb4241356f1376123fd5342388ef1ca
train,progan_train,dog,1_fake,dog/1_fake/08671.png,154718,31eff8f4,43543845591,154683,8,4eb9e42f87d058bef92780d210dffc1ff490846213206ee42b8cd05937a1c463
train,progan_train,dog,1_fake,dog/1_fake/08879.png,90705,64180f0f,43723041456,90683,8,e1f7406beab315cb3e5e6fc4b854a63a4522afba0d006ac998e86313a97147a7
train,progan_train,dog,1_fake,dog/1_fake/08882.png,117984,56752268,43630422445,118002,8,233a4aba62f989842ed9529eef3a13989d30838b0cbb13b30bae4c6a221b6438
train,progan_train,dog,1_fake,dog/1_fake/09107.png,138379,d262800f,42496870461,138372,8,133cecf1a62ff4037bf363a1c287a8f694c3ce1d2e23189d07fb55fa4bb8bf73
train,progan_train,dog,1_fake,dog/1_fake/09696.png,140263,c0a3f219,42863058544,140035,8,8ec653a263b08cb8779d3a19d8f853cf45037e07c6f17e249e410169eefa4087
train,progan_train,dog,1_fake,dog/1_fake/09965.png,112982,d56d6758,43103820737,112624,8,3c896349883d7a4c3d8b03bf54200cf9a35638fbd1e00cd1ddb7c3134af6d750
train,progan_train,dog,1_fake,dog/1_fake/10511.png,110503,e2bd3a5f,43686443655,109958,8,d10f84de57223e299ec8398b05bc5bc545e157cde7912d2e899a052516b52c2f
train,progan_train,dog,1_fake,dog/1_fake/11248.png,125835,78d9b8c4,43058572837,125162,8,cb380b0c0a68879fea932440c2dfdba75db6012d88d5474cd2f6cc9b0ed83fd6
train,progan_train,dog,1_fake,dog/1_fake/11272.png,92701,dca4cf77,44110895202,92545,8,2390475fde7d628ea547617cb4c3721464331002116da75b11a6a58d0d510c35
train,progan_train,dog,1_fake,dog/1_fake/11383.png,117564,4bc1d3a1,44087037517,117173,8,d6cf1c35c405cebfeeb58cf85264b8b8ab3b9839bfd66c80ca1fd5db449226e5
train,progan_train,dog,1_fake,dog/1_fake/11476.png,79072,e5692042,42414743006,78993,8,754004e411c14b4081ca4b26a336b19efeacbb8699a20dfbb98180cc95fd3c3f
train,progan_train,dog,1_fake,dog/1_fake/11581.png,83983,7edb7d84,42149758846,83950,8,5d1254dcb463fdab3d4eaf850748c7cb5b749ef1f15a52dc3fa4da8c4cc4356b
train,progan_train,dog,1_fake,dog/1_fake/11816.png,139560,8d1a9f79,42474216201,139496,8,8e44c21abf7d1a1b4de4dbc1fd37f98b091a3cdb3432b1c4a2f17db18e96bafa
train,progan_train,dog,1_fake,dog/1_fake/11980.png,93703,56b72b4b,44036024888,93508,8,61cbec63d49da585c89c2ac64c4ae9037047eb01be03ebc249abe23cde6c56c4
train,progan_train,dog,1_fake,dog/1_fake/12215.png,74018,926b8fed,43086922390,74033,8,18ed135e2df9339c7919d1876e377f7c809af3f31a8033483d71d4ae3d26fd09
train,progan_train,dog,1_fake,dog/1_fake/12295.png,54866,3dc821cc,42910082719,54864,8,99a105f275582ee88b0a9c20d7dc06ca3010252706a1003adf077bb509dec65a
train,progan_train,dog,1_fake,dog/1_fake/12311.png,117208,cc318c43,42865469648,116884,8,c33e9ba106277d134ef0f1663adcecb84606f2546d79fca808e39bf762f38b55
train,progan_train,dog,1_fake,dog/1_fake/12360.png,127803,811ccf9b,43436912064,127601,8,026ab7688d105971344e3eaa3e41db79ef8c39a0a4951edba79ff627b2cc5123
train,progan_train,dog,1_fake,dog/1_fake/12389.png,120509,d61cce0d,42695715840,120472,8,aad75731fdd513cba713d5e9aa7fb2d53b006992313df29181ba2798ba2a1f59
train,progan_train,dog,1_fake,dog/1_fake/12529.png,97185,1588ddcc,42941912242,97044,8,0eee18cc4c2e58b1853527273dd7f416224c1bd8954cb06f888d83f76081bcb2
train,progan_train,dog,1_fake,dog/1_fake/12838.png,97795,8c98fc83,44118745299,97689,8,36c506565e4d193ea52d028605dde0a0cc86d0a33ea41dc5e1ac5f6bb9be90bd
train,progan_train,dog,1_fake,dog/1_fake/13055.png,138393,b26fe4c0,42934624795,138263,8,fa8cbf8d0ee942daec6031a853045e3422b5462bda4bb969650428300533073b
train,progan_train,dog,1_fake,dog/1_fake/13373.png,106295,e4808f60,43229630727,106272,8,2199c8bc47d62373f21bd7e8d13c39c98706a59465888aed439a0103e8d22138
train,progan_train,dog,1_fake,dog/1_fake/13690.png,114714,ad06d36d,42842271893,114461,8,a5c08da8915ad975dc29b5f73da03d9de6487d15fa76cc5d703420cdf3f6db6c
train,progan_train,dog,1_fake,dog/1_fake/13741.png,112232,ac8300c7,44056400215,112122,8,3d4887bbd9e8b22e5abee84fe4ab6ef5059c3d8ebbc2f2a4474b20ebdf830f46
train,progan_train,dog,1_fake,dog/1_fake/13784.png,99691,a9ec7cba,43184672312,99689,8,4fd3cc5fce8e3d1cdf029f1f708e05067576d514a367769477a2e9fd1601baef
train,progan_train,dog,1_fake,dog/1_fake/13863.png,117393,3a151915,43847451138,117118,8,e4d462954af610a2d03ab160df06f0c223f3588a159d88d5b8507aef42829979
train,progan_train,dog,1_fake,dog/1_fake/14150.png,147376,b4807d96,43490104375,147352,8,ba02aa87e31eecaeddbcf9fd8b875b6abee78165c69a015a708d8b601f942be7
train,progan_train,dog,1_fake,dog/1_fake/14300.png,99520,c86439b7,43348547181,99277,8,747a1accd4910fd577caf687194acf1ca3923180e718ccb69a208719d68222d6
train,progan_train,dog,1_fake,dog/1_fake/14416.png,152860,34d8b566,42515255359,152678,8,afdf7f43aea84ddb96d882ce3ce0754707d6457a26a221ae00ee6215a05b8712
train,progan_train,dog,1_fake,dog/1_fake/15003.png,118096,e00d7729,43144019908,118081,8,368f61a7c6e29848b608f857cf1ee748562582104743629f9c0ca1fcf4cbd985
train,progan_train,dog,1_fake,dog/1_fake/15082.png,103099,3fd62008,43921672127,103080,8,b1a5400099c5c47812211b52b930bb246729be91d8198c51484a964e1cb9ad28
train,progan_train,dog,1_fake,dog/1_fake/15398.png,103485,06fc4825,42802140259,103304,8,144f9be7cddbbc1e64352a40046fefddcca7fe59c097e67743ff5ef31b160a83
train,progan_train,dog,1_fake,dog/1_fake/15420.png,97011,33b3f6cf,42281338441,96835,8,854502381b85cdcf7315897c432c9507cd59a9a179018c7884e2e2da9194229a
train,progan_train,dog,1_fake,dog/1_fake/15481.png,101375,c68c162c,43579853716,101339,8,aac233f99d1d1a01c4138213047e1ce01182a6be98623c2081585ffa38c12c48
train,progan_train,dog,1_fake,dog/1_fake/15862.png,151336,b449dd68,42726911795,151226,8,8345a4147edaabae1df0d39b0633ed14d744da4a0a277083593bf6c3a29fc5e4
train,progan_train,dog,1_fake,dog/1_fake/15877.png,126083,5fcfb959,43501438501,125829,8,36dc1dbc7e187d9b685004d165b66331e9554ad0e0f5fc4c18d84804a33e4c73
train,progan_train,dog,1_fake,dog/1_fake/15881.png,90120,c3c0069e,42843231846,90135,8,51f01b6125fa7c728a9824984cbaf8c7406582f89940448349a38c29c5eec913
train,progan_train,dog,1_fake,dog/1_fake/16036.png,114215,6a1e9412,42162760226,114100,8,d20bbd4eb1411403cddc34141316bae5a8ebdd656bd9546b7b28aa14dd14b82b
train,progan_train,dog,1_fake,dog/1_fake/16133.png,130235,c2a78397,42338637634,130188,8,7f5737f948f3f2946553678305414f170c9ffd1069bffc5eaa4dbff1f632f7c8
train,progan_train,dog,1_fake,dog/1_fake/16147.png,127911,4355b288,42680131916,127451,8,c5e139e93078a39488ebf65fc24b4ef246c792a499f4ee5e886ae6af4057a50d
train,progan_train,dog,1_fake,dog/1_fake/16153.png,101062,ed88ec72,43557919515,100957,8,1bbb7dda6b168308fe27f2f64dd69097cdb94d35e91d790526e6a7e82fdede58
train,progan_train,dog,1_fake,dog/1_fake/16173.png,83104,7df80003,44040903619,82997,8,9ca4dd8fb1ae0c2163734d8e7bcaeede110f6d4267f0ceb2e9e53510a05d2ef8
train,progan_train,dog,1_fake,dog/1_fake/16402.png,91505,1b2021e0,44034209989,91010,8,d2c889319f0dc07bfd86e23ffa014c8244bc6cba67fa80354f22ec746a45694f
train,progan_train,dog,1_fake,dog/1_fake/16703.png,147674,530a6c2c,43516357909,147542,8,4dea7ba9f29060c5e65196cee38f8a69bd3ed52980e8e2be28bfd4fe493310bb
train,progan_train,dog,1_fake,dog/1_fake/16989.png,114555,f58ae2eb,43258302315,114356,8,3ca0d01d528ab8b2c3dd76114c3590eadb88c9d332837cd3309ed94202bf97c8
train,progan_train,dog,1_fake,dog/1_fake/17029.png,117206,5e91550a,42252762269,117030,8,3040492149bf19cf73e8ed97b35486d06354ca155b20a92e888c08a495270716
train,progan_train,dog,1_fake,dog/1_fake/18028.png,103119,5a55758e,43019765160,102999,8,448b01739d729fa4a6f36c02c4c0ba8fc84c5655b5b5ef872f6879069b1c02d1
train,progan_train,dog,1_fake,dog/1_fake/18240.png,83644,85c890bd,42356409012,83659,8,1764707f67a58a31f1ef6c31f81bf46ab5b27ac4817c07df97f813073d4ca0d6
train,progan_train,dog,1_fake,dog/1_fake/18333.png,97963,95f380e5,43695570608,97938,8,be7f2a0bda16cb27571f895b93b200b32effee8aa57640c15d5b6c2a54e5d6fb
train,progan_train,dog,1_fake,dog/1_fake/18516.png,133311,de36c6c5,42334765774,132734,8,2edf39d1105282a1c1c572fd1bb676f7a104b07cc05397e8c6c1975fec0125c4
train,progan_train,dog,1_fake,dog/1_fake/18577.png,103365,38d70405,43122172348,103114,8,69bfefa409c2284a744f66905adf95fee759ce3442f97b2e5b84439a71b795fd
train,progan_train,dog,1_fake,dog/1_fake/18730.png,97606,0cdc77f8,42131461935,97527,8,5810933d93251da8bd9f7d8ddd4c94e63d301f7a843f33515e28968538a2cdd1
train,progan_train,dog,1_fake,dog/1_fake/18772.png,158418,5dd55ab5,42607245916,158424,8,11b7c547ef8ebecf983770214a866ca5c45a80b96f236efb120716061142e1d9
train,progan_train,dog,1_fake,dog/1_fake/18914.png,118113,e306e43e,43259696631,118027,8,65b3d619d34337850dace5c918501596c9322cd145a2ddee641562862cfd9732
train,progan_train,dog,1_fake,dog/1_fake/19255.png,70983,a0d6aa85,42725916648,70981,8,4760ad289711f550c6097e2dab4ce52aa33efa80f06096f37c569d7a326dc4eb
train,progan_train,dog,1_fake,dog/1_fake/19339.png,125841,dfa247d3,43575248930,125690,8,caf9264098e67e6aaba9ba25a4765414eab85c1b9ba55989de6dbb425261f907
train,progan_train,dog,1_fake,dog/1_fake/19592.png,142641,724601a1,43575557486,141856,8,0c06ec0ac06dcbb3b6522c23279139b27230ebbf8bfe41c29560379290db37bb
train,progan_train,dog,1_fake,dog/1_fake/19623.png,104273,fa42d26f,42881249392,104280,8,186ffc875b0f761592d3a48aed192d4dff64cb772615b779f9d53d1d23ba471e
train,progan_train,dog,1_fake,dog/1_fake/19632.png,85273,d4ec128b,43305302736,85212,8,af4b954ba786f6fb9080a5779dec9c0893c9bbf6eed4d6217adb3b344428cd65
train,progan_train,dog,1_fake,dog/1_fake/19945.png,75658,b5e9ec0d,42301002076,75560,8,adaff09308fcf10331ba10ec12a1382194c1f9f0e3485eed39a737faf7c5b7ba
train,progan_train,horse,0_real,horse/0_real/00322.png,116364,865d4c42,45693803915,116294,8,7e874175b33d0ea200d2a8a05064f5eabed379c01d7e0af7735a9d5df1a36d88
train,progan_train,horse,0_real,horse/0_real/00611.png,71711,434f907e,45888573969,71330,8,c84c09c859f6544a559272d5d4287e1ddb2d7e493798c9c01ef92b42cd09b240
train,progan_train,horse,0_real,horse/0_real/00636.png,103911,aa26984a,45778575396,103823,8,b94ddbd7096aae825d6f0ca4ab5a5d8359595e0a818bebb6c22b08b5709b1679
train,progan_train,horse,0_real,horse/0_real/00734.png,116261,1700065f,46056846285,116185,8,78697cd1ee74438897bd4ca3c190e0f32254a2a15449632faf2c53b38a60a888
train,progan_train,horse,0_real,horse/0_real/00986.png,141627,db34269c,46066200829,141652,8,c88b8e6084ca3e2905967e5fdcf9881a0dc5fb67904cb07c22d3f8fdac88fe91
train,progan_train,horse,0_real,horse/0_real/01184.png,112476,8ac8f857,46120805476,112399,8,7ea379a452b6ab7c63e6293102e995de34cc6054411d0b3677bd14f670a599b2
train,progan_train,horse,0_real,horse/0_real/01332.png,108191,06acb3ec,46160662505,107821,8,aa45bdb413bb7235a8b46630790b03918d97333b16ae142a43c57717f9675324
train,progan_train,horse,0_real,horse/0_real/01347.png,116142,677928a8,44704628657,115632,8,a805803116b59c29f1e4149bac37ef5bbf991f4af29dfb226afd886516d5f6df
train,progan_train,horse,0_real,horse/0_real/01422.png,123364,f908c4be,46082370809,123286,8,c1332282c5271d141e86bb6cb0b5f18157d4e3499537fd09ecc00f616c8164eb
train,progan_train,horse,0_real,horse/0_real/01498.png,141177,b178ad83,44500073491,141070,8,560992abae8f56b4f5b1fde1baa7346e4f6e93b5050b7e0bcb1f71b04043ee48
train,progan_train,horse,0_real,horse/0_real/01618.png,149451,72186da8,45392914974,148524,8,351924e872b0091c05a1afa2892854c0c7cada5560db68f46bd8d130f870784f
train,progan_train,horse,0_real,horse/0_real/01648.png,106147,d50779e4,44794396679,106121,8,beb71f147ddaa8394a82bc62d23e5ea1d3463a0142b7bf32ac90b13e55fcbbfd
train,progan_train,horse,0_real,horse/0_real/01650.png,114347,b872339d,45358711081,113800,8,017af16244ab76467f52ecde3b53bd7f51a070051fcfae025b7f9dec768c6279
train,progan_train,horse,0_real,horse/0_real/01749.png,109383,a1cf2602,44298125736,109235,8,421770e14c47892a1d78c2b8d1196859eda6d12a8ad0c7e43a0a85a47d3dfdcc
train,progan_train,horse,0_real,horse/0_real/01882.png,127998,bd7c130c,44760257137,127987,8,4d5d9ecefc86d48c7bb2b98b8aae0c284a31b706d53cc8c66e9411d2b51a6830
train,progan_train,horse,0_real,horse/0_real/02863.png,113507,c5ee5845,44201079502,113228,8,599e9b2d75e72398f6146a47488396a4cf048e487cb8a29ef7964db47727ce7d
train,progan_train,horse,0_real,horse/0_real/03142.png,139855,2317a45d,45650604815,139708,8,b427d935beb60bc5ee68e361e7e4bc03f8035668d2ddc96f146e9bf5d0a26469
train,progan_train,horse,0_real,horse/0_real/03212.png,118832,a3c0ec16,45838863739,118471,8,0d80dde832ad2f2ed51dbd850a9fcf0b70f467865d856f46e019534a74ccc55b
train,progan_train,horse,0_real,horse/0_real/03445.png,113769,d97aeda7,44320256514,113683,8,5841cd6445f8b4d2ec0e50b6c74d78a6263f02b9e45cca4410f1fe24b1a5253f
train,progan_train,horse,0_real,horse/0_real/03559.png,86616,6fc8d57b,44360064521,86607,8,4b5d85f94d7a781cc43814cd83daf9059a275f3a51ecdff58f835bf5a544d6d9
train,progan_train,horse,0_real,horse/0_real/03573.png,80053,1ffb9f15,44775527828,79046,8,b7367928e8922d1107a897d950d131987f81501e34db58054e03f52e85074742
train,progan_train,horse,0_real,horse/0_real/03833.png,89683,5459c1f2,44736098073,89698,8,9d9d64475300309f22a423ac9cef7c56cf2848cd42240af07f22011d1abd735a
train,progan_train,horse,0_real,horse/0_real/04104.png,117987,959fbdb8,44724549453,117998,8,414f959565647441cd868411b0ba686dec542c0dd03c3e7be149c8c2a86eeb95
train,progan_train,horse,0_real,horse/0_real/04130.png,144782,c2485407,45820602505,144552,8,1b45e066e264a702ec196c7a6d3f79a23b1d9023d5dc25bf5da868c131e29ec2
train,progan_train,horse,0_real,horse/0_real/04493.png,119878,5f4fdad4,44502907995,119786,8,72667d80be5d51661bb5f650ba4bb166df7e58834d2dd98864b8d382c65f6c97
train,progan_train,horse,0_real,horse/0_real/04743.png,136276,1a5f9656,44384459405,136294,8,be75b086c64882f91158403792d21db9d6509d2c0179ae0c779ae42260b1194e
train,progan_train,horse,0_real,horse/0_real/04884.png,114653,2ad8fc43,45970965322,114620,8,5600886a71d56d6d0067b204117fa1f36ff4e8b3be124d5b2a2bf24f01110caa
train,progan_train,horse,0_real,horse/0_real/05428.png,108892,fefbd74f,45488085185,108912,8,7f627d82b7b6f4a35a80b3adc259529c58f5ce906c308154d6652ed7e196c548
train,progan_train,horse,0_real,horse/0_real/05501.png,141661,dc64ac24,44682594318,141645,8,6f0b8b47f791bbf380a2c725f33d29b02730b75c372a01e8b03d9884050c251c
train,progan_train,horse,0_real,horse/0_real/05576.png,141921,fa51589d,44531621284,141817,8,d62dd053b97c598977c0a654f4d9498e43bb5bb8cd31d9c18cf6a5e6303e9800
train,progan_train,horse,0_real,horse/0_real/05638.png,98851,f0bbff41,45801486460,98646,8,2cd03364d1cb44946c75487f04e1aeae7a71c3b511974f28875314d5f23f5efe
train,progan_train,horse,0_real,horse/0_real/06326.png,143979,bc886bd7,45049904738,143421,8,a06c8aba3c1b283aca9b85511d1d2712fdfbc15d899339b8a788e4eb5eafbaae
train,progan_train,horse,0_real,horse/0_real/06560.png,111801,91782e43,46051674073,111511,8,5b143fe344be46e58abc9b28b7ed885680acf313e7cae9c96ff63b51db991464
train,progan_train,horse,0_real,horse/0_real/06579.png,113103,8babc9f6,45719372655,112898,8,9bbae1c7e2bf5c93feb4fd826952899f5dc46ec748f2b842e7da89d6611c793a
train,progan_train,horse,0_real,horse/0_real/06843.png,110797,aa0b7d48,45997207603,110687,8,2d0a5f3f43ff53a42b629b46d9b05179090da2d8ac677ce29905e935a46b337f
train,progan_train,horse,0_real,horse/0_real/07288.png,101973,d3c57cde,45657643522,101456,8,7848044d6022bcdc3145d3116c1ec1344536cc262da19a418de06c670f2fe460
train,progan_train,horse,0_real,horse/0_real/08023.png,120008,88d34c37,44421538071,119589,8,ff8f309e3803c3c93f81b50b33543ab15b4c3f40f81e80bc0d77ee51a2005a28
train,progan_train,horse,0_real,horse/0_real/08167.png,126826,546f7e04,44301000402,126742,8,10698d9719a6835b7becf8b23a2efc5ad43e8a7a6331e61c7fecd1615164aac9
train,progan_train,horse,0_real,horse/0_real/08233.png,118507,b9068e67,45606156300,118323,8,15c0c94b801dc6a834e52e24d9d875f32a8ae76a119b02f324ce32c9503a6dc8
train,progan_train,horse,0_real,horse/0_real/08288.png,126762,32ec8623,44618965203,126333,8,296f6daf709fafc649bbd408c0a6d0dfe86aa1274494e90ee6d1b4de826d49bd
train,progan_train,horse,0_real,horse/0_real/08351.png,106442,1a20def2,46182753222,103523,8,c3497c6d832ab8a87513a4b806101eefcb75d586844442731eb4aa5feb89bad7
train,progan_train,horse,0_real,horse/0_real/08372.png,141634,a897045a,45526294481,141659,8,9988868b306149b89dbbdf8e3034e68f7d4538966153b65f03b92ac59d5e5eca
train,progan_train,horse,0_real,horse/0_real/08572.png,102777,9e9b0da6,45351296303,102580,8,782fbd77552b0523adfc241b392f471e5d8537c77292905243b305242c5d1fb1
train,progan_train,horse,0_real,horse/0_real/08840.png,81702,b12c1212,45922845313,81705,8,85391d2dd3bd79fb3b40c18d4f6fb17127d0af762e34f03ff7b2ac23fcf8d074
train,progan_train,horse,0_real,horse/0_real/09017.png,106891,9da04433,45678110365,106858,8,35921f1975d7b6f274e1e5335e56b5551a8118e3bd43bb2918d700492015c671
train,progan_train,horse,0_real,horse/0_real/09451.png,126246,e08b4587,45654706034,126230,8,8a82299c4378ccdec5b6862360bf7b9003840afa8bf887c8171cee267c1ffda2
train,progan_train,horse,0_real,horse/0_real/09524.png,84345,32f33c53,44794312760,83839,8,ca31f885cf153a06f084cec85bf442333d5d01d32576c6fec37cc888a2cc35c9
train,progan_train,horse,0_real,horse/0_real/09538.png,120653,3ae9cebd,45404313364,120337,8,d66043ddcaf58df0cdbd5e87ac8bd616a324535ebed5260464e7de04ed400331
train,progan_train,horse,0_real,horse/0_real/09583.png,122002,18258683,46172341309,121493,8,ecf3196fa80fa5ed5f2d8d556bc13ab1787602d9a1405ee15be319ea89eb1f30
train,progan_train,horse,0_real,horse/0_real/09680.png,75498,34734149,45560488278,75195,8,560354ff29dd10cbd7f14d6ff1756505ec1762bea4ffed41a5f3851ea4a440e3
train,progan_train,horse,0_real,horse/0_real/09688.png,119356,3f6c42dd,46007063971,118759,8,fa3a154528afa1de842687b25ae9e5951323c2d51902896533ba5d0adea0dc7e
train,progan_train,horse,0_real,horse/0_real/09694.png,143500,919782c4,44283490513,143511,8,cc900999d0bf20bdd45455767ac5b0a3329b631d7950b3feead0710103ee9006
train,progan_train,horse,0_real,horse/0_real/09787.png,93526,958bae64,45088791672,93378,8,fa6ffc397c876000b8d2aa969fc45f5c13a9642b77fac9fdeb27a4aa8767175b
train,progan_train,horse,0_real,horse/0_real/09877.png,126091,1d18da0b,44176231202,125960,8,aa8a4c286a9c1dfb39772a31b0bee1967d514a949a15543408f564dc09916c25
train,progan_train,horse,0_real,horse/0_real/10188.png,134580,6c784abb,45730793350,134128,8,ccf5a19a7ba300a4f767453e5c0f706d0cf0e9cb4519950993a935579724a7ee
train,progan_train,horse,0_real,horse/0_real/10300.png,117682,115b95a6,45891319250,117543,8,e0fe76b6546013933c3bf1e2aaa629790bef3b2738af4fc8d0952c3f15a8040b
train,progan_train,horse,0_real,horse/0_real/10712.png,131323,4b2d69ac,45581022837,130712,8,2563e5185f19e4437ded47933e7e16c14a39da75298b995f540dca2cfd3098c1
train,progan_train,horse,0_real,horse/0_real/10719.png,114025,06f5c72d,44201669290,113772,8,05d07ae87fa5e733d8e5fdaea0ec4ce16cdd2fec2d7749cfa2a5ac7ac5f7e40d
train,progan_train,horse,0_real,horse/0_real/10858.png,137845,8ad6aef5,44416435534,137736,8,7d6307e42909e6e626f1e8f3eb7862f6647bc098c3a671806505d7133deb13d4
train,progan_train,horse,0_real,horse/0_real/11001.png,80708,eb9fc002,44392701717,80476,8,81029c420bc65633d24ce2ee7de6f2c1feb25827eff86f52891af0e43be70c06
train,progan_train,horse,0_real,horse/0_real/12288.png,97717,539e97f8,45298857774,97522,8,0d378716fc2f03aa176f077837c7e98ecba064c264e4846cd340788a0a95a705
train,progan_train,horse,0_real,horse/0_real/12340.png,93395,49d44bc8,44651941566,93396,8,0fe558906e6e93369eb37ca1801db2a0257150cc390a5e6e341190d9407dc0f6
train,progan_train,horse,0_real,horse/0_real/12497.png,105898,6e23c520,44954381925,105799,8,f176c2d26106ff2cf27c77ed10b76de17de7225231eb712716280798eb031feb
train,progan_train,horse,0_real,horse/0_real/12500.png,124298,b5ab1b1a,45997318370,123736,8,356731e594864b8a4dbe3664228ea5232851aca6d9f044a5895597dda17db42d
train,progan_train,horse,0_real,horse/0_real/12566.png,133642,1d076049,45551266705,133221,8,c2d5620ba5c2d9a4821b8462eed005d86aef7beb9777d593a5cf61a7abc8f6fa
train,progan_train,horse,0_real,horse/0_real/12604.png,101164,feacac4a,45381259397,100798,8,f345f2c8ecedb2f7912918c89edd8a8d80e694b620f2b7ce4e94f6e5d5a328cd
train,progan_train,horse,0_real,horse/0_real/12702.png,116631,2f3c184f,45353376413,116480,8,8704c92a0a7b852de00bb0cd08141df80b7713e6d754333d3329e2ad57036224
train,progan_train,horse,0_real,horse/0_real/12819.png,122625,cfc58a0f,44801644744,122242,8,15b9c8d49356d9c88c5f59778a378dda15f29e03d379aa68473329cc9f8a2339
train,progan_train,horse,0_real,horse/0_real/12944.png,94807,0a0c1124,45714269571,94748,8,7dc447c5f90ad1315e308976841cb099c6dc24088d771bc6ac1ab9c48cd45d6e
train,progan_train,horse,0_real,horse/0_real/12996.png,128951,80094973,45763009688,128496,8,37df1b9b8169f85e21777cd8c2159cde7eb24994cd7393df92b9984884669ce9
train,progan_train,horse,0_real,horse/0_real/12997.png,117393,94b14a68,44624069777,117151,8,f72f1c757ef6f9c82befa10ba88cd53863f1b713bf590af3f14d56820404c791
train,progan_train,horse,0_real,horse/0_real/13280.png,121944,83fac684,45206962819,121909,8,d1649299d59be0bb5e8eaa41f01cf42cc7998f7ccdd4f61e99cbf8366d11669d
train,progan_train,horse,0_real,horse/0_real/13932.png,126871,11d79429,44902419583,126891,8,b823ca7ac8af4e707c0089869fede18a0dfe55da7dda153314a6565f3d2602cf
train,progan_train,horse,0_real,horse/0_real/14012.png,141889,8542136c,44666182346,141523,8,a5fe230c0a29a9663e40c142c7317b79c26b2b57b81d98c162a2a9ef5964e727
train,progan_train,horse,0_real,horse/0_real/14742.png,117375,bfbb64de,44199522016,116880,8,f16a6dd428e073b8e218a15167b61e47b16a537592c7602c92638dcc2231928b
train,progan_train,horse,0_real,horse/0_real/14838.png,128039,eb19fd6c,45706175026,127275,8,ecd5ef574d22be41649d4836e1f48fc20ba3ab3ea72d74c2cdacb0ca4e3a2608
train,progan_train,horse,0_real,horse/0_real/15066.png,111544,029c2808,44899445382,111185,8,1352eb6bbd3bd7f15d1a7150d5fa6a219cf201562d24586e5d5386009bc06ee4
train,progan_train,horse,0_real,horse/0_real/15311.png,84100,7f3bd2f3,44513855682,82652,8,b676fd9df2337350b8f9fb5700c62e1a9cb21c4213c4433f519beb09d6c76f0d
train,progan_train,horse,0_real,horse/0_real/15408.png,99867,96da5e0b,44219128565,99695,8,a0f32e763011e104c2f01d24a903326f67f18bef528044543d648a61a3c0cc6c
train,progan_train,horse,0_real,horse/0_real/16382.png,158663,44ba90f3,45293527034,158622,8,a5d26aef92df0e368535c77248a1fd579c5d468b9f666701647b736db0d21310
train,progan_train,horse,0_real,horse/0_real/16456.png,123140,9d728860,44365981483,123024,8,43eb61beba6e2ba85f455e523591bebd1b9c4d70c433f151be6f6309bad73711
train,progan_train,horse,0_real,horse/0_real/16666.png,101430,80eb6d38,45637697379,101450,8,aba27d32208be9f6ec99b9a16e542fc06dbaa5f55c105262e8018eaf9fa13229
train,progan_train,horse,0_real,horse/0_real/16738.png,134468,894baec6,44339669345,134321,8,a21e0cde0f2a6c1b3087ef6e617bff4c55024025830aecee2fba0695054b238b
train,progan_train,horse,0_real,horse/0_real/16852.png,125342,de6798ea,46108900458,125362,8,47aed01670e5887ce94ce18372e5bab8af95b86181b743f1eb64475795052975
train,progan_train,horse,0_real,horse/0_real/16951.png,82531,92dc32ae,45244933722,82541,8,ff2a74edaced5cfba736d7dc5c61b8886c53a253702849a860e77b88b46e875f
train,progan_train,horse,0_real,horse/0_real/17116.png,128439,1f5a07e7,46088079695,127740,8,c5387b0278579bf770d01f3af09bc021ea40c30c88eb678d3267e39e9f9816d7
train,progan_train,horse,0_real,horse/0_real/17124.png,124922,f995e06f,46131250348,124241,8,9ae108eb5821d4e464f8cee8e72b1855dbd8e585136ca1995d6fa2733db265e6
train,progan_train,horse,0_real,horse/0_real/17599.png,98897,bbe26695,44667464755,98917,8,192ecb4146428e2f544e5140d34aac6376990f1add640e51430e8aac7074ac74
train,progan_train,horse,0_real,horse/0_real/17945.png,105213,c6377285,45325360852,104911,8,0f92690bc71abc4cef0043943543cb8ac3ef39bbc98ff2b7e6de7e615fbfe6e0
train,progan_train,horse,0_real,horse/0_real/18083.png,101983,04f9aa5a,46101156211,101698,8,ba925838819d1ccfd2dd392f76c196d220322ce2df064e3090c9ae93c1c5b878
train,progan_train,horse,0_real,horse/0_real/18236.png,144046,f21dd859,46102312336,143944,8,b966ef40728221cd76bc2556d119e18e2b092c4704bee7fa0c3e4ef7d9846657
train,progan_train,horse,0_real,horse/0_real/18242.png,65511,295f69f3,46096573015,65495,8,b20f244a01b921f49dfaeead6cc70bc1c58c78e80934261ef0798aaf84631630
train,progan_train,horse,0_real,horse/0_real/18357.png,111687,8c933081,46062613108,111688,8,fc85d72c56f9563f1b1741142fc8853a4b77e5cdc3d4ef25f62016402dc50c38
train,progan_train,horse,0_real,horse/0_real/18726.png,120955,b342c131,44732396093,120965,8,fe49c930e89f297831150e7066d033c66b7f117c0f64a68e6ce2a3b693f5b368
train,progan_train,horse,0_real,horse/0_real/18966.png,119053,dccb1d73,44581845607,118393,8,d6e41dca75619b5627ee6a77d0321590900d17e6ef459fad3a1947179eb45fc5
train,progan_train,horse,0_real,horse/0_real/18986.png,75494,c319a0de,46105558679,75358,8,c27ec67ac92e43f669f862b07d3721bcd7a7ef598cb6e0f0f81142a83d965cc9
train,progan_train,horse,0_real,horse/0_real/19283.png,95975,298530d5,45208668620,95804,8,b18519679cf5b9fad9d6e0cd92e62f0f754d2911a183e7dd5c3119cb1191e688
train,progan_train,horse,0_real,horse/0_real/19452.png,102990,81b801b7,46025889116,102822,8,5d7fca472150e94256d5c5e41a858d29bb0ee7df6d71f0e75ead37b36b6815f1
train,progan_train,horse,0_real,horse/0_real/19472.png,108312,93600f54,45764894004,108118,8,4473854df920d8e8076b2b31dbcd60f82fc36da1a92468e5cede89e92aca4217
train,progan_train,horse,0_real,horse/0_real/19645.png,117096,04e0777e,44282561253,117069,8,cb98ae0a8c086ffcc55b7a406bda37442ed9fc303dfaf0b805e054a5450e0c59
train,progan_train,horse,1_fake,horse/1_fake/00081.png,117165,c5e1c905,46259161271,117146,8,e7031db1a46b93227f3be09bf077ef464e19fbacba9e8e5ade70c4a75145e208
train,progan_train,horse,1_fake,horse/1_fake/00150.png,142253,7897e428,47921692677,142090,8,6811df2ec15515846b505ba49becb8cd1c8542589f5ab78494e3e22914c6e32d
train,progan_train,horse,1_fake,horse/1_fake/00298.png,94151,9258f11c,46774236153,94034,8,289c82e1ce007f67ed6eda2ef5c105a27f99d3200c0c754fdffa42f1c2373357
train,progan_train,horse,1_fake,horse/1_fake/00381.png,127329,28a8e0ac,46241378302,127322,8,e826928f2010dfd8fcc0ba9d4c93c4d9f8c8f9248d90c287e4c3ad050ba920b9
train,progan_train,horse,1_fake,horse/1_fake/00496.png,131272,d2ee04de,47822356177,131292,8,a4b464ceafc25ea85f432dc360374b54c4a6f61e079001575b127735b566bd95
train,progan_train,horse,1_fake,horse/1_fake/00529.png,114154,00a86363,46944090617,113854,8,a1f7ebf4a8a3134ad98359a98af401655f177619be3ee12de438db69391344bc
train,progan_train,horse,1_fake,horse/1_fake/00760.png,115535,09fcac27,46372425237,115531,8,4a0aadef205e63919b01df051c31958ad1f17133e0bd095e9909f1d9cac03569
train,progan_train,horse,1_fake,horse/1_fake/01685.png,135873,1178e153,46967756427,135835,8,c8d0fb83a854630d086cb300f8dd436ad799094a119dbda2e2abf02e69fc7f32
train,progan_train,horse,1_fake,horse/1_fake/01720.png,135856,b9f178d9,47836599270,135768,8,1ee316823cce467000b9858031b32469870c59ab0815c039136d948ac395cbca
train,progan_train,horse,1_fake,horse/1_fake/02072.png,106438,f968341f,47693647915,106403,8,4c6ac1a042f337317ef9b239da7ab6c2b6506adc2e7b06f74a23af4402b62772
train,progan_train,horse,1_fake,horse/1_fake/02130.png,156569,b21a16e8,47027498265,156446,8,357d258f67316bf39470dee7a171c45f957cd23f3d72a751d1c83f10a39721a7
train,progan_train,horse,1_fake,horse/1_fake/02201.png,84244,7bf70899,46795496619,83988,8,3aa24b562e3f3385bc72c13fac46a39c6b2bc6a75fcef5f5e01aebd11531a7b1
train,progan_train,horse,1_fake,horse/1_fake/02203.png,118748,aee3e867,46381593489,118595,8,6f003061b338c852e80dc9cec411417d7c32c932b4fa81fc860fa46849e35643
train,progan_train,horse,1_fake,horse/1_fake/02207.png,110112,36d16448,47223887768,109975,8,65bece18f57ac885feaaafc6dccd5a0e78e70cb0f8a2d6d53a09cea5ce9b8bf9
train,progan_train,horse,1_fake,horse/1_fake/02322.png,109502,979d8a36,48152002833,109033,8,c1c7e7e419839a936dfba83de3d3afc6d6ae9f11f6ca03e47d50534a91f177e8
train,progan_train,horse,1_fake,horse/1_fake/02554.png,127317,e4c2c373,46714512251,127197,8,d1d96a45f572508ba1049b14795f667ff069ecf2a373305d16c5e9c004554720
train,progan_train,horse,1_fake,horse/1_fake/02709.png,124752,1d31bf7a,46582329701,124444,8,cc2ec974bbb6423ab68e87d84e49d6d4fa374276deba758bce00be7b465ee30b
train,progan_train,horse,1_fake,horse/1_fake/02772.png,143884,77f0f1ed,47559442167,143686,8,28ddc3199fa574aef63cd95eef7a6149b44ff78b8b620d6000bbb2e041b5ed0f
train,progan_train,horse,1_fake,horse/1_fake/02815.png,95588,fcfed8a7,46679527163,95511,8,792688ccc564159f5ece2b737e18de1b85d21a2f941a3d78b27913719ad150d3
train,progan_train,horse,1_fake,horse/1_fake/03436.png,99534,892b0c49,48048996838,99324,8,8e5d0d42e0b50a2292b116b29b7a214f74733c05dbd41c26ae8ec9969dcc1364
train,progan_train,horse,1_fake,horse/1_fake/03512.png,122744,890c3b4b,46520763018,122738,8,97672dbeb3a08e3c78bfa7e92748918dea0f640f16e4fb493c6312342d577739
train,progan_train,horse,1_fake,horse/1_fake/03649.png,124608,46224885,47967648852,124555,8,b4b750ee892d83d43b19373cffd9f91169cc4cfeaa31428ab5fa511a88f1d400
train,progan_train,horse,1_fake,horse/1_fake/03995.png,129895,2f8ab8fc,46796272674,129634,8,bf718946bbbec31ef35984adf36daa4b110fa739a7d2573730c3dd1657328bc8
train,progan_train,horse,1_fake,horse/1_fake/04398.png,163448,9f77748b,48322195503,163450,8,d807d3e75dc86169d42e50957361aa86a29b0a9855ac88f8a79530ca4ca23124
train,progan_train,horse,1_fake,horse/1_fake/04465.png,128930,3c87ab8e,46577409148,128768,8,5de34637f0c89d22dec2b8c3eecb01422534fc38cb43e5d71a55af6d9ec6dff5
train,progan_train,horse,1_fake,horse/1_fake/04467.png,152815,f1bdb57c,46223504144,152729,8,fc72fd6d7c49582e4ba454a0dfe4221e783c71a853c1dae6f5b09fc61bc54f95
train,progan_train,horse,1_fake,horse/1_fake/04664.png,96298,8d828e52,46716944103,95987,8,ea1996b9f003b7b95282be4823a6b36d0f832a2f8b0c2bdb10e47bf3c3cd755f
train,progan_train,horse,1_fake,horse/1_fake/05020.png,112968,2ce49d9c,48160789652,112779,8,192235134b92ae74620a9a17ab20e3056eb88401c078d7fa93ba25982d52cb14
train,progan_train,horse,1_fake,horse/1_fake/05218.png,134912,6faa615f,47982382211,134314,8,962607bb6f0c732fbd15552332bafc0018ee22fab5e0056c352099674327ebc7
train,progan_train,horse,1_fake,horse/1_fake/05600.png,99279,8c5b2a08,47259575965,99262,8,77e092dad9e45529e01d84339188f4f04a07e51a33828b42f2c1b8a40716cb1a
train,progan_train,horse,1_fake,horse/1_fake/05834.png,64834,c1ee5f66,46379795875,64562,8,48eca472be10afe33eddf11d82bc26c07495d0c14b9cca4d88b64b70b4c54361
train,progan_train,horse,1_fake,horse/1_fake/06107.png,79941,47500bf3,46377986668,79940,8,a38f598b9f63f43baa1b13353ef889dddce5bb9f922d32348f1709869379d651
train,progan_train,horse,1_fake,horse/1_fake/06396.png,150675,36de47a5,46594080190,150553,8,63b45b80680f9043d1693b7af52041c4600efd2a2666aefad299bc39ff2affca
train,progan_train,horse,1_fake,horse/1_fake/06630.png,164345,2210e575,47756748658,164203,8,beea805e142c4caf374c7755981f91ece4f0f1960c2ac4bc31c3b993768a383e
train,progan_train,horse,1_fake,horse/1_fake/06656.png,108534,3ca52a19,46722628693,108551,8,8baeeed0a27fc4d2bd671c0d1ec8278985350ba3aedd16ef4fe3d4c96b3c8752
train,progan_train,horse,1_fake,horse/1_fake/06704.png,103133,124d2a00,46993728310,102846,8,e15751714d00985b9b38dc832aed94a322c46daf29b00c458ff67b5d4ad8f54d
train,progan_train,horse,1_fake,horse/1_fake/07053.png,128776,bfc07ca2,47956403449,128600,8,5aa8c3341befc11d678d7360cd5b1c35513cedc20255d706fb8faf7fd32bcfee
train,progan_train,horse,1_fake,horse/1_fake/07203.png,121518,dad939ba,48096054143,121524,8,5eafd4758a5134c9c40c5e39c14705d5011f4d18cf57b9e570c81a1c1126a673
train,progan_train,horse,1_fake,horse/1_fake/07233.png,101310,1c734a78,46770596211,100980,8,4f2d3bbd0fd1d66ff45db6bfae02be8ef5808a07ca7419efc892b0a6d5baa901
train,progan_train,horse,1_fake,horse/1_fake/07329.png,131975,7a611b73,48107527103,132000,8,0023472f08b81a8186a7e53d536ce5f3545c6a6ad2af1b0c0af035ca4122560d
train,progan_train,horse,1_fake,horse/1_fake/07477.png,127373,843bf81a,47505981436,127227,8,4a76ebc380f37038300d1d6dfac0cb0bc3edd41c8c9b2eb0d8535246914a8134
train,progan_train,horse,1_fake,horse/1_fake/07609.png,89787,0def6da7,48161297305,89682,8,6148677e4b8a0abfebef303d8a1ca8cf7cc70713136c3eb4b496199bd897e36a
train,progan_train,horse,1_fake,horse/1_fake/07715.png,114662,c3009171,46290762163,114674,8,f5f2f3a2644a561cdd36d756109b0934d702507894f66df55e9adb984ebcfb05
train,progan_train,horse,1_fake,horse/1_fake/07757.png,110047,f2683b31,46210936832,110067,8,84c858fb39de0164a137e66e013129a38b48c6eb6fd00b7bb906b87c355af444
train,progan_train,horse,1_fake,horse/1_fake/08033.png,99311,5e46110a,47431587351,99240,8,eebf2bae97539f66ce5abc4f7d62fd7bac472cd7e47327cc9211bba88fd7f73e
train,progan_train,horse,1_fake,horse/1_fake/08061.png,132604,7a80f443,47501315460,132621,8,bc65ddd2a2f51cbbf81ce5c9bc73084a6de41f57c634e10042c4a64e8ec03bed
train,progan_train,horse,1_fake,horse/1_fake/08232.png,135963,d3414320,47222721045,135971,8,233ff0b1bf728b4f2ee7bb6618023268b86227343f0aa304867e5bdcffe5d3d1
train,progan_train,horse,1_fake,horse/1_fake/08429.png,141812,6e7a002e,47936691627,141721,8,979e59457e3ea5fc42aad4abc9c9db17c24857fc459d1e2ce2932db4a63deb6d
train,progan_train,horse,1_fake,horse/1_fake/09142.png,146578,b5ef023a,46389347930,146566,8,25de9ece23f2ff99e9a5c9db0aa55e83917742e45fad3c3ec0061bcf1db14409
train,progan_train,horse,1_fake,horse/1_fake/09502.png,114963,ca453e7a,46777549068,114899,8,58beda92ade098bb781e495ddfae5962c1483f5b8e51adf4e8a58480affca7ab
train,progan_train,horse,1_fake,horse/1_fake/09520.png,133606,70719f66,46410909946,133631,8,4b3459cfc2f818483bdaed9b26a509a935eb89351a116d84a50ce8b77c98340f
train,progan_train,horse,1_fake,horse/1_fake/09946.png,132929,19ad8e48,48321756962,132752,8,8886a1042010d46a66206035eb9d3040230e20bdc41ca42705e2cd1c7f771dc1
train,progan_train,horse,1_fake,horse/1_fake/10054.png,129819,2809d6f3,47534008900,129839,8,ddf8aa294b961e1029d3d0cb1d771f7a529d51f94291417829c9a279dcf2e196
train,progan_train,horse,1_fake,horse/1_fake/10911.png,137240,17cf214b,47594514926,137218,8,17a204358162018525442887554f9d9907a8962442510f57472b9756a8647829
train,progan_train,horse,1_fake,horse/1_fake/10966.png,129480,3b6e110e,47792290884,129228,8,ae8d660b2ab543a9d773be14e85e70c61c2390c51ebcc505f2df6a0dafbe53c6
train,progan_train,horse,1_fake,horse/1_fake/11127.png,95632,2e75e107,46618469208,95540,8,817b239bef7293f4264fb347c246231690ef67776d4c8199dd63c99ad2bf71f2
train,progan_train,horse,1_fake,horse/1_fake/11620.png,114003,2716612d,47405588439,113771,8,8dbeb9936aa61a9c1202545053d9bf205623fac3a88a521bc9deff520a7e7d10
train,progan_train,horse,1_fake,horse/1_fake/11789.png,116381,29a58832,47409439588,116265,8,1fee3685ad35af78d7fc32ef9dd4f8d76605967f3ca7aa9d1fe48f2589411b2b
train,progan_train,horse,1_fake,horse/1_fake/11917.png,123485,aba985ab,46997945133,122706,8,5bde74a5e851b70acc747f3a682074e2be7bbe5eb39b06624f9e21f44fc45fb7
train,progan_train,horse,1_fake,horse/1_fake/12030.png,133675,72c596b1,46532270248,133660,8,e13771107e855b997d1bcafeb28020e70cdfb9fd493251045c7de8e9ff6d72a1
train,progan_train,horse,1_fake,horse/1_fake/12119.png,89157,a11482fc,48126139471,89103,8,2c2f239903a2b5b03db26003fb548376834749dda08e49989da53d23ea3662ba
train,progan_train,horse,1_fake,horse/1_fake/12127.png,109215,3507388e,47969341979,109235,8,5027ecd9af29f0b5834d372de5c36bc94c588ab9036135c25af10f21bcf0e1c3
train,progan_train,horse,1_fake,horse/1_fake/12209.png,117624,202554ab,48173349954,117616,8,cc90e32072cb5d8c3b7ae8a7d31956b88293e98c42588a9a73fb2e0853d72779
train,progan_train,horse,1_fake,horse/1_fake/12224.png,114011,824b5790,47604181464,113998,8,5930a549e3162f075366acef4d463767d4327509804728d8c0ada8a3f415c2af
train,progan_train,horse,1_fake,horse/1_fake/12245.png,77371,3c590871,47127531414,77288,8,d1906681965aae0e63c51292c8ccfc02579e82c30130cb961cbc1075ac63dbbe
train,progan_train,horse,1_fake,horse/1_fake/12668.png,130907,50706274,47837568406,130783,8,5cdbdcdbbfb0fe4d7351c9492988a2ed95b0dbb933958d14b302a20dd0cbee0b
train,progan_train,horse,1_fake,horse/1_fake/12942.png,133194,7389afac,47642318304,132960,8,c5359688b6fde448a4ffb52f50a0750efae956135dffda653e3d78722f22f443
train,progan_train,horse,1_fake,horse/1_fake/13198.png,100791,20523388,47458575526,100733,8,91def2be2dd8020bb3b1b1e558d8ee6ec6fa3cdf185659969e263112646a7e38
train,progan_train,horse,1_fake,horse/1_fake/13259.png,139277,a2d28573,46263150059,139291,8,ab1f8404e99604454b6e1c8ed8e65420fdb9d92c3c19104cb85d3032cc32a831
train,progan_train,horse,1_fake,horse/1_fake/13541.png,131563,d5fbd5a7,47327228759,131213,8,7d949e602551c436fc08126c8e2e0c06cbabe3f19b0bad46bb23b605ba5eeb19
train,progan_train,horse,1_fake,horse/1_fake/13600.png,108125,4efd341a,46786125846,107561,8,570d6a44528a24f742759b166357186368400f41f1299acd63a1690881448865
train,progan_train,horse,1_fake,horse/1_fake/13695.png,117895,da380390,48251803283,117915,8,19fe7fa356c28f30dee4de52a20903c181e8be73c2532ca90e55c4378f90fec2
train,progan_train,horse,1_fake,horse/1_fake/14050.png,103623,b3957461,48202776786,103574,8,13b4d6d92742f49d9d1d8b4c604f085d318e4b990a5913c57b1a7d6457e5a0fb
train,progan_train,horse,1_fake,horse/1_fake/14055.png,146611,d3835c1f,46763799157,146469,8,603faa3578c1254b201f0e28ca833b67e49608487dabb02d9c93d1677d2d93de
train,progan_train,horse,1_fake,horse/1_fake/14500.png,123756,66fb9c74,47500047272,123758,8,4159d20220e0eaa7d8688684114d5f6f5d3e327b4c5187892d0df94d728bc707
train,progan_train,horse,1_fake,horse/1_fake/15022.png,90391,be46375e,46562407877,90291,8,6b401b2e67c0b48065560030ced9a329bcce829907deb25afc887fbca0693484
train,progan_train,horse,1_fake,horse/1_fake/15039.png,114527,42f8eb75,46427280789,114420,8,2d03941ff745a359bb48c74e39d3768bfad6eb4f9454f300b3947f4535cdfec7
train,progan_train,horse,1_fake,horse/1_fake/15657.png,130191,1e5534eb,47803095372,130015,8,77e793186d06a6f1511be11258ecb35b49606293ab2a15d9829d792e6aa83bf3
train,progan_train,horse,1_fake,horse/1_fake/15679.png,109650,15090f14,47730382628,109528,8,4541f84f25eaf0bcf4fac5a2ca80e11f6a04963e4f94df078291ebe21149e4a6
train,progan_train,horse,1_fake,horse/1_fake/15680.png,96905,65a20532,48204885025,96534,8,613196c4f0682703394a9be891510ecfecc891efbfcefea8a6ef8e33614eaf9c
train,progan_train,horse,1_fake,horse/1_fake/15844.png,102228,e4a1cb37,46964328213,102128,8,dcb927b9449bc967f9c100ec596bb8e5c53f8f1faf90d1e4b5d9bbebfc4958d4
train,progan_train,horse,1_fake,horse/1_fake/16153.png,138275,6693e3d9,47715543906,138185,8,e10abce4d3510b62425a702628b19e3b6f2e7c45b8316cc4e129aba51368dfe6
train,progan_train,horse,1_fake,horse/1_fake/16863.png,143100,66779631,46898227391,142848,8,0ae111df9a552c31a1a7d9b28ebaeb40c889d69172fbb044eec33d4d6bc5f57e
train,progan_train,horse,1_fake,horse/1_fake/17028.png,119773,cf25c89e,46530294991,119485,8,c9aa5fcf6494f89d56ab5cd99a0881433e3ac34491f7dc8c9b4ed63317fd1a00
train,progan_train,horse,1_fake,horse/1_fake/17151.png,123004,54f56444,47668306535,123003,8,a3e516eee3c81df313a33dd6a9daa79fde604c68d3912a6837fb2c5880cbec52
train,progan_train,horse,1_fake,horse/1_fake/17702.png,92937,d843be82,46424945435,92818,8,6c3b3787b941f1aa2461fb50cc5d8ece60d6255ebb79e8a4957b7b90c7aec7b9
train,progan_train,horse,1_fake,horse/1_fake/17731.png,134164,1e8178cd,47236046228,133893,8,530d96ba3b2e0181d3c44be30f99a8a4f297ea201041c24df981087072cf5cb7
train,progan_train,horse,1_fake,horse/1_fake/18310.png,94377,d8f3ef81,47792986540,94389,8,2c6e2ec0f7a6f51c3a5d517494c806662608b34f2ac077bdb7c9c38e7a321b4e
train,progan_train,horse,1_fake,horse/1_fake/18723.png,121294,d6c78891,46914924442,121068,8,5f4071b590d2939fad4c111e9dd235409df1f0be08e802967414fac286f0441a
train,progan_train,horse,1_fake,horse/1_fake/18952.png,132672,1da8ad02,47405354630,132170,8,469332f9a14a56d716aa93b832ac444bb26b9ab19d41a2e14b11165a48c08b7f
train,progan_train,horse,1_fake,horse/1_fake/18954.png,116468,f704e034,47315723716,116283,8,28195cc3238894097b788bc022cab10eff1a743f3eac6ec8a1313a295d89eb72
train,progan_train,horse,1_fake,horse/1_fake/19015.png,131067,09c90940,47622889128,130749,8,146f24bae92843c10ea6f75a4e5cead7573cf7d5b3764caf0e478ce056b11fe7
train,progan_train,horse,1_fake,horse/1_fake/19310.png,107594,144df571,47769349650,107614,8,53404aa721652e887407c146aa3ea45f27195bdac4d138b2b169141562fbd0d5
train,progan_train,horse,1_fake,horse/1_fake/19330.png,102094,3627dd97,46398505295,102018,8,e83d5bf2e8c1ea7c0757da3e5db5a7daffa70fc6f44616fba1aa1213bc337a6a
train,progan_train,horse,1_fake,horse/1_fake/19403.png,144018,7c3eb51b,47844017107,143986,8,e0536746250c9b8aba69ef2d246cb23779d20878448a56d0500be45f7228bc07
train,progan_train,horse,1_fake,horse/1_fake/19422.png,86738,fa4da99f,46506869842,86673,8,7c578b700581ea41c3b98e9c83582c51f0dfee72e8f540ae811d9f14f082ec0a
train,progan_train,horse,1_fake,horse/1_fake/19468.png,111471,de09f879,46214429495,111367,8,0b1ba873e427feea6fcdb4ff62bb70744c41d77a84a4ee5e6bdd7c1939888a63
train,progan_train,horse,1_fake,horse/1_fake/19685.png,112576,39eab6f2,48189663916,112578,8,0efe3d3cfda238d3a1012a86e60946d394c914df62382570ed9114c49d7cc91c
train,progan_train,horse,1_fake,horse/1_fake/19805.png,143562,0a0e1f6a,47679387193,143445,8,822745cf477652a9db46a5d23466b4efd12d2e6a2feab28cefbd2726aa0bfbed
train,progan_train,horse,1_fake,horse/1_fake/19948.png,90757,a0192dc2,46594450308,90772,8,9f7e05dada240e31fa4ea872be0fe009b02d535acb14f60c98bc7a0422bc91bd
train,progan_train,motorbike,0_real,motorbike/0_real/00256.png,81342,b4570ef7,49595052686,80290,8,6781848b58939397c1c6b288c21d59460be501b300c8452636fc843f519be370
train,progan_train,motorbike,0_real,motorbike/0_real/00395.png,77011,e9b0dfb7,48980921267,76623,8,f41dc969d0b2b7709a4f77a135d34a5386cc23d0389ebc4959272600d85b8db4
train,progan_train,motorbike,0_real,motorbike/0_real/00931.png,121703,cfcb2b7b,49412501279,121621,8,3ec82a0559f4536938980693fac36170b55eeb936744a4146e3678d734539352
train,progan_train,motorbike,0_real,motorbike/0_real/01117.png,101583,1bfce34d,50287183089,101164,8,359e53927602f70cbd46671acd300bc17d08aac76d8b08c58231cb89e2afcc17
train,progan_train,motorbike,0_real,motorbike/0_real/01336.png,128340,dc672d7d,50271291162,128204,8,5b57fbe9ffeee6af500bc06d04b8a7c7d22460edb4742f5094ec7928bfff9cd6
train,progan_train,motorbike,0_real,motorbike/0_real/01437.png,98822,9331876e,49919595402,98680,8,2eb945665e3b2490221b98b794f4f7c07307b84886594f8cc867ac753bf95d11
train,progan_train,motorbike,0_real,motorbike/0_real/01597.png,119500,2fa99a1d,50228053988,119456,8,3bdbc6a29cd7e56ed777aeea5a926c4ab2df3c75ac6b18740e9b3355cd1aeb86
train,progan_train,motorbike,0_real,motorbike/0_real/01608.png,77268,6e3a565c,50000335566,76694,8,5dcfe15505ca2bc3c559090c93ec92964b719fe2a471aabaed6cc18836948051
train,progan_train,motorbike,0_real,motorbike/0_real/01756.png,126287,2bcf5207,48530072288,125804,8,4fd74f7ebe08a2510ecf9280e6a236f0ea85e6bbdf226349ce2bdb5fd73467b0
train,progan_train,motorbike,0_real,motorbike/0_real/01928.png,142327,14184af1,49966112892,142007,8,d4b39d8881c7cda0cd12a9bc31564ad65ca2f727c60b23467029ea91306c67d0
train,progan_train,motorbike,0_real,motorbike/0_real/02032.png,103697,13f2b3d4,49359551037,103486,8,d05d5ad24ae77b865253e57355ae739d933b38f561154b0ebb3bdc351f7bf908
train,progan_train,motorbike,0_real,motorbike/0_real/02471.png,96099,4765d9a3,49271405364,95622,8,b48b28d1eefc467907c372662acbc2de5efb4ec8a6babb605836a4cb6c0bdb18
train,progan_train,motorbike,0_real,motorbike/0_real/02529.png,135637,ce7c96fa,48924037736,135648,8,85ebdb21637789ad9513cba3d2cc5fa079c8b70bc5ef29cef5d3f3fe00b28bc9
train,progan_train,motorbike,0_real,motorbike/0_real/02595.png,122959,204105fe,49993356240,122792,8,7b5d581962a4a3db48511f8cc53cc88f58b19138b5ecf1e36c2a4f38cf1972e6
train,progan_train,motorbike,0_real,motorbike/0_real/02735.png,124960,662ed135,48762363131,124872,8,7b97044fbc6dcc5d9492f25cc92ecceed2a0615a6415c5add8c09b7637c58515
train,progan_train,motorbike,0_real,motorbike/0_real/02789.png,94055,369b30de,49450585281,93595,8,9f90eb057270064b27c21ab2c308b7af768b469f989a6d95c9f77c1d6878cb5d
train,progan_train,motorbike,0_real,motorbike/0_real/03152.png,166715,15d35c03,49498376206,166254,8,1e02bc72a45d4a33b4acd2b7f6355c872e65c328efeadf9d86fcbe1aa24595a3
train,progan_train,motorbike,0_real,motorbike/0_real/03324.png,107202,9ad0ec65,50017119047,107219,8,40ec66772840644049299b08892ef8c1724eab25fa0998eba00fd0501d55e7be
train,progan_train,motorbike,0_real,motorbike/0_real/03776.png,114229,e6e92bdc,50076684026,113830,8,85457508ebebc047a77d6f99534c503ba0c941603464360b52b1b538177778c5
train,progan_train,motorbike,0_real,motorbike/0_real/03890.png,110349,508ac2bb,48995998863,110080,8,c4a52e812d068195cb76835360d9b45afd3792458dd298de7256457280572c23
train,progan_train,motorbike,0_real,motorbike/0_real/04270.png,61204,5496d263,48731686606,60788,8,43aee5bbe69730df5b2338a453d9ad3f2f599fa5e86f13d41e034a6a8babd808
train,progan_train,motorbike,0_real,motorbike/0_real/04291.png,142461,ebe02aff,50063517555,141934,8,5b556d654ca8d090c73677e2c4a20643d1c40cf2698d5dc4e437696568c0724f
train,progan_train,motorbike,0_real,motorbike/0_real/04709.png,101666,44b5936f,50013055488,101610,8,6b4f11551a1c207a4a8959034d4f01908d8544261032cd401e0613c854e0ddde
train,progan_train,motorbike,0_real,motorbike/0_real/05101.png,114287,bcc1a62f,50069018152,113704,8,4ffc2551ad88dc3909e38e01cac4df4eca1fd999851a542566e77d4f955a31c4
train,progan_train,motorbike,0_real,motorbike/0_real/05319.png,99047,b3f51544,49542909629,99045,8,138086cc11dfec817aaa55c9477825ac417ae63890530acf9f4256a6b6c1ba57
train,progan_train,motorbike,0_real,motorbike/0_real/05327.png,107121,6051a52f,48356691661,106926,8,aa2b471989eb860b4523947334f585e97bf3b020b6200464b5950d0b5f53afca
train,progan_train,motorbike,0_real,motorbike/0_real/05397.png,116725,e3532b09,48748755432,116681,8,c0d0b8315c737d32407df6cf222a04538ab2b7771414dde5c2ea5b2c72aef0ed
train,progan_train,motorbike,0_real,motorbike/0_real/05527.png,96109,7cef74b0,49813171492,96042,8,74ac5b6cf2e08da5c8af9c23400208c01fdf1947242d9d2ce3fd3cc3db49b9c1
train,progan_train,motorbike,0_real,motorbike/0_real/05529.png,86220,10037ea3,49106209681,86235,8,f67cf758300926cb34738cbf31273085393c5f73a8032db427b5a13477752347
train,progan_train,motorbike,0_real,motorbike/0_real/05650.png,90650,7cb6e673,49792669077,90665,8,9ca2430e38e23a0eb8d102adbc4a2eac37d1fdc5e24a716b33097dceb16f3881
train,progan_train,motorbike,0_real,motorbike/0_real/05738.png,88090,6f9ab927,49511332225,87979,8,ae00d91aba54ead088cca81a835c4859f7a0af256955a06c77438b3c8b0a4f0e
train,progan_train,motorbike,0_real,motorbike/0_real/05871.png,83354,97bce8ff,49987674815,83346,8,4782bb255645cd019b63d91a796e520651a5c47e8faa42166178dd63c4e71d9b
train,progan_train,motorbike,0_real,motorbike/0_real/05976.png,17462,68bb4810,49452255127,16784,8,e6adeeefa69d933aee2c7c51b88cfc870b10e208fc77a2964cf6dc468af7dae0
train,progan_train,motorbike,0_real,motorbike/0_real/06117.png,107939,73682764,49720189461,107757,8,1c7f2faf3ec7f7312f0863984d0b5247c1f4acea14369b93131be3a4a45deb5b
train,progan_train,motorbike,0_real,motorbike/0_real/06150.png,126991,598bfd47,49869040527,126213,8,836175592b70871f87e5d202d29eb9400baa6eaace7bfa6d44a28949c93542e4
train,progan_train,motorbike,0_real,motorbike/0_real/06201.png,133398,7ad7648e,49914937334,132830,8,fb34926221dd7d160986af13eaaf0888621fcf9787d9c31de931f3253910456d
train,progan_train,motorbike,0_real,motorbike/0_real/06431.png,66203,96267897,49193510592,66195,8,83d5cef7e690f674bed472a04c8a823c9107e439f834ecf2ec1013ed895585ab
train,progan_train,motorbike,0_real,motorbike/0_real/06612.png,73669,b4bb69ae,49912352975,73647,8,3e69663f54b8750850979cd4da3c037c6ee736c21c0e628b4565b71a8eab498b
train,progan_train,motorbike,0_real,motorbike/0_real/06821.png,145946,f4a3fa41,49658352075,145639,8,c03ffcb368c58e42f4251a13403072271435ee07cd175f48b8d2184634a18d83
train,progan_train,motorbike,0_real,motorbike/0_real/06969.png,117012,760165e3,49112568852,116836,8,43f04d5bca78a0c8f9d882c47bc77a317a3a49ba64b6c7229277e390978b5bdc
train,progan_train,motorbike,0_real,motorbike/0_real/07138.png,134004,e5d92b33,49556326678,133652,8,b2937045a195144ba6e3421aba3759103ae6d21a15945c3048524a56676bdd6a
train,progan_train,motorbike,0_real,motorbike/0_real/07850.png,39212,ae076f2d,49432501230,38511,8,a7c9ef58336d2982a10e35486138e01cb6b03ea3b2a2c34ed99f8734c961781a
train,progan_train,motorbike,0_real,motorbike/0_real/07865.png,99540,bb6d8e30,48999226986,99534,8,8d3455dcac2e43a2f66df32d116849a0129071a56cb1ab28ab230522550f8f21
train,progan_train,motorbike,0_real,motorbike/0_real/07893.png,129908,28113d6e,49226547787,129335,8,d2bcf9053b1b810bcc94f6456d74cae01d0736ab9f22a26513ed3db2397fed09
train,progan_train,motorbike,0_real,motorbike/0_real/08112.png,137178,22b288a0,48453772946,137177,8,2589a1c44b33eb67d113d7f1d519416d8a2405201cdf520418d4c6a6e6a03d9d
train,progan_train,motorbike,0_real,motorbike/0_real/09000.png,122067,9c472675,50048491483,122024,8,7432515fe72a50746abab55f60e2b80b287901d7f744caae21e1a09405ffd8b1
train,progan_train,motorbike,0_real,motorbike/0_real/09154.png,94516,685a79bb,49088302191,94482,8,f75727e9b2e7fd2863e293417243b25fa29e43ebbb467589dca6e30c136be49c
train,progan_train,motorbike,0_real,motorbike/0_real/09375.png,118500,0345bf07,49166173448,118286,8,3dde57682bfa86246878613d0ff978b84bc3794f42501da290351221d8d86041
train,progan_train,motorbike,0_real,motorbike/0_real/09954.png,103873,13e27fc6,49791507300,103797,8,88a7db1defc343073c4b58ec2ba0fbf9590633b5c14833197fcab443464e58df
train,progan_train,motorbike,0_real,motorbike/0_real/10158.png,104377,69442bb4,48691738089,104267,8,4dee3edde3ba0051d073ca329175702017cf2ee1cc8809b5793705a8310a1fa2
train,progan_train,motorbike,0_real,motorbike/0_real/10200.png,133158,c14f4952,49268311559,133175,8,766832456b026680a0a8e32a77d263ebc3f9bfaf0173451bc059d0daee9d9610
train,progan_train,motorbike,0_real,motorbike/0_real/10319.png,82751,1e656c60,50306643332,82084,8,57268da6180dc75c493abfc0e397a948d368fe3769d786f3c337dacf3dcc8bdb
train,progan_train,motorbike,0_real,motorbike/0_real/10415.png,79858,249554e7,48669925505,79518,8,966b30d799cd6ccfaacd8257a6d653505c563688060e0be3ceffd3354b87bc8c
train,progan_train,motorbike,0_real,motorbike/0_real/10554.png,117062,e71fcf28,49157164058,117045,8,4ca48c2bd3e845bee7f5e2539e6a2bc6c5b43550f5d147702952865258bd170e
train,progan_train,motorbike,0_real,motorbike/0_real/10747.png,135313,2f00a06d,49726333531,135262,8,12c7162fa7b081e7a014cada152d826e84b2f07ef752801474cf7df733126a22
train,progan_train,motorbike,0_real,motorbike/0_real/10952.png,94429,719c0f34,49474950112,94173,8,5d5ae8bb78c64d21469e65aa43735a9f3093cf343cb43db6e8822b5e4a4c3170
train,progan_train,motorbike,0_real,motorbike/0_real/11189.png,114482,88611f18,48606278806,114325,8,aacadf0f3176ae45edfa2bb006b2831ffc9588b65d6a551749ef4190521ddc83
train,progan_train,motorbike,0_real,motorbike/0_real/11197.png,115416,93d44294,49988817207,114878,8,b522cdd921867b60760163f7e4e8b1d119eb85cedbeb2562fae53da576cb1cfd
train,progan_train,motorbike,0_real,motorbike/0_real/11254.png,68409,d1013b97,48990945979,68191,8,cd5c81d3a45c2a6cec1e5fc2a8e997ea781e4f1b05364031af7b14065da2e71d
train,progan_train,motorbike,0_real,motorbike/0_real/11293.png,139454,b88f7731,49808751369,138967,8,31d2e81e03d4750db72a0d37748bf4afb7a36915290e80fca7f4665e41ab7670
train,progan_train,motorbike,0_real,motorbike/0_real/11478.png,137155,963c78cc,49315335334,136862,8,3c74cbf3a3d5fadc2463d28d8ca24d8890bb8708e99450d893701501dfd402fc
train,progan_train,motorbike,0_real,motorbike/0_real/11566.png,129248,d6c8554a,49669521488,128904,8,cb425c0715bb2a8a5d0b8d9d5a14804a8aaab47ee2ad03acb288a6d18b86d8be
train,progan_train,motorbike,0_real,motorbike/0_real/11805.png,128665,09f9ce33,50084934778,128437,8,7a0b9da1d4ffa736fb8e274218997736abb89bbc72cbb3ae925fba892196daa9
train,progan_train,motorbike,0_real,motorbike/0_real/12219.png,69354,050dbb76,49030394414,69150,8,55e587c0e272a66c2fd6f0ce194b3350745b476b4223077f4c724a31df267f36
train,progan_train,motorbike,0_real,motorbike/0_real/12286.png,126649,cdb4644d,49172689691,126429,8,711b23c64d47c8a95384577e40db7c9c29673437e785f90df705f6b874c03870
train,progan_train,motorbike,0_real,motorbike/0_real/12386.png,104200,02e03b6e,48767779949,103850,8,bc9368081086537274d3442da81e9846ade7ad774e8fbff1c716b3a83c58bef9
train,progan_train,motorbike,0_real,motorbike/0_real/12811.png,56448,daaeb041,50027756059,56357,8,c46facadaac2d98bf8f57bd22366f789d81b723c96b001a40b35e145b6bef389
train,progan_train,motorbike,0_real,motorbike/0_real/12945.png,82804,fca6ccc8,48542433832,82713,8,0d196d27217dff466bfd14f546a622f09f714026a6cf0c95158b92b8523fca2a
train,progan_train,motorbike,0_real,motorbike/0_real/12983.png,97977,19ed095b,49123493152,97888,8,2535ca3e6d26f785502d09393a61c912abd48b5d577156261314d280a9a52828
train,progan_train,motorbike,0_real,motorbike/0_real/13393.png,97102,da5843bb,49112136026,96751,8,600c8688119fc7f7b85423e6d7941b372ce9aaf4cfe42515a67f5c3f72775b2c
train,progan_train,motorbike,0_real,motorbike/0_real/13446.png,107070,24e10601,48733612431,107048,8,8d7e4546c4ae71542a97156b68d65db51cafcc32ea210c7afb82177d561e7f43
train,progan_train,motorbike,0_real,motorbike/0_real/13528.png,113103,54cfddda,49866026698,112833,8,b4fb46a3d27de981b856966a9c65d6a90e2d0be1c0cf03bd04ee244d677e6813
train,progan_train,motorbike,0_real,motorbike/0_real/13661.png,89011,60344752,49056163957,88889,8,3f4d5daa66a3a36d49840ef09cd7780d4b8aa4952ec83bdae2fc9f09d627ffd4
train,progan_train,motorbike,0_real,motorbike/0_real/13742.png,77961,b2578744,48813869534,77737,8,58a5dd7b0d5954b0fbcee2890a96d860f26721c2824337d2ab262de93199f8e3
train,progan_train,motorbike,0_real,motorbike/0_real/13821.png,152381,f0e45591,49501992846,151836,8,0146f35df49202166c884246159be486447c22b6fa0187446ef4424151ad72d2
train,progan_train,motorbike,0_real,motorbike/0_real/14022.png,148279,d906b4c0,48338993221,148212,8,0a84c3bba45aabda9b1dbfdbc5bf162ca57ce4d56c825ec97b50bba8ee900daf
train,progan_train,motorbike,0_real,motorbike/0_real/14058.png,39724,5eaf27df,48341879691,39493,8,6543f8ba343d8e77f44f97e150758a5575390dd079f7856fe6176908e5ebb3c0
train,progan_train,motorbike,0_real,motorbike/0_real/14512.png,123301,f5191afb,48948831389,122864,8,f8b0c475b370708a3cadac74602e1dda9a43aa4bab20c2f5b591904a7c12bc75
train,progan_train,motorbike,0_real,motorbike/0_real/14565.png,114628,2de2767f,48791688351,114401,8,6e8be111cc6fe7348e62a8dba9de850c0c8077359311420fb70c4ec48f55cca6
train,progan_train,motorbike,0_real,motorbike/0_real/14906.png,78282,db183628,49282006675,78265,8,d8ed7030933a02ede399cdaf5448fd17d4c5a656e372a2a3f87000278863dd4f
train,progan_train,motorbike,0_real,motorbike/0_real/14937.png,109987,980eb058,48749349421,109969,8,e5f09af10e58185548092231ac322fee9d30cef1fa34f48fb6169b33a22dd32a
train,progan_train,motorbike,0_real,motorbike/0_real/15455.png,103081,f7cfb549,49172214814,99935,8,0abd126bcab7350a75490fa7cbec1ac2e324856eb7f901232c7319e37bd917d9
train,progan_train,motorbike,0_real,motorbike/0_real/15508.png,87525,7b26d6e6,49369292911,87296,8,b1949838ebb6fbc0d521930bc4701d9f0ad271194b12f6962342b7fd83911c94
train,progan_train,motorbike,0_real,motorbike/0_real/16630.png,116410,56e9f346,49217876341,116371,8,7a903d8b0dc7f584c58705bcf2d1289b4297402ed5dfdf4256a427845623c460
train,progan_train,motorbike,0_real,motorbike/0_real/16634.png,105430,4401a3c4,49860626182,105236,8,255fa849c4314165efa194d1441cbc0bb783b83082b821b5edd1b2ca917e80e0
train,progan_train,motorbike,0_real,motorbike/0_real/16662.png,121262,392e858d,49877273602,121163,8,e128e14fb08ba09329794a2defa0ea58f60f163510067b4cc8374ff6e599ff31
train,progan_train,motorbike,0_real,motorbike/0_real/17367.png,141160,88324c70,49538986163,140659,8,558fc7ed64966888d785a76da956f9bb29734ee8a02d1c0fc2aad1a384a0fdf3
train,progan_train,motorbike,0_real,motorbike/0_real/17401.png,152173,0ca80339,49950630602,151475,8,40b8ab7edd15cd09dfe8b767b0e8535b7fa7288d45510a235f38d42f048dfb20
train,progan_train,motorbike,0_real,motorbike/0_real/17555.png,114074,8fa60cd2,49712733650,113984,8,2da45362d55fc634a671b95a2bf187b2754e9480b41eb42e1c8e21bb59ae4060
train,progan_train,motorbike,0_real,motorbike/0_real/17594.png,121717,08cfe08a,49320755639,121541,8,4764b0536289fb207ebe52bfcd77e120c6d00ba3fbb214fd78b277665d6df0d0
train,progan_train,motorbike,0_real,motorbike/0_real/17666.png,102029,4aae1da9,48885796533,101727,8,e20809fabd80134ba651971a9bd5f309e73cd01e23d3481378f48aa37d6d35ac
train,progan_train,motorbike,0_real,motorbike/0_real/17756.png,102586,0fb6071f,49971773173,102523,8,795ad4888008f2d62ca4b531f64ba5b76a230314ae5105e3808cc078fcbae514
train,progan_train,motorbike,0_real,motorbike/0_real/17982.png,130603,4d3e4647,48411668682,130623,8,f95bb2b6ea15b6b187938d9ea31869ae5909c4b6f958f3af909a6b660a4eefc7
train,progan_train,motorbike,0_real,motorbike/0_real/18181.png,68848,897cc30a,49404321513,68863,8,b0c09ce43c35f2e5d7eb0e20ab357d2cab53362c7b1a9a056d456607cbdd1a93
train,progan_train,motorbike,0_real,motorbike/0_real/18473.png,95502,fb4b44cc,48575150143,95383,8,23ea36df24f4b55e3ec3a1634c829868dc5b66768455db2a2c9294abb2346d97
train,progan_train,motorbike,0_real,motorbike/0_real/19110.png,118429,4d34cfb5,48984888690,118151,8,c8c0d06f1b9569fd98b1e2bc7beb77aad70b965b06fe0bcc14f31b38e565ccc9
train,progan_train,motorbike,0_real,motorbike/0_real/19178.png,115517,3ebde8ff,49786611784,115403,8,2014b200829cb3f9ad0aa4ee0df0bdb7db1f7c0af096f07f5dd2d4e1697b3467
train,progan_train,motorbike,0_real,motorbike/0_real/19420.png,100336,61e51476,50025236998,99956,8,09bf7a37b9fe43ff0a9182d8484c6796c7b220e641dd256fbf724deb06283911
train,progan_train,motorbike,0_real,motorbike/0_real/19424.png,131332,5075ee1b,48431766116,131118,8,c9418d64fdc3d206dc61f895813a0ba3cb633d830332368a84b2948c492b88d9
train,progan_train,motorbike,0_real,motorbike/0_real/19875.png,97168,6f8c2df4,49340003538,97139,8,1ffe827f644fec87dfdbd72d141b32da1e069105d78291e44abd857b20c1bdcf
train,progan_train,motorbike,1_fake,motorbike/1_fake/00172.png,113709,88177ba4,50939156148,113452,8,005dcdf2ea22bb458166e6bf7de85e7fee98db3b8c74204719834afea907237a
train,progan_train,motorbike,1_fake,motorbike/1_fake/00187.png,141334,b72427d2,52359585622,141321,8,2d914f45a179514fb84132678a559fcf2a27fe542b48f5c035d99a7f7a469e23
train,progan_train,motorbike,1_fake,motorbike/1_fake/00559.png,135655,1902c103,52095141478,135322,8,7b66d5a3cdbf2527d44fb6e2ab02d9865a93c69fd54bf3a69567bb6d3eda3617
train,progan_train,motorbike,1_fake,motorbike/1_fake/00629.png,125498,5d1b204a,50403617610,125441,8,11934b469c7de368b2f2b600aaa03054233df93d5b04d02e7d5cda606fa8446d
train,progan_train,motorbike,1_fake,motorbike/1_fake/00637.png,105037,9bf83776,51390589397,104819,8,81456799afbd0e2bc7fb552d8197b741f9815a57e7d19567bb2921ceebfceb2a
train,progan_train,motorbike,1_fake,motorbike/1_fake/00782.png,135864,2e56ff00,50671960642,135566,8,84a2e1ac9ae5cb9cc676dce3b66ea134677b8ee5277bc77d16ffba7c3bed5259
train,progan_train,motorbike,1_fake,motorbike/1_fake/00871.png,106036,83380bf7,52188233706,105752,8,2fdaff966bc8efb61c03b471258a6bd432eba5bd0d6b11727b83ce83b4533633
train,progan_train,motorbike,1_fake,motorbike/1_fake/01584.png,133821,fd41c2fa,52197752953,133825,8,e54c1617e350f96463758f163a3c8763ac77f62f4c1ec59e565cfcb3185adfd2
train,progan_train,motorbike,1_fake,motorbike/1_fake/01682.png,145089,e3c43721,52034980733,144736,8,ffa41630c791c807212e31b3814f64d85df97f5e475e03c7494f3856c5c96ddf
train,progan_train,motorbike,1_fake,motorbike/1_fake/01868.png,121165,c4f62082,51645061635,120980,8,94b67a13231e24cd18e3df3135331795b7a16826ee82c27e454242fe9448191f
train,progan_train,motorbike,1_fake,motorbike/1_fake/01890.png,98595,cd7fae22,51481519897,98597,8,78ffe3ef1036c746f0a1cfda5a682b09d14f240bc14fa6244cc6a74cb2dc47b8
train,progan_train,motorbike,1_fake,motorbike/1_fake/02144.png,135151,bef981bf,50680278419,134937,8,48620923bee0ca1f3a7ce1a1e80243720f487858eb846542588844b15b46f283
train,progan_train,motorbike,1_fake,motorbike/1_fake/02579.png,97472,6fd5603f,52060981586,97369,8,5fb34bf3d12cfd90c948362f4cdc3bb440feb768d07effef3d5bb94fec509632
train,progan_train,motorbike,1_fake,motorbike/1_fake/02694.png,93345,d54dcfaf,51069574230,93313,8,1851c481f676203d200e45a2c5c8f6d26d1a72fda4e7502d35aa0774c0ac36fe
train,progan_train,motorbike,1_fake,motorbike/1_fake/03281.png,134011,77bdfec3,51376616513,134031,8,f184cc9042effcb58311ea379c54270af36216cd8f5956c79a9801df965d4a64
train,progan_train,motorbike,1_fake,motorbike/1_fake/03591.png,127281,d9c46ce7,51778849169,127160,8,1d9352c8db2b39cae4fe2984c38e94f9766b29533ba78c3ed5113f9dad520829
train,progan_train,motorbike,1_fake,motorbike/1_fake/03623.png,126635,c42b844a,52213230864,126645,8,a4cac3a125722613ebf3caceccd694ba32f6c269a359781918cdae5db9561211
train,progan_train,motorbike,1_fake,motorbike/1_fake/03648.png,147769,27895d5e,50828761017,147747,8,97e795a6f4d3187274ca98bb7dc2da6f7eeae3239f5cc46fb7c57f196cea1a30
train,progan_train,motorbike,1_fake,motorbike/1_fake/03778.png,134247,375395c8,50558725511,134055,8,7a6326c30d62f2365716d707e4009a729042ea770dee73db47c1aaad8f4caaa1
train,progan_train,motorbike,1_fake,motorbike/1_fake/03902.png,114783,adda1fd7,50677090036,114685,8,619b9296e4746e262d092f09ecf6aba7c38971101e8bfcebea04d955605ffc95
train,progan_train,motorbike,1_fake,motorbike/1_fake/03978.png,105970,73ca90e2,52445012736,105790,8,5c25793d8631228ff5fe150650c7efffb3a00d2d6147dbbb0d571a6a07a9b93a
train,progan_train,motorbike,1_fake,motorbike/1_fake/04023.png,76323,033828cb,51401263801,76127,8,e54d77ee3b28b7ba2ea5cd826025bac187f9880b45120e5811b80b0f0008ce97
train,progan_train,motorbike,1_fake,motorbike/1_fake/04027.png,129762,7e361e6c,50434913785,129607,8,91ccc7c04ae2fedaafc2f4134fa89ea02421d714830bb4e4aa321a00ea9ca98b
train,progan_train,motorbike,1_fake,motorbike/1_fake/04106.png,120265,373b678a,51293832603,120099,8,f351bf70f7fdd0089103438288645dbc240001fb0260c909faa0e45cdb81a2ec
train,progan_train,motorbike,1_fake,motorbike/1_fake/04154.png,109903,bad9b063,51807850244,109673,8,c4e73f19ef3d22adc6334b2438b46613006c420e0e2074013f92e7e8927253db
train,progan_train,motorbike,1_fake,motorbike/1_fake/04299.png,83972,71d3d010,51909941668,83978,8,e724b5708687a22d9de126e13725817eac66b39bb22ab9a6b07c9a3cfa9225d4
train,progan_train,motorbike,1_fake,motorbike/1_fake/04329.png,85724,2ea1c4da,51848028197,85695,8,8141d611a3c0b44a9fea11b64f892bd064fa1d67c48df1e796d387e072cf1ad0
train,progan_train,motorbike,1_fake,motorbike/1_fake/04669.png,88058,26473e1d,51238619213,87799,8,5b92c0cec15153ba17737448733a7a2f85f607915b5cf5cb9b9127cdbffee259
train,progan_train,motorbike,1_fake,motorbike/1_fake/04756.png,118033,83b2ebad,51802755810,118035,8,015283fcf0891c99b3c190ef4beb71f3fd967e5a48c3ad761e59f7f72e453769
train,progan_train,motorbike,1_fake,motorbike/1_fake/05171.png,101644,6ad93775,50786468528,101664,8,99dc8933444d1a2735a4ddad50131cc6f86a443fc7c1c67fb6c0c5c5316c60bb
train,progan_train,motorbike,1_fake,motorbike/1_fake/05251.png,141986,db694310,51855048437,141871,8,2e916920f64432c5ff092d3854821fbce34cc68a79865273caf7692c9b8fcbbb
train,progan_train,motorbike,1_fake,motorbike/1_fake/05510.png,112224,0524b28d,50620759243,112121,8,95528ded4b314a4b635db99d8b4e79b78c57357c63bb7e92e22d3fed86d3bdbb
train,progan_train,motorbike,1_fake,motorbike/1_fake/05686.png,86087,432f20e8,50417177996,86082,8,43fbbe6bc62ae6e0c681220e9e2fdddb389ebf3b9230013d902b4ef4f124fcdd
train,progan_train,motorbike,1_fake,motorbike/1_fake/05704.png,123660,4de4fb2b,51282854801,123589,8,00c7bb3aae307a6f8fb78c08d6a254b3cf5a6c475660084cf2a644b721d0c995
train,progan_train,motorbike,1_fake,motorbike/1_fake/05941.png,106670,cc1c3b3f,51429707894,106636,8,a748f161d182e1c30c9086f4b54fe8d05b1f3ef4da841d04cdabe6e39a006d3c
train,progan_train,motorbike,1_fake,motorbike/1_fake/06233.png,89033,a7381f9e,50990776753,88745,8,52aac282614843832bd5f6b8445b9639116e5e8f2477299159b33d121002e6c2
train,progan_train,motorbike,1_fake,motorbike/1_fake/06241.png,123941,381960b3,50626758668,123937,8,588a9ce20b6b858dbe769972f7139131ec0aa00a18b925e041db6025b6f2b35f
train,progan_train,motorbike,1_fake,motorbike/1_fake/06373.png,107861,96ec558c,52016494526,107715,8,453636b60162f55a681bb6274a3f6832d5b916928f07ea2a7fdd2bef915e2324
train,progan_train,motorbike,1_fake,motorbike/1_fake/06863.png,128844,027862e4,51336078142,128376,8,05e1bf1a54446cfff83f4aab90d5835483c6961419bcddade43638b54c717afe
train,progan_train,motorbike,1_fake,motorbike/1_fake/06886.png,134025,7b17698d,51934319269,133643,8,52ad88a275d74d201686f5982448bea4596115e0ac53e2e485dbfcf6ee8f9a83
train,progan_train,motorbike,1_fake,motorbike/1_fake/07116.png,133407,73b4f029,51183364450,133009,8,7c753349876c9a0ffee95f83428d80f35c6b13e80475ad6204d08b92fa2a8c25
train,progan_train,motorbike,1_fake,motorbike/1_fake/07157.png,93087,348dbe3f,52323595993,93005,8,3ac0f44b3b12c5db8ce30ff45354ec47be41f090cc62ed1c7cc7c160f6b15631
train,progan_train,motorbike,1_fake,motorbike/1_fake/07305.png,105086,58b5ce9b,52070575369,104849,8,0bd5e82c55ef7ecf325981ef9a5d54807433c52459c18dbecd62eba8e582294c
train,progan_train,motorbike,1_fake,motorbike/1_fake/07311.png,101652,83386aae,51758268412,101323,8,86f43ae2add84e79310989afa2fea2169737a2ec35cc0b43493ddc9860e9ae7f
train,progan_train,motorbike,1_fake,motorbike/1_fake/07610.png,130504,56fa1548,51791066896,130040,8,338c38569675bcd49c880596f77a9dfb4620ee6156e517b50c55488ab2d79c59
train,progan_train,motorbike,1_fake,motorbike/1_fake/07996.png,114810,163217ba,50795113861,114830,8,7cdd43db56d506cf805c59a6ee00c8ec72f32ed92520f2f74d31305be6b796a2
train,progan_train,motorbike,1_fake,motorbike/1_fake/08015.png,141290,c82a3984,50809916542,141220,8,5fa0fcd460f71fd7e68a4f3e5a5ce5d1961c72d9bcc773027cbbfd17a089b0f1
train,progan_train,motorbike,1_fake,motorbike/1_fake/08026.png,109376,ac1d8536,50475568104,109287,8,9cf53b108076901fca14c62accd540fd37844da4f0a3bcd8df0361542fd69af1
train,progan_train,motorbike,1_fake,motorbike/1_fake/08427.png,116351,7fbe7f31,52169165566,116218,8,274d2aa35a5923b4138953571a90ec54e5ffea2c71581d5ed75a8a6200aaee94
train,progan_train,motorbike,1_fake,motorbike/1_fake/08488.png,125397,19711d70,50958279996,125248,8,2dd91253ff70a69c37f4602f4226137f223acfba09385b6458a20f97e94fc9e0
train,progan_train,motorbike,1_fake,motorbike/1_fake/08495.png,149475,147ecab1,51631432547,149476,8,d1abcf240b97b55b528dfc7c9defa4f11b72b4633bd6ca8ec4f6f68b622e9e03
train,progan_train,motorbike,1_fake,motorbike/1_fake/08518.png,106811,860f04b7,50380465203,106762,8,29afdb4aa98d8727327b911bd5f6513e5514a2650ca206a45113621f3f509f0b
train,progan_train,motorbike,1_fake,motorbike/1_fake/08700.png,134348,e38ad621,51164829332,133864,8,b34d81a192738ec9c413e49e556768fee99707a7dc660e156ced6b984ac39df7
train,progan_train,motorbike,1_fake,motorbike/1_fake/08840.png,103927,29db3d5c,52187312937,103804,8,5617cf3d4c75861f6f8603f53b2a5992c1e810b604bd0addead86a97f89a15eb
train,progan_train,motorbike,1_fake,motorbike/1_fake/08922.png,90562,04b287bf,50821150606,90528,8,e130c965559614ebc2ff5dcb2e6876b956238c1a38baf65a8c71303cc81baa34
train,progan_train,motorbike,1_fake,motorbike/1_fake/09249.png,133228,963c0be5,51331014420,133152,8,bdd3fa99b83bfa44edc35d59c6b28f69387f594058714964524e7a2946b4b4f9
train,progan_train,motorbike,1_fake,motorbike/1_fake/09388.png,63116,6a6e5c3d,51432828924,62999,8,8c84198fb3e36217e945cbc2a4c2762a73371d4c8b1f71f81e00e9e96e54914e
train,progan_train,motorbike,1_fake,motorbike/1_fake/09399.png,112213,b1abe92d,50464226385,112196,8,d4741d35608e0e500d3b3cdd3813df47fe0cc6cd00cde5931e67b1857709ddb2
train,progan_train,motorbike,1_fake,motorbike/1_fake/09442.png,130588,2f924901,50977636681,130459,8,e4fea92b69d065c465875e5f8b8d59e54330a053f1cd21f84d3175909b11ca57
train,progan_train,motorbike,1_fake,motorbike/1_fake/09556.png,107520,fac8f397,51190307243,107422,8,2c4f87cfd66844834a352c8284df1e6b65a3c8fdb0be9823e546579ca16447f0
train,progan_train,motorbike,1_fake,motorbike/1_fake/09731.png,82880,831f679e,50951821311,82823,8,71482af7a5fbc7661354b1dcf0b0b36372767e0b4004343b3a30f8ceed991254
train,progan_train,motorbike,1_fake,motorbike/1_fake/10066.png,120695,8976ab16,51823851979,120706,8,f13f0ee65121db24379ef35a643f759e0da472ff614c8ccfe4dff0b4f789021c
train,progan_train,motorbike,1_fake,motorbike/1_fake/10276.png,112040,4d10188e,51907187070,112060,8,b4e7be50187218145bbf1552baca5f235eea2598ab5b0ae5e6f21558b85b9c68
train,progan_train,motorbike,1_fake,motorbike/1_fake/10281.png,133120,e3382782,50819912841,133116,8,018806248cb62f71850232d2dc79a951fc8271d8cc402bd92ec737b8a29e0580
train,progan_train,motorbike,1_fake,motorbike/1_fake/10997.png,129430,c9160c71,51661019423,129424,8,935c6d89cd65a9345c67bcc815ab601de01902eba456dee1dacb1c2cf60b1d5f
train,progan_train,motorbike,1_fake,motorbike/1_fake/11266.png,95736,1c13f1de,52072315835,95572,8,b8450e3af0b88ad2268b92a90faa579bd8f7db1ce3bf0cdf42469461fa9f969d
train,progan_train,motorbike,1_fake,motorbike/1_fake/11398.png,105420,8b8e39f3,50868984119,105250,8,22bfb890115d6765cd44c4416a077f92847625ae86831e7d40073e8b85d07cab
train,progan_train,motorbike,1_fake,motorbike/1_fake/11497.png,90618,e01e8a91,51917795017,90564,8,fa53c917f475a3ba38abfaf452a7611afcd0b4e622b47c2dd4cffb36cd24d36f
train,progan_train,motorbike,1_fake,motorbike/1_fake/12014.png,107594,a693c820,52361059102,107559,8,5b0fee20869b5deea00813e4368a167c0dd369d3437e6e6d49e6ec969674e0cb
train,progan_train,motorbike,1_fake,motorbike/1_fake/12045.png,142820,46c8632a,52235834638,142267,8,e31ad9427b39ba59329f92c64f9035dc9f472305fca2ff30e2a5e0878f16ac18
train,progan_train,motorbike,1_fake,motorbike/1_fake/12190.png,91927,0e217d9d,50840831217,91616,8,9c7b33e663bb966f92a9a9378197cdf123994dd598aecbeae4f74c29cb9b9a6e
train,progan_train,motorbike,1_fake,motorbike/1_fake/12571.png,140916,792c3379,50869655643,140838,8,e085876627af8ed19c2384304cab5a5992d1670182db30fca3da7a6819d50ece
train,progan_train,motorbike,1_fake,motorbike/1_fake/12970.png,112967,9c32db5b,52139428697,112982,8,aa9602264e3c4f74ce76e9824268a2937f58fbf49da8f2326b79a3a269081ad7
train,progan_train,motorbike,1_fake,motorbike/1_fake/13119.png,135597,c1325170,51629032498,135417,8,b8b9f8e896b5a491ab6f046eb51abf0fe756f2bfa4ba6a52d1f44e2be7b5a6ff
train,progan_train,motorbike,1_fake,motorbike/1_fake/13269.png,100891,34eb9aa0,51910885687,100864,8,225e236b9a9269e10bdc756e74c9b521c199b618500e95f0291c2e7d39af8f6e
train,progan_train,motorbike,1_fake,motorbike/1_fake/13951.png,73253,d7a32988,52427844661,72723,8,00b634e29ea41b2f23507877b6bf6fd593716d4c114557249f4cb1edc5f0757f
train,progan_train,motorbike,1_fake,motorbike/1_fake/14038.png,137823,f9fee3dd,51168540905,137768,8,3450cf1818ccfb8616352d5be9787244360b3e6f0cd0c157f74d614daa4b3fec
train,progan_train,motorbike,1_fake,motorbike/1_fake/14167.png,135117,a80d7cb1,51523438781,135031,8,873114f966a6e82a084ec88eaf2b04b43baa8881b29e21fb357d20bfa802f0ee
train,progan_train,motorbike,1_fake,motorbike/1_fake/14188.png,135463,d1523cd3,50915743727,135030,8,5174e435541f768a7d7080da369cc166393384a743b1a4bdda2ee88f21a4ab4e
train,progan_train,motorbike,1_fake,motorbike/1_fake/14341.png,107793,17fc378b,50756500737,107813,8,ae6acab6a53df9ceb57141953519e90ae771cd699e00d7c6e21ec7176e70d1ec
train,progan_train,motorbike,1_fake,motorbike/1_fake/14768.png,142586,ce1cf5d0,52468296805,142520,8,a2caaccec48bb1079a2e42876bdf8d616cd7c4ec8c1abc464eb2fe913dd1b4cf
train,progan_train,motorbike,1_fake,motorbike/1_fake/14807.png,126575,a77fdb6f,51405409603,126505,8,a7ba1491aac0b924f1b61fa2961f5105b2fa8e30ae056c04e8fd1d8a9f5ee967
train,progan_train,motorbike,1_fake,motorbike/1_fake/15235.png,138199,c7014cfe,52049565809,137501,8,841f661c8f978b2c4a0c130d8aa24c6da4f54fd346241c1805106fe00aed8a22
train,progan_train,motorbike,1_fake,motorbike/1_fake/15675.png,78858,4701868c,52249591039,78583,8,14cf766c9071d60b7cb6558cb544c9d36d5a9a782a20bc382b8d16f4bf317751
train,progan_train,motorbike,1_fake,motorbike/1_fake/15763.png,118990,716c46f9,52378895838,118977,8,8a455ea0bc961fc21fd3b9222b69a3108c0526c1fe108d2d687c864c24bc52c8
train,progan_train,motorbike,1_fake,motorbike/1_fake/15864.png,75906,e0cbccba,51290182352,75900,8,4f5cc373cacb909aa101ea970b7be416f98a60889acc1056e59647e7cd8be19b
train,progan_train,motorbike,1_fake,motorbike/1_fake/16007.png,140260,49b46af1,51896055001,140163,8,f4ab9532bfded61bd4c6f19d5210bf16374644fda5fdd232da0052bb2ad82d70
train,progan_train,motorbike,1_fake,motorbike/1_fake/16116.png,90205,f9656eb5,50440011074,90186,8,17b760ee0116ff896872499c9cf5108c2842ebe50bfe8286ed914ace9b2e2cd4
train,progan_train,motorbike,1_fake,motorbike/1_fake/16570.png,105510,4a7462cc,51869922922,105376,8,3f00cba0f5f8c56b790dd43cfce0e6bbea6607410241639cd963225151c8b42a
train,progan_train,motorbike,1_fake,motorbike/1_fake/17834.png,118152,ce032b36,50465547298,118141,8,8f73e7e60748559c8fc0372e984b9e5e8eba767d9d30ab2fca244879a1f0f5c6
train,progan_train,motorbike,1_fake,motorbike/1_fake/17899.png,95296,60ab74a7,51327817417,95279,8,4f664e84d5e30c83ac66a3565b7f0a03daea9112aa76db7170ceaa7d6a6390f0
train,progan_train,motorbike,1_fake,motorbike/1_fake/18732.png,115342,9242781f,50649505630,115021,8,c2e03ebcb7000567331f363eab41c1a481e16d3f0a9838b2e79388367fd1919d
train,progan_train,motorbike,1_fake,motorbike/1_fake/18743.png,98331,e2bf38f4,51656320327,98346,8,74057dadaf6b07367fc978c400922af6347ec7c84bcbac03f3746e376f942d3f
train,progan_train,motorbike,1_fake,motorbike/1_fake/18836.png,106894,b3746682,50519052859,106665,8,3d6458355551c6960515079a4f7fed4b7f846b695191216ec85ee523960604e3
train,progan_train,motorbike,1_fake,motorbike/1_fake/18976.png,93947,0a236e56,50540068178,93590,8,54bc86ded9b832721c38562db4c91e5dcbd2bbebdf9b490459301466b4119dcb
train,progan_train,motorbike,1_fake,motorbike/1_fake/19096.png,103901,21afaed9,52170379762,103885,8,f8346264c227076b3f5f3c884d0c5cc011aacef9f60ee5bde02dee33c47b81bd
train,progan_train,motorbike,1_fake,motorbike/1_fake/19137.png,142513,b8903eca,50376896120,142292,8,dd2fb19f6f86185f25ff2655fcb138fb45a504599e6e098bdd4244ec9b59dbb8
train,progan_train,motorbike,1_fake,motorbike/1_fake/19545.png,111320,3e9304f9,52125529876,111340,8,16060b69b0da789739c63bbdd636e7a0a4fcb5a02e2aaa632daf9c9f94301716
train,progan_train,motorbike,1_fake,motorbike/1_fake/19646.png,141477,87b6be68,51006408394,141291,8,000c07938432998a78edad06022a0d0b8aa369fff55a8fe217cd5579636fe33b
train,progan_train,motorbike,1_fake,motorbike/1_fake/19731.png,147507,5ceb1bc2,50721010422,147445,8,9a4e2633dcc572f98dd0670d6478568fc733f099c6317c0d76391ba1da6913bb
train,progan_train,person,0_real,person/0_real/00093.png,92396,49b566d8,53971419501,92411,8,0de8b2c1d917a1cdbbe848f6033112de0287e18e82ae8bf81a0b6f293572bfd8
train,progan_train,person,0_real,person/0_real/00532.png,102802,d5269be7,52716081932,100581,8,2a6f7a9c58ee3a1ae8f30bd6bb4cf4e114691654dd3ad3e593469718e88a7740
train,progan_train,person,0_real,person/0_real/00649.png,44568,fceccdf2,53676414843,44578,8,ec755e6ecaa19201133db29ca264f8a0854946f1877de19f1400c02385ec4f0c
train,progan_train,person,0_real,person/0_real/00874.png,48624,15d43501,53978528424,48394,8,2beb5b796fe2b5bfa6e8799acfef727d27db196a0a8984a3e89b15407bebf82e
train,progan_train,person,0_real,person/0_real/00962.png,122726,1e30ea71,53723742811,122672,8,c986a198e002ac97de87be53717b5c79f0c26537e816424378511e19a6211651
train,progan_train,person,0_real,person/0_real/01088.png,91794,1805feed,52616973826,91701,8,a56d0639edc7d3631c7d732ce5398762c5ca055357129be77b15126d9cbb399f
train,progan_train,person,0_real,person/0_real/01252.png,105576,162cd2d1,53411343562,105589,8,6dcdca3f3133631814f7210d49f21dd8cb9b3b9929b9e7084dfa3cca5e7ebbb3
train,progan_train,person,0_real,person/0_real/01470.png,117732,926c99ac,52626899212,117700,8,416499135c4cad3c70325cfdc8569721860f04d1db3c5d4de8f7daa12f310f03
train,progan_train,person,0_real,person/0_real/01526.png,121147,2307845e,53736203668,121052,8,30a4d4e2c973b1b4e55c71feb9a417fd19b31900a158d82dd9d5e5c44f547b29
train,progan_train,person,0_real,person/0_real/01575.png,116274,3aaedbc2,53898127222,116291,8,f2f1ed6402fffecf1f84eceb098d41dc26508900beb402af324b786e8a4515a5
train,progan_train,person,0_real,person/0_real/01965.png,72881,84ad1919,53826718350,72685,8,762f0ab098b8f827f67fbd424316e9a71b2822280c321d9573cb71594cc417ce
train,progan_train,person,0_real,person/0_real/01987.png,142018,bd61c9cd,53517453730,141758,8,1d53ffe90ded1b2bb880d80d9ae30bc4c6664329ba2a7a0d3dd02472bc5a6f12
train,progan_train,person,0_real,person/0_real/02612.png,92030,47f837b6,52791157679,91784,8,8e323e7a367c2e35532cfddd48776b476b0b66bb068f658248eb868e9d2fbcd0
train,progan_train,person,0_real,person/0_real/02749.png,46645,6c503412,52752599961,46602,8,ce1b1058c1134fc3dd1bab7267fc9666fdd38f76965b78a7fb793a383d8ac859
train,progan_train,person,0_real,person/0_real/03112.png,112964,f095e0e3,53260700327,112853,8,aa5060881043eac9d1a0629cb21ef64b70df7e96336d37cee851712a0996deed
train,progan_train,person,0_real,person/0_real/03472.png,92572,def945b8,52976816505,92575,8,dc8da758b53704b6f4f021be0126a82001c3a785d5cbd4fd97cb6694aae56870
train,progan_train,person,0_real,person/0_real/03669.png,149249,ce3e90c5,53756681303,149274,8,118b39ea61be9ffe1b6435142ea45a7b9f020209aecd3a3b47e730b37993c628
train,progan_train,person,0_real,person/0_real/04159.png,82789,837d85cb,53244941738,82799,8,dc30810a3e736e84adf6b5dcdf7e222ec1c999af8bfff599ea7520949594a8b1
train,progan_train,person,0_real,person/0_real/04422.png,122688,7124b769,52890938498,122708,8,4d48486e13f31018db28126f545d799c16712577c5b230064565c2579d24bc4d
train,progan_train,person,0_real,person/0_real/04739.png,69349,91f8edbe,53313362465,69364,8,e0e09b8cebc74a8a4183d8bfde033e91a28179b36f846df03bfc8cf334385fee
train,progan_train,person,0_real,person/0_real/04834.png,74962,8f8f9258,53269623450,74860,8,6a23c6c2486adb1cec781c987a7b6b45ca0d2c8b2277bd3877de9459ca0049a8
train,progan_train,person,0_real,person/0_real/04853.png,74640,adbd63d4,53827669841,74528,8,c8055358d399dfa817e60ac3cb3d6e6767ddf15fb4c2fad85f60afaa519c4e7c
train,progan_train,person,0_real,person/0_real/05245.png,122919,d744d140,53014545718,122758,8,8a3edff212defcabaacc5709bdacf8b2a25dd69194147a22c5a0b030bac48afc
train,progan_train,person,0_real,person/0_real/05791.png,60011,34477c99,52749123424,59270,8,a72fb3f07d86d7418122abd1bc196173194814123054fad6a2852bea37aa4837
train,progan_train,person,0_real,person/0_real/05823.png,62681,332d82ee,53833194955,62670,8,9a8461f4c988c50c58f665f4ed0a35131dce8338e787f268e93c33ca39d7594f
train,progan_train,person,0_real,person/0_real/05898.png,114423,e7220f30,52591501031,114394,8,54e0066241fda6fdba159d987037027882c96007b9eb1351ceea9768afdae1d5
train,progan_train,person,0_real,person/0_real/05912.png,130644,ee746ad6,53596460183,130503,8,5a5b43ba34560241b306e95cedd09e33b9c9374d12486ef4f45cdf8159b400f0
train,progan_train,person,0_real,person/0_real/06165.png,74027,00dab0ad,53752779251,73747,8,31aeb16e89155f4f35f03539180b151bfbea8ce792518f92448b8e692b799f13
train,progan_train,person,0_real,person/0_real/06375.png,101909,beea04e9,53807897619,101898,8,2a3130e7aaf1689939c2b126ecac53c473cd004cfd04f4f02c84f841edd1aa3f
train,progan_train,person,0_real,person/0_real/06450.png,75374,b506ab20,54012975360,74463,8,30440e19633a30758e6fcb40b1fe1efc99f94465186adcf6f0d62704a576d0d6
train,progan_train,person,0_real,person/0_real/06490.png,119192,446c180c,52654277741,119212,8,c9703df8435d705d04d79c4dad66b8635044c46be527efb234c683713b396284
train,progan_train,person,0_real,person/0_real/06589.png,106066,321bb703,53297988249,106086,8,2a623c2c3e4367f53065381c4fd7751aa4e2f5bb6da3b8a13077f418175ae85d
train,progan_train,person,0_real,person/0_real/06819.png,53141,81c33a2d,52905484240,53117,8,e392836e9cd5b9e4fe11e59066185a3bf0b27f26fa5836ad847ea64040f5a0e0
train,progan_train,person,0_real,person/0_real/07077.png,128095,1a63d880,53416478494,127815,8,aba79af3e0fd162cfa163d794c2adf39661bad9fda68a87637a104d4cb05f507
train,progan_train,person,0_real,person/0_real/07339.png,99965,ef19c662,53739528974,99943,8,ea7572d92914ce16e36bf6aad3146f30bee8db577bf2f0ebdc67306d1a19ca61
train,progan_train,person,0_real,person/0_real/07410.png,134704,e07b78c2,54094520878,134718,8,c251f90b313b162f177887f5961517d7216817bd1f1c723bfb458e56a348fe4e
train,progan_train,person,0_real,person/0_real/07823.png,107805,ea2f6077,54057505032,107825,8,588fb3e66218615984c4a986c7467650d4eb8848c4309ab833de67fecd8a4e4f
train,progan_train,person,0_real,person/0_real/07841.png,22580,da9e9ffb,53845932580,22328,8,28d59df64dfeb411b1cd1677a341002b4c5d4df66fe6845ce711f66db8389443
train,progan_train,person,0_real,person/0_real/08048.png,91134,d97984fe,52931886504,91149,8,89a3a2a8c1c360f566375043a7f8bd59cd7e1054c7065f1c92202d59a58418a9
train,progan_train,person,0_real,person/0_real/08109.png,93654,f7f68ad8,53762417254,93669,8,3c7becec449aeaabc2cbbccb38a25065c9a971b04441bbe00e44da0e09319bfe
train,progan_train,person,0_real,person/0_real/08211.png,93010,c9e9c0a1,54062924821,93016,8,a6e74ed679b38c3e06a36ed2fd78ea10ae78707b9c474506e4c8ee450b6ff4eb
train,progan_train,person,0_real,person/0_real/08274.png,103968,070bbe1e,53626834642,103983,8,528eb0c1f30b20485a096b0856cb1012476f6ef0bc9681bb77d19f842799f5a7
train,progan_train,person,0_real,person/0_real/08481.png,84983,ed22177b,53415867153,84998,8,e7a602f3b646a65e7ddf3495d96039361369888fa28e6f4ba5b764d896232818
train,progan_train,person,0_real,person/0_real/08679.png,86928,9f80a97c,52698996249,86813,8,3105d13c4fc0828e440e76ddd3c02e6f83c523707a6c7f13287f6e9bcd7c3cad
train,progan_train,person,0_real,person/0_real/08730.png,74854,bd8693d1,53539155307,74159,8,25db99cde6c6e3d9270fbd66231964db1cb3ba9a3c8dff157cfd3fd6e5e7df83
train,progan_train,person,0_real,person/0_real/09102.png,99911,ee72eb1e,54131952759,99931,8,d9516393781a56eee07bcbd46aabdc7798bdf1fece7d50e5af2cddfeb0351a1c
train,progan_train,person,0_real,person/0_real/09291.png,102352,2d8c10d7,53477819001,102030,8,13a2952c71ad14665474d914b24f788225807191e0c824c3f02e4b4baf873fa6
train,progan_train,person,0_real,person/0_real/09390.png,144059,649ff08a,53317700847,143955,8,a649892f9548bc00813e801fda4e2b835f018753303483bb7149e5a5c596e0ab
train,progan_train,person,0_real,person/0_real/09796.png,100057,d8cba555,54083702716,100021,8,402374b2a012165b894321e256db8633eb4bcb685e6a316fd70f0f84a18c0e34
train,progan_train,person,0_real,person/0_real/10903.png,126017,0643a0bf,52883088664,126037,8,2fea7aab8a1daeebb7e733dd2b3b9729536b389974f453bddd1ddf7f62dc12ec
train,progan_train,person,0_real,person/0_real/10928.png,80930,494a1295,53136614156,80945,8,3cedd84e2b32dd6c8618c07f0d4d6b2472041be80e96491a11c830db8537ca89
train,progan_train,person,0_real,person/0_real/10962.png,73630,bb201a07,52754767492,73488,8,3e5bbfc61ab9c1b9d932922a8f697504e7c382a6d7e24b1fed8734cfe0bbbc6e
train,progan_train,person,0_real,person/0_real/11712.png,114198,93cd38d3,52612887593,114138,8,2c26dbcda3273af14a5f19b7cc0b04c14c3b6071dd30cdc8fc3cc304bb388f00
train,progan_train,person,0_real,person/0_real/12203.png,80220,064ea686,53653071152,80161,8,90f884e9ca7aaaebe4e3f82e6458824e3225d84108c33af60ad8610659caf494
train,progan_train,person,0_real,person/0_real/12218.png,134773,5a2adf8c,53760387873,134756,8,f1abc9985216357b928d28821cc7ddbc056dfaaf53c93cbde002246ef7dc9340
train,progan_train,person,0_real,person/0_real/12319.png,89757,206244cc,53402863652,89772,8,13a1e30c5d006c4fdffab83395abd357628564ca92d09a8a381f20538cf7ac43
train,progan_train,person,0_real,person/0_real/12490.png,135595,8bdd9676,52898744917,135594,8,d3050d28e2935f75e68106240a8ad1eaf2ee662d31bd1bf3b7a7dc0aaf9c34f9
train,progan_train,person,0_real,person/0_real/12984.png,79434,601323a8,52586849552,79408,8,c634ab99573cabbf60441296312d02fa3bd1719d6fb35be6de6de0eaffa45294
train,progan_train,person,0_real,person/0_real/12997.png,96613,0153082f,52872000211,96612,8,96ab8425f1ef581cc7dedad8d48d8a8c38aabaf62174650493d15447ff36984d
train,progan_train,person,0_real,person/0_real/13149.png,66789,4fa4963e,54002568707,66108,8,f6fbf1b6b1d7cf533b38fd74ba38f6e4c31db5b356564df339610727ba82be25
train,progan_train,person,0_real,person/0_real/13186.png,109479,47152513,53375081057,109254,8,1a5ab2d915c4e0477fe31335721139df1cc72092501155d9bc8a2e4ddbe6937b
train,progan_train,person,0_real,person/0_real/13293.png,123580,99f14585,52952411189,123593,8,0d3f9cfb62b4237d2d1977ead631a764e31e6634e93675e11c0686b2311244b1
train,progan_train,person,0_real,person/0_real/13583.png,89374,ed538a37,52913157674,89389,8,178c4d1bd81d6a766dab7da5c3e226f1200e86c20d16e80c2cc4096a39998ece
train,progan_train,person,0_real,person/0_real/14076.png,73554,af27f387,52550773710,73497,8,843b78dfb78c4bdab1374aaba1f70ff301af66f698410f81f9e9a3024849aeb9
train,progan_train,person,0_real,person/0_real/14169.png,76034,daa89ad9,53511094581,75977,8,0c862efd3b42adf16f701ec88242ad95d15ec2ec1ae7ae73a450ec28bc628bda
train,progan_train,person,0_real,person/0_real/14177.png,48563,44fe1027,54008171982,48333,8,ee80f7a559c1012ad41cbaf6338f2360b946c9be00741af3954d0ae956855265
train,progan_train,person,0_real,person/0_real/14184.png,153190,b75e4452,53139320551,153075,8,69741e79a48eb67c88e498c859f94fa942dc09271bf0c034c8c211855ec9c9c2
train,progan_train,person,0_real,person/0_real/14328.png,67788,8cbb778d,53829326687,66995,8,da97fd3476b6008c60bd24fc336d956e22dd9567fac45c977741b25f89eea261
train,progan_train,person,0_real,person/0_real/14563.png,92675,de8e68c4,53479814521,92636,8,41e7933e9a6fadafb569a8a7d0e8ccf63527604e34b84bee7eed08580126e215
train,progan_train,person,0_real,person/0_real/14985.png,66812,5780c491,53402285332,66409,8,363e55dce61744dfdc5bf569fb2d79c10a2d588e35774a24c504da0fd824c5de
train,progan_train,person,0_real,person/0_real/15254.png,62262,844c6e31,52699963799,62269,8,ec2b249c99522afdb38cbf1547ad2e1b599a0ab37aa2228280f04b9972e965c7
train,progan_train,person,0_real,person/0_real/15410.png,152652,2c8a9f73,54201385373,152646,8,f71590bfe2bb710a8aee6680ae56554c6136ba904ab0879786d1790dca09b244
train,progan_train,person,0_real,person/0_real/15476.png,93379,cf056a2e,53245393348,93394,8,07d3bb1eb721de46cb101dd75a7b26c34aa6a27026f4998ccaf1cdfecff4e4d4
train,progan_train,person,0_real,person/0_real/15542.png,110405,625d1921,52603630648,110265,8,04d997c03b3fb2f101624a8723763b05d30d1ff17d098129decd167c88e6573b
train,progan_train,person,0_real,person/0_real/15715.png,108081,76e5b111,54128340999,108053,8,dd35287abdb81150946056e035277c37817d11e91af8381320970facffa9af51
train,progan_train,person,0_real,person/0_real/15804.png,78259,43c8ad85,53544809731,78274,8,441c8b873a37f9d4ce9c4fe7bdcd5185f3069483d0033bf263ba9dea51005526
train,progan_train,person,0_real,person/0_real/15828.png,107911,98662945,53317970246,107806,8,09aeda56791d93bdf96b070f2d1071761bae6f2417dbbdf88846858e7e70af4b
train,progan_train,person,0_real,person/0_real/15883.png,74141,8ce55fa4,52982264801,74072,8,abb034275faa9c700a0c8f242b495aa70e83ab4fa3ba4aa0c49e9fbf6d6d76a1
train,progan_train,person,0_real,person/0_real/16020.png,118700,d4e6be66,53743375387,118420,8,61438588cc6a520441124fd8f0023e73f352a3f092a54abbe71e2b0a29963ff8
train,progan_train,person,0_real,person/0_real/16432.png,84441,1fac5fee,52814363040,84371,8,0247244bc4b477b070de43584afa8ee667eb0a91ae726c3ca79e32290134d59c
train,progan_train,person,0_real,person/0_real/16557.png,132576,0d0b4599,53083501473,132521,8,5baf25ca55718d328366c6048d8683583d042a13b4252c7161b03e40c0bde3ae
train,progan_train,person,0_real,person/0_real/16662.png,117586,43819f3b,53795977466,117327,8,57c324fcba7875324090db8d3ad7186ed9f0579189e2ee894c4df8dcaad5f7bb
train,progan_train,person,0_real,person/0_real/16815.png,113766,8ca4ac46,53180997015,113741,8,a2cd2cdacbe1f72f1a98aa15ae41f1987d2bde89d73dc2c750aacf4b6f4af5c3
train,progan_train,person,0_real,person/0_real/16869.png,79889,28816db8,52988098057,79867,8,6ba76b70dc292552bea06480fef8edb5d16fa1bf67015c345d6bde118c98e363
train,progan_train,person,0_real,person/0_real/17184.png,74562,99c11fd0,52607102891,74577,8,4de0b279d7698568ac25831011985465fe4de63276b6bee1b207997dc4a0c072
train,progan_train,person,0_real,person/0_real/17223.png,30495,354b136b,52617626333,30448,8,5a6e1fb1fb75b767e2b82418804b27ea832b5629c554cc6236612244e9ad39cc
train,progan_train,person,0_real,person/0_real/17240.png,60633,0f99fb29,53681592069,60519,8,a3ec6110ce10c81f45a2a1cee58488c46fe745163cd866c135caa1a9b3a58267
train,progan_train,person,0_real,person/0_real/17551.png,94752,5de3a25e,53804412260,94767,8,1b1285d3ecb13e1a09c90a8b387c3aef1dee8efba8598a91ac6a0d5caf8f2d40
train,progan_train,person,0_real,person/0_real/17744.png,107819,15565eba,53071839229,107797,8,82077f8ced563894a5cf37559d93ad3c14d46d42e263621c9f515d9d105474fd
train,progan_train,person,0_real,person/0_real/17818.png,86488,6c70079f,53074577893,86503,8,5b7a13947cf46ff8311cca33c9718506ccff952cfe2f5fd0c208befb02ce897f
train,progan_train,person,0_real,person/0_real/17994.png,108887,92e97e44,52695639046,108852,8,c01703cf292606e5e9b4cea33ef342c0771da1d86f32265ac386717e19a278f7
train,progan_train,person,0_real,person/0_real/18176.png,133325,b692c9bc,53229034494,133350,8,fe79ff41726393e6aa41edccb7a870c0fb2385dece806f024325d8f8b2790ddb
train,progan_train,person,0_real,person/0_real/18249.png,91125,b86f5c72,53423355484,90920,8,68c4ff35eb81c3c851371967da761772820a27f4cb861122c6dd10afa4a7184e
train,progan_train,person,0_real,person/0_real/18449.png,76213,679797c8,54187730134,76002,8,44b124eadf70e32851436416de7ebf6f263fcca8bb5fe6bcf4d7a7fed63d0878
train,progan_train,person,0_real,person/0_real/18471.png,90235,298712d2,53286546725,90250,8,e1d7eda193c765131b30adeea6366a9813767a11338be06607a7a2719c40e7c5
train,progan_train,person,0_real,person/0_real/18515.png,74319,f7dceef0,52821106138,74334,8,8b2a1d6f82c37187593e16538a42530c1ecdadf4c4dfb122e40a9b45e745a2d1
train,progan_train,person,0_real,person/0_real/18634.png,144415,ed20e87b,52501158369,144301,8,ddd695ea1d58bb75cca59120ea7d549b69c46be5bcb05fc29e769c8c91d7b54b
train,progan_train,person,0_real,person/0_real/18953.png,92463,3c9cb53b,52643716911,92446,8,bcc2a5d631121711e922581a2e9a6282b055351895dd0f29fee84efbe61531e1
train,progan_train,person,0_real,person/0_real/19052.png,76483,b9dbe98e,53887685803,76498,8,41a9d8300eeace2d1d1cc1d90b2494040c6dd93a47b18ec6b06e5c4483694528
train,progan_train,person,0_real,person/0_real/19118.png,151307,c32eeb5d,52938109039,151332,8,1df6af98db63f4f0bacab3634c92ba8b195753ddba1776dd5d1706b588d11da6
train,progan_train,person,1_fake,person/1_fake/00087.png,122503,61afa4bc,54449308125,122383,8,b5a84f7a9c554bf2f2228f6062f11cb35728682ee85e4e52d804683d242e9600
train,progan_train,person,1_fake,person/1_fake/00242.png,84920,a11f2155,54743851560,84909,8,9cae38e2cf7376f857d34f4270df37f4f1fd514c6f988c6106d8b8bedb34f140
train,progan_train,person,1_fake,person/1_fake/00475.png,111897,e3fd2477,55261734587,111917,8,36873c44cdba01164a323146cfdb5c31ad08411a56773d013e00da6d733e42cb
train,progan_train,person,1_fake,person/1_fake/00882.png,98774,3dd56501,56042374956,98721,8,45301d752fc9d6f4345a9cf353beadcb2dfa2234d884d2fdd703e7336f99bfbc
train,progan_train,person,1_fake,person/1_fake/01205.png,111388,dd0c9423,54406938370,111268,8,dfd0b2249d35583cd0b1c2caca01844b5d730ea3dd5c8a259f6131bf6151c81c
train,progan_train,person,1_fake,person/1_fake/01684.png,106201,5db6f3f0,55134770727,106215,8,8fd5468413c257719059a144db213c804b67d0a5317fc8ce4070220895a16b81
train,progan_train,person,1_fake,person/1_fake/01886.png,72938,239e1193,55337887918,72939,8,a6b19cac21e256d5e337a976c3bbd316f8933ca3a0f00b6b7f4a5f6935a15f58
train,progan_train,person,1_fake,person/1_fake/02494.png,41935,01eddd52,55336935143,41945,8,7a1dea3795ce162c7fabc59517501b9629ba3a03821c345fc07bc46342d38093
train,progan_train,person,1_fake,person/1_fake/02591.png,103262,957e8910,54385977244,103097,8,a60978e4a24b13a446325684edb96ef6930d0a529a62d1d5b608f8da889c44bc
train,progan_train,person,1_fake,person/1_fake/02688.png,95304,87e5bcc6,55382131305,95319,8,8f2c7fb237089d1b462ee6859967676a0fad85b58a52092d4d3f7d54c359367c
train,progan_train,person,1_fake,person/1_fake/02709.png,112195,6fc1165b,54537384311,112176,8,72154e039ed307d83b099a8f9636c62d9b344dd7d111955fe54ec467a0dd8dc0
train,progan_train,person,1_fake,person/1_fake/02766.png,108356,25ebb2c1,55122814960,108376,8,a5c12598c0c68af5231554504cfb3c2bd084c2294994e28de6f920aedcf31815
train,progan_train,person,1_fake,person/1_fake/02886.png,81151,f7c0d96c,56034250900,81037,8,d4da1a5cd102f3341d31fe10b9a5aab6e2ab8a3965284babf2c5c52c7b399bf5
train,progan_train,person,1_fake,person/1_fake/03889.png,90937,0e208554,55939534028,90891,8,6b1353ed72ea60e976171cc11e0ccfb5ad59d2d758c4129614b697ca9bb031e4
train,progan_train,person,1_fake,person/1_fake/03890.png,111289,e77a978c,54809845998,111233,8,7a8df96fe25db867fc9704708ec75676d72e7416d5502df51aa144d4a0befae5
train,progan_train,person,1_fake,person/1_fake/04001.png,91052,cae6b577,55611282972,91041,8,44a0aac4e5a4268a855620b9a214318cc881718d5025278f24d39526b55c70dc
train,progan_train,person,1_fake,person/1_fake/04095.png,101759,f8e4afa9,55969116094,101779,8,7edeb398e53ce6f1e6f04463d22b7f5cdf5e36501eca10e8d19fdd031cbd5d59
train,progan_train,person,1_fake,person/1_fake/04447.png,78802,0e51db71,55864848328,78817,8,094b2b2400b2da5915890d2857f69df37eb76a8db9620cbdc8edcfd2d25a76e6
train,progan_train,person,1_fake,person/1_fake/04455.png,102287,6d268f9b,55490947162,102227,8,dd9656cd338b8b0d71a18747c3cdee7c3c75ee8cf558066761a8feefb850eb48
train,progan_train,person,1_fake,person/1_fake/04628.png,145667,7d0c786a,55127040797,145692,8,5493960ee80ccfa6a4ed280e8b4c8cbc6af804bd4a423a23bf9b0ad6419be013
train,progan_train,person,1_fake,person/1_fake/04800.png,99809,06bf24b4,55354331959,99824,8,13d8ff1f74e38da2ec98df74db9f895b8a8f578267166c11107e2a8b27995ea5
train,progan_train,person,1_fake,person/1_fake/05005.png,71217,7272421d,54505679905,71198,8,896a1267d4b4da8dede46f7e4d417394b7173dba6b42c174c3ade1925d57f5d1
train,progan_train,person,1_fake,person/1_fake/05151.png,83950,00d076ea,55574832867,83872,8,3d3d9f383f5769531170f24081880288e926260d795facd15c5dfee9701a260b
train,progan_train,person,1_fake,person/1_fake/05401.png,100245,713003bd,55173115989,100265,8,5341d49cf4723ffa6f1dc0fe0e0eef5a4a4a9336552701c553caec635c8976fc
train,progan_train,person,1_fake,person/1_fake/05664.png,132714,712b32be,54667862673,131536,8,803ccb84eec4b6f91c9ce670ed8e0175304d4b6bde45e34d62efd18cca04df97
train,progan_train,person,1_fake,person/1_fake/06020.png,55845,1b2269d2,54480214273,55855,8,c1d6d29c7c8c29271c455250c9431eca14a2d0f6b32e131c1d24be711794ef22
train,progan_train,person,1_fake,person/1_fake/06255.png,94912,cee8cc4f,55142251282,94695,8,db39b8b3dee56e23dfb7a8adf2f710cb959509f028eed4279383dd515b28c8d7
train,progan_train,person,1_fake,person/1_fake/06414.png,126349,9642a88d,54955930984,126273,8,3f0833ff82c67d6c8d4a738012477c742c9b7d1e8bb0ce83a0d5c41b4ba02e75
train,progan_train,person,1_fake,person/1_fake/06457.png,132391,1c6fda61,54667103350,132185,8,aea1b5a24b2634831815b848d482f48f001c6f8cfd2b87a2630236f72a29995e
train,progan_train,person,1_fake,person/1_fake/06794.png,107902,51217765,55479625952,107785,8,4eb002c8a797a238617b43469d529e687a6c8ffcbb959fa6ef5a79decb49e0e6
train,progan_train,person,1_fake,person/1_fake/07019.png,92047,20671dfe,54287684488,92062,8,34d867790b32365105fcfcef01556c813d93d5aa9b914b9ba7acbeca73d9e62f
train,progan_train,person,1_fake,person/1_fake/07037.png,110899,d7660633,54295256566,110617,8,8e63e9f91622a581ac4b1e2eaf14e5c1a5fffcc8962791b1cac47153d074b2ed
train,progan_train,person,1_fake,person/1_fake/07143.png,77806,55268a7c,54271543525,77814,8,ecd8888ed8b70e86f931a69e6be46546328b3dbe9e09380803f0b0b2a032b29d
train,progan_train,person,1_fake,person/1_fake/07205.png,79801,36dfd12d,55607076594,79802,8,d578b78e70798f7081f2bd9fcdeb368b7125121fc5d91d3d87635dbef19ac1bc
train,progan_train,person,1_fake,person/1_fake/07536.png,140945,c786b2f1,56032279003,140970,8,9cdeaa26203eb52ba431db93a4ac1efe2b876a3307ddf2c2827c0cc709366bae
train,progan_train,person,1_fake,person/1_fake/07921.png,103588,f1393997,55711979345,103449,8,a37bacab5d4fe333de2ebd67b75ebb412a61bac995a59f6808f64c91228788bb
train,progan_train,person,1_fake,person/1_fake/07947.png,85629,513c4c57,55643068232,85644,8,d4cffd0dd7032f0bc8a3479cd9460337371088b8ffb28b4c218c78a49531a6eb
train,progan_train,person,1_fake,person/1_fake/07978.png,125861,05a47184,54604559602,125740,8,d9ea4edcd85b67e268a544529af032a02b9faaec4ad1fcd11f3789db7b6c98f8
train,progan_train,person,1_fake,person/1_fake/08045.png,76334,9191c47e,55963388840,76343,8,9622be418af2dd649d3644028dfe1be8e22a42698bc22bfeb70954f811e87f81
train,progan_train,person,1_fake,person/1_fake/08103.png,102584,009a504d,55086952608,102305,8,934aaa06a582d91983821cdbafeb7d2bdda6458ab53d927199caffd480531da9
train,progan_train,person,1_fake,person/1_fake/08158.png,74867,85a6fe11,54602455151,74825,8,5994ffd4bac759a0caeb627a854294be7ad38bd90ecc7152b50748eb3ad0c960
train,progan_train,person,1_fake,person/1_fake/08416.png,102804,4e234256,55676735251,102721,8,8920608b7f85045d26de4d5725143a7d85253b216ae379464e90e6dcb0c00ec1
train,progan_train,person,1_fake,person/1_fake/08577.png,94141,9b845f4b,55924728487,94156,8,e92332352b02a1dda2bb0ae5b196b24fe70fb5b2a337c87d1f69f4634e78c187
train,progan_train,person,1_fake,person/1_fake/08705.png,138623,352d2898,54563425836,138597,8,f110caefb9240042f0aaa6e0610d0d5cf4c052a5c0adbd0cb4d482abbf82e116
train,progan_train,person,1_fake,person/1_fake/08717.png,94038,8f6fc38c,55937719424,93798,8,09b990aa6655bc80569965583852cc828270a9bdaa94d9f9a8ca3f998931febc
train,progan_train,person,1_fake,person/1_fake/08752.png,102321,4228b680,55501480059,102316,8,db6fcacbe8918392239499a0666dfc69dc39536ca4cc8b9bbf54e53fb1ff40e4
train,progan_train,person,1_fake,person/1_fake/09388.png,112159,f7a22e65,55151837036,112179,8,784cbdb6fe477a338249f5e6f0293c02da0a26f23861b16535cb787ea3cdf7be
train,progan_train,person,1_fake,person/1_fake/09545.png,92061,057a1218,54756518573,92076,8,94ff624a0b1b8381c3e887ed2ddeb6f184418a023295cd363fe5ecc48c3df246
train,progan_train,person,1_fake,person/1_fake/09772.png,111707,4a3501b7,54836440838,111314,8,02acbe6a1f9c17fcc6817381606ffcb2a0691d886077d8a61c5f6690b4356595
train,progan_train,person,1_fake,person/1_fake/09780.png,97492,9ead0dc1,54368170859,97248,8,43f061e212a699e11d17918ec52b820a62b09f269fe022d5f0b0ff3c4f54fa1a
train,progan_train,person,1_fake,person/1_fake/10002.png,80185,9fed1957,54575693871,80200,8,7a996e4aded8d303f39786e01b879dd86fc18a908389eac38bc99ba1e5e5c041
train,progan_train,person,1_fake,person/1_fake/10070.png,111900,c488cc83,55004178905,111911,8,1e055a863bf0014d6e54423bb6a315af83a8a7e043b1f5ccb1e93b7cc8d2c5ea
train,progan_train,person,1_fake,person/1_fake/11554.png,113902,3012e7b5,55279710266,113922,8,b521b0d45e14f94f7e4f19850fc477a74c8015a3cd92c6c612ec91bbdf0f7f3f
train,progan_train,person,1_fake,person/1_fake/11626.png,83923,ee665e29,54932852511,83664,8,c60b3d42f709405701e0bf9395b94b8994869dddeeff2f43e9787c644432e381
train,progan_train,person,1_fake,person/1_fake/11977.png,123829,86684d20,54867054675,123849,8,05c629e4ab1b70dd9b56a0717a01e5f5444af455fa3211231ee4ccc7c3b82d8a
train,progan_train,person,1_fake,person/1_fake/12036.png,80764,70217107,55118263157,80732,8,d6207aa2973860166c547bca4ed4cfb7e50d879275d6424da0d2fd25f388776f
train,progan_train,person,1_fake,person/1_fake/12250.png,125903,6e092090,55968990169,125844,8,f1f84a8bb4c34cb03c757ea8a31a084c6c82d15147fd8f11df31bcc5569e26f7
train,progan_train,person,1_fake,person/1_fake/12294.png,82549,3462a907,55336678162,82521,8,5d72176c07465d512fa9f46336e915b7d02d614a5de9a1c756efc7e368f52a08
train,progan_train,person,1_fake,person/1_fake/12504.png,129557,a978f17a,56043509700,129560,8,d0edeb65036e44f0326bcca956e9afb89818a2b7a188f512df7b570b3a3e1e2c
train,progan_train,person,1_fake,person/1_fake/12541.png,90285,7b8c1901,55002053092,90286,8,c7225797160bfb3e359031132b477007514fac3499cf5f3c7b104030577950ce
train,progan_train,person,1_fake,person/1_fake/12728.png,94140,902b1054,54883283936,94155,8,ff5a5ed164a284690f21260a58b87b93b5b2f247a517bef8fde2823469ffe127
train,progan_train,person,1_fake,person/1_fake/12759.png,87647,b8cb694f,54373902387,87640,8,4a38f10c017d6b46e700429e28eaa65faf2e118afa4df7f04c3968ea55b41eeb
train,progan_train,person,1_fake,person/1_fake/12803.png,105922,14fc619d,55343744091,105769,8,0fe11fad4679c32a823e5e25d8cc3d9c8c05a4009072740d628c502efd3a3705
train,progan_train,person,1_fake,person/1_fake/12934.png,62520,c3f3c811,54927093149,62530,8,bf79a35515fd38c32d1a39b3b67bce2a4c062f1e93eed2b7bfa4d647a9541b99
train,progan_train,person,1_fake,person/1_fake/12951.png,85668,61e7af3b,55314865585,85641,8,6acb660bf3a2f48de9ba639338cebc07f6c60804ab70de90d907fdbba6796ad5
train,progan_train,person,1_fake,person/1_fake/13441.png,95235,0fbf63f1,54908942130,95179,8,fcc943aca256f61b82e688e46ad3cc3830207fc07c164d3815a6df572fd87fa9
train,progan_train,person,1_fake,person/1_fake/13572.png,104661,54928b7c,54633736407,104681,8,4ad45990a6fb29be7e3b3c87e1da7b692ee107cbeec74cbbb5c4c20cb9710b75
train,progan_train,person,1_fake,person/1_fake/13776.png,102402,ecebb9d9,55744745393,102422,8,b14498080b7402b49742d90b63c02285b069ecb52593b3930436eb390b3d7857
train,progan_train,person,1_fake,person/1_fake/13806.png,109822,cfd136b5,55149167710,109137,8,1180ca04426462fc91f95d64bf6e27a7541bbb1d154483c0348e46266e0c5ee4
train,progan_train,person,1_fake,person/1_fake/13977.png,84375,52e24740,54540448777,84339,8,93348b57b96757e830cfeda4b01c7671c7723a84db7dc49b71821cd9e891a714
train,progan_train,person,1_fake,person/1_fake/14358.png,78990,fe836117,55264448218,78968,8,08f297ab80682b46d62aa7af1b30c99641172458430352a64e25d54aa702c48f
train,progan_train,person,1_fake,person/1_fake/14577.png,114867,39b4815c,55899459873,114542,8,3b2c2122ca5d78b63fb2ab47160b1dd120d80d55368fa1c6f0d9d4a952019553
train,progan_train,person,1_fake,person/1_fake/14841.png,112701,54d19fd3,54741636435,112592,8,69b4fb2d63f18357d19bbe8a47c7391a692fed2912d37790111530c7815b1d00
train,progan_train,person,1_fake,person/1_fake/15285.png,112838,38a11bc7,55333373436,112843,8,2bbae92ac945a79800ed422af20f0282ad05e3c3fbaa8f908a6ba596761d44f5
train,progan_train,person,1_fake,person/1_fake/15377.png,104866,cc14d0dc,55192632241,104886,8,7ce5626f706a8976112f99f4c3c5f1b169f43f19424a91d94cbf8cc716d5a4c8
train,progan_train,person,1_fake,person/1_fake/15559.png,112541,fd3b5436,54773018399,112416,8,6e325426550f1c0553528e1b3738ebacabd34ff4802c39e8f930a26e016d1a5a
train,progan_train,person,1_fake,person/1_fake/15779.png,100855,8e3ec9b0,54392672743,100608,8,5d94cc64a83030d83f006bcf13ef5acc7a8c08e897bfeded37eb934982276c0a
train,progan_train,person,1_fake,person/1_fake/15808.png,98491,d25755b9,55327090897,98234,8,b931e455d121dbf414ff4907af801e96668d70861cd661beeb115def81bc0d33
train,progan_train,person,1_fake,person/1_fake/15835.png,103465,dfacaefe,55124026088,103360,8,e742052a244080879e3dec5cccc4812354f09555ab8b39fdb3b41f0e5122ff0e
train,progan_train,person,1_fake,person/1_fake/15989.png,92605,f50bc36d,55511229053,92620,8,e986e48588b6321460d940d34f41b0de1f32c01567ca042cb4833fd04a952b7b
train,progan_train,person,1_fake,person/1_fake/16095.png,88540,29ba7c0e,54941522891,88474,8,9ec3cd66957b693a6e43d854840156506331df3d72f5a83ee676210edc06890f
train,progan_train,person,1_fake,person/1_fake/16162.png,116187,160753be,55141132108,116190,8,83f5dd18e0963d3b130cfb3ac07f5ad06b9ccd703b4b0a63ad6bc770ef2419f9
train,progan_train,person,1_fake,person/1_fake/16515.png,104815,919bd3e2,54240334971,104835,8,a77f58ca2bf7afa1706f35bdf35a0210db59330ef22926c0fd819af0107d434e
train,progan_train,person,1_fake,person/1_fake/16539.png,101098,61739077,55585408479,101118,8,be89d723d442c22a8f3386fe8a06254d56bb74b30b4e730b67a0b427c9c74f69
train,progan_train,person,1_fake,person/1_fake/17107.png,90310,3811156e,54985801072,90310,8,5ab225cf5fca7fe458555727f340cd1dc5f8589ca6882fba8e9a1c08337479c5
train,progan_train,person,1_fake,person/1_fake/17269.png,100794,d3a1203b,55591584529,100539,8,0c8e5b941d4305755cc848dbaede18b4d01bc0e7ce0acc23fab9188496b13aa9
train,progan_train,person,1_fake,person/1_fake/17439.png,99760,8819d98b,55868995655,99718,8,03f4726c91d3fc45ed09cc027096a99ef7d51b5cf907d9f20a7e42b296dc5c6b
train,progan_train,person,1_fake,person/1_fake/17441.png,127163,7b8bbd5d,55362288406,126836,8,ca82d68b6e5f0bb19711273ddf785bdff1edfeb85cac3b32c83edb9eb7794a71
train,progan_train,person,1_fake,person/1_fake/17561.png,118678,00de2b9c,55244835836,118579,8,488df7f76eaf6a6974614dca05854777c8424a1a9bd177cba123e8ec7c49388f
train,progan_train,person,1_fake,person/1_fake/17843.png,144592,a3bbf012,55998261539,144592,8,ebba57f8cd1d5e4bdf0383da50891e1e0cc05ab3acca093af14218e2a36a6da5
train,progan_train,person,1_fake,person/1_fake/17884.png,114301,6f0d9109,55587358746,114178,8,a00022ad45f0b5e0104ebebba14e2021a639e1be6535427c3b9bf8b72616013e
train,progan_train,person,1_fake,person/1_fake/18291.png,86990,a664aae1,55550514192,86945,8,cbc21f727c78e99d777ce90e6fe9f04512d873bf1ffea2ebac3341336b10bfe2
train,progan_train,person,1_fake,person/1_fake/18495.png,93178,466186c6,54505112777,93023,8,848387f99ffba6125c8bd524e3c7ef7280fa014f57b194421d5d05c786b80cdb
train,progan_train,person,1_fake,person/1_fake/18655.png,79334,2f285c34,55933527743,79341,8,2ef8ad99632855861b5d5d575dc5ebddc5841ab5b9039b70e4cb2949fc112933
train,progan_train,person,1_fake,person/1_fake/19029.png,95770,0919bd2b,55226805003,95785,8,d314af15cf2e1eb4ad12a80e4d730276bba87e7e315b5cb74abf8b5e311c01e8
train,progan_train,person,1_fake,person/1_fake/19494.png,129645,31b1a8b4,54480949788,129652,8,579feddbc9259220fd3deff09bfcc5addd1f644b052ef8a570ab2ceef7dc1035
train,progan_train,person,1_fake,person/1_fake/19534.png,80913,334b40de,55828835498,80928,8,9df56f3ca98d7390fbd33075a953c3121d22159a5f43afa2491b71179a344a86
train,progan_train,person,1_fake,person/1_fake/19606.png,129953,4954cd93,55192314391,129852,8,b8c3abf71f3e437d32dd51bf7a063d4deda5251a15a31cf671d1cc8bd82470c2
train,progan_train,person,1_fake,person/1_fake/19688.png,161392,2b78e8e9,54736712784,161417,8,acc0e17da1eed07dc94e716afa356a72ccbd14cfe46130a7ba5ce82e06272bd8
train,progan_train,person,1_fake,person/1_fake/19943.png,160541,b4f13c31,54725794978,159930,8,76e41dcb1f9813e2cba5feabcb19b5c6a65a8d9bb4b8b2f2cff7c05a2ea07320
train,progan_train,pottedplant,0_real,pottedplant/0_real/00389.png,146712,64ab76ea,57506889389,146719,8,40fb4c54d2892a0cb9a2769d49cf9d8c12be3a3b1a3c9e02cfb734579ed524a3
train,progan_train,pottedplant,0_real,pottedplant/0_real/00471.png,137162,01e752a8,56523427565,136887,8,2cefc29157dcae237caa1b5cefb5f02b67371cb3dfaa8b74a821ba091b6636d9
train,progan_train,pottedplant,0_real,pottedplant/0_real/00747.png,148258,3908ab0c,56803540413,148110,8,15423c7b709013e7cd2ab5a6f465e54ad1d04f0298da9d149867411d31fdc626
train,progan_train,pottedplant,0_real,pottedplant/0_real/00989.png,85455,4805ee0c,57490458620,85470,8,d5a5cfc544e4b93ca3f39d75a7f2a50bd3804b596a45fedad7f9a396b086fea9
train,progan_train,pottedplant,0_real,pottedplant/0_real/01536.png,150715,806ae7a8,58026376308,150678,8,0ff68ff75781603b7bdb8710e73b3a9ff52c4405ec2611b82859415e6fce18da
train,progan_train,pottedplant,0_real,pottedplant/0_real/01723.png,124716,6271f976,57626544327,124696,8,2e93998b4d29f94e534143e97b7b57145b05488c4f72c857e849bf40ab2d1887
train,progan_train,pottedplant,0_real,pottedplant/0_real/01729.png,156437,d4e6af4e,57357988776,156462,8,23caccfe0a05da08a50f2285f1882057b5960963d3a4e7071cb38aaf1040d784
train,progan_train,pottedplant,0_real,pottedplant/0_real/01774.png,116895,998019a5,56401644330,116876,8,3452f5ac93fbee1a2448158baf67cf5fdead8c3e5f4d7117e7d39dd44df6417c
train,progan_train,pottedplant,0_real,pottedplant/0_real/01864.png,133408,1fd048b8,58018957039,133238,8,09d0ce2fd915b2b43e86a8e9e29390398fcd7b91a6d39409de525f0061c6683b
train,progan_train,pottedplant,0_real,pottedplant/0_real/01878.png,125310,0e18978a,58182759132,125270,8,2366ae746b047f97b7293f52dd321801019f6f17d04b66892cbe847431db77ee
train,progan_train,pottedplant,0_real,pottedplant/0_real/02165.png,102230,3d092c6b,56187232256,102162,8,78897200c4770cd05c437ab7b4126f247186282510f1320e9290dd6932f32140
train,progan_train,pottedplant,0_real,pottedplant/0_real/02178.png,128593,70d423de,56904770985,128613,8,c61e90493b1cf58441997e1c1d113470e0148ad86b4e0dcb53ef426882a9f0ae
train,progan_train,pottedplant,0_real,pottedplant/0_real/02464.png,78237,b3d2c9fd,56254417329,78185,8,63d6c77f1008ce9f883694e45f01a6551ffd09c57e8f0c08be141f853b88cc49
train,progan_train,pottedplant,0_real,pottedplant/0_real/02467.png,133352,6dafb078,57412891715,133377,8,8903ebcf5e3bcf6640e0d61f4eef4b136efe4b84cd0de1198b12985d44c24549
train,progan_train,pottedplant,0_real,pottedplant/0_real/02696.png,115907,c93a4680,56798383268,115700,8,c0212e55dc01bfeb39f7d92050b563db5ed4a7aa4a15084169a8933b5a54ac62
train,progan_train,pottedplant,0_real,pottedplant/0_real/02819.png,138963,5da499f7,56327175590,138615,8,07ca8c098c7b1cdbbf4f79690f7ac6bcc3e982c9ee2467082810188d49131a20
train,progan_train,pottedplant,0_real,pottedplant/0_real/02870.png,130305,0e97742f,57444593807,130325,8,989d21e858ed6d8a0e770279cce6ecf9a317ee0eccbea60a0547b352ae6f36b4
train,progan_train,pottedplant,0_real,pottedplant/0_real/02991.png,74177,a4e6b8b3,58019647369,74188,8,a2c711fb3f149260d1091e41a5974d68234dc44bc1be67152333f51784c407d8
train,progan_train,pottedplant,0_real,pottedplant/0_real/03212.png,83127,1fec149d,57822167360,83113,8,43cddda858af4725aefa38cdaeca5634df5e17b744dfc8a58b8b31395f7f09a3
train,progan_train,pottedplant,0_real,pottedplant/0_real/03289.png,133211,d64f6c26,57515161524,133208,8,4688eca553b777de486559885d678c1bd03b9036f0e123fbe718c95c61d5d1f9
train,progan_train,pottedplant,0_real,pottedplant/0_real/03454.png,38960,c33a8309,56768650428,38868,8,7080258c115c1dd5efdf8d84e4bbc152bc566b3f5bac8cc6cf2d7d8d1f87f6b6
train,progan_train,pottedplant,0_real,pottedplant/0_real/03497.png,38313,ed3a557c,57171503986,38293,8,95731d633f9aff8b6aec84346694242c54d64c1873f4cce2a4eb6b81738194ab
train,progan_train,pottedplant,0_real,pottedplant/0_real/03767.png,71842,9346f27c,57764876460,71566,8,12c220550518e2116e0d55014c28e5ad2d0a32b50f306909dcc5f6e0cec69ac6
train,progan_train,pottedplant,0_real,pottedplant/0_real/03813.png,115289,65e67746,58144369430,115285,8,e81662815c123f13714f6b60dd8fac08b13d8868eb140851c7c60973d376b1da
train,progan_train,pottedplant,0_real,pottedplant/0_real/03930.png,78743,25b32508,56689904947,78653,8,260ec2bfdf3d56d16919240ce6fea4b4d3b8fe8dfaee370786dd412bb507d259
train,progan_train,pottedplant,0_real,pottedplant/0_real/04040.png,141327,3527ca7f,57905160920,141241,8,4daacaf25ba2854bf2f498fa9eb9f64b1fb51e9d4e2d418b8fd5d8190591b038
train,progan_train,pottedplant,0_real,pottedplant/0_real/04121.png,114539,725e09ae,56630578472,114451,8,af72f3fac3b03a95ddc802857a925001ef8ccb15a7141e6f1540fd565b886d3d
train,progan_train,pottedplant,0_real,pottedplant/0_real/04123.png,123547,53a71c6d,57637106047,123321,8,65bf9862671c3947e12e841283ea55f2c3204cf68d53d75d7b3c9b896e0108d8
train,progan_train,pottedplant,0_real,pottedplant/0_real/04317.png,77341,a38671c7,56574250015,77356,8,fff89aaea5c729283bd93c1888eca65295cb8d9d3826393ab835b59bc1e07659
train,progan_train,pottedplant,0_real,pottedplant/0_real/04633.png,114137,35903c56,57886324669,114055,8,18a4348b5b6b93ffb0cab04e0ded267de84efb428ae41473558bb4f2a954cb4a
train,progan_train,pottedplant,0_real,pottedplant/0_real/05155.png,69451,9ac63f21,56842372246,69438,8,7d894980de7d2033023741c1a01932cce935ad09121b06d0c04e4acb3d67bf6b
train,progan_train,pottedplant,0_real,pottedplant/0_real/05382.png,102838,6c74c357,56911329710,102858,8,fc183d3ab84ae0bad5604af41c35db9d692ce5ec8865a9e067e3f4fd15216b48
train,progan_train,pottedplant,0_real,pottedplant/0_real/05537.png,44853,ff3cc67a,57695212305,44607,8,092c88a880efc8d2e11b076f5e6926ed9424d2870f9566bdb052bdacdbfef0c9
train,progan_train,pottedplant,0_real,pottedplant/0_real/05740.png,116534,b9ba1adb,58003254506,116490,8,e12250471e7dd3b5ed966e2873578eb5879b3dd90b810c76b6e6d11efb85d53f
train,progan_train,pottedplant,0_real,pottedplant/0_real/05857.png,89217,ac54877a,56468350720,89232,8,5077b49d6a94661ec23222671d76615843d16c8fd7e9fa44172df72c92f3b124
train,progan_train,pottedplant,0_real,pottedplant/0_real/06521.png,112350,7cae885c,58069821128,112304,8,66c549a4de54dd0a027f275b792ef9944518e3f6f6a9941821808312097441ab
train,progan_train,pottedplant,0_real,pottedplant/0_real/06553.png,113008,64961ab5,57851757548,112961,8,5e5ca6ed4c996bf9570a01214372d32cf0953ffa7a090ed38a63edd131b899a0
train,progan_train,pottedplant,0_real,pottedplant/0_real/06569.png,98123,1c096496,56983856346,97881,8,5ac5600baeee4ef25263ce80ce0c1a844fbb4651e309f927cc3dc5969e89c172
train,progan_train,pottedplant,0_real,pottedplant/0_real/06576.png,128045,d0bf898b,57961708804,127884,8,7ec75a7b2524be7665153acaedeeb2bf8714c715c262bbbd048310303160ab1b
train,progan_train,pottedplant,0_real,pottedplant/0_real/06661.png,134588,5e030b2e,56614365658,134584,8,b91e6a6c874019b86fa9e6698b9787a374ff6c13fc7002591f7a3d39e32e1f3c
train,progan_train,pottedplant,0_real,pottedplant/0_real/06671.png,82205,2635b122,58062097191,81987,8,0108d5ad0c18d0bffe409df300f6f04d6c57f37956f7dcc55279e73c8e5dcd18
train,progan_train,pottedplant,0_real,pottedplant/0_real/06801.png,161584,955219ae,58133888621,161588,8,176f66eba9cd5f843eee3feb4c8f826207a3ce455530352de88c3416e51d0c2e
train,progan_train,pottedplant,0_real,pottedplant/0_real/06874.png,62539,e1a728bd,57474580836,62469,8,92f3a8fb618f64b31beb2cf6443044170d8c3b967c013fb4593a71482c0b5ff6
train,progan_train,pottedplant,0_real,pottedplant/0_real/06960.png,97556,68230758,56963365245,97538,8,a9931723239bec05ea205dfd403bbca6394a212463ba7ce03916d3ec887825dc
train,progan_train,pottedplant,0_real,pottedplant/0_real/07531.png,136764,792bdf0d,56334832017,136743,8,7a33f2f1a864c7aa2025541ff5766ef84d9de485e823c140dd07543c202edaa7
train,progan_train,pottedplant,0_real,pottedplant/0_real/07618.png,157851,caa6debf,57047578678,157797,8,45ab53581316ddd5c8b90dda4ac3fa3d3bc904a359b3fc1d55ee02443922aef9
train,progan_train,pottedplant,0_real,pottedplant/0_real/08841.png,142448,e0dde7db,56986644130,142253,8,cbfbf1339fe871020193d32369485e838a2a0baeb5eff3e4ee65aa0da8777478
train,progan_train,pottedplant,0_real,pottedplant/0_real/08922.png,122500,b7f1e4fa,56535690546,122387,8,d0842a543e22bbd7a2ace48141d730947db6e62c510a09ddbc11b2d8e094bedc
train,progan_train,pottedplant,0_real,pottedplant/0_real/09391.png,148268,d6165627,56355855882,148190,8,18643479754bdf3ab716bd6901609170f8a702658f0d68c00e07791557150a03
train,progan_train,pottedplant,0_real,pottedplant/0_real/09431.png,144950,a3774d76,56204664537,144828,8,88def9eb8e4fbfbfef39afd99413bb342468d61658c71e260e187d3e79bee3b4
train,progan_train,pottedplant,0_real,pottedplant/0_real/09953.png,155021,06f9ff9c,57947940135,154980,8,082f16f8731bc451d01189d80ac4321df2d71588367241fc7fb75927164e688d
train,progan_train,pottedplant,0_real,pottedplant/0_real/10261.png,144644,a655f776,57403488614,144494,8,6e7b89e9ed41604c67f837816f3ef089c21e19ff21f22044e08aea6e97eb9c6a
train,progan_train,pottedplant,0_real,pottedplant/0_real/10542.png,157863,8d460b0b,57395617925,156782,8,70fae2a827a221ed8b327c657be1a76775110fd286d3e413779cbd66fda86330
train,progan_train,pottedplant,0_real,pottedplant/0_real/10650.png,93415,2b9fa798,57198835432,93328,8,274b02cc391b123fd115c4d3f52214eaa73b9cda7a017ef791a80d5e623df65c
train,progan_train,pottedplant,0_real,pottedplant/0_real/10781.png,134273,6d07098d,57623371260,134298,8,33d543f051900ba6bae06515993b6ce27d8162e22a9030e6e55fd136abd4b1d8
train,progan_train,pottedplant,0_real,pottedplant/0_real/10925.png,130535,bf9f3f99,57835913685,130184,8,8f9559d82281991e6075888a6f67ec42812f2aaae3bfba8eeab60355ae7292cb
train,progan_train,pottedplant,0_real,pottedplant/0_real/11401.png,142288,7427773d,58050340651,142234,8,a2e521cc12bf5c35be36590c0234471dc29cd7a448b0a6bebb7ab8f97017c0c1
train,progan_train,pottedplant,0_real,pottedplant/0_real/11494.png,43273,9b13809e,56204993198,42912,8,388469651be4cd8a22a6e74004c39b3e23b11d5795a9efc0d62d66b12725f527
train,progan_train,pottedplant,0_real,pottedplant/0_real/12088.png,142167,6bc3328d,57154006542,141341,8,8747f2bf5ab6d6bdf4b96ca5b8e09dfcc0b0197bc007e767590e205d36650c02
train,progan_train,pottedplant,0_real,pottedplant/0_real/12277.png,152939,63b6beef,56261924494,152638,8,6588f82f3b5bafd89bfaa5b24fe8de921a0df50dda292a8304833567555579ac
train,progan_train,pottedplant,0_real,pottedplant/0_real/13028.png,134376,3eed84b5,56711374313,134171,8,027cebd1cb09d0f1dff419ff8e7811ecbde6c3c01a60526b5e7314e432619578
train,progan_train,pottedplant,0_real,pottedplant/0_real/13387.png,156934,8c9a9e94,56303779151,156904,8,e35e8b3c850fa9da8d981a0611906b7298f9723764babd1471b01dd2406cbd1b
train,progan_train,pottedplant,0_real,pottedplant/0_real/13410.png,134094,984cdcfe,58042981909,133858,8,6fe83696421e42792e1fc65aabf7f727893b5cac125a433456c3425291decbca
train,progan_train,pottedplant,0_real,pottedplant/0_real/13622.png,79648,ce9c3688,57676527213,79649,8,9990a4d3b831cdc40acb6d4105c0723064429c647e61eed403f059dd81c331a5
train,progan_train,pottedplant,0_real,pottedplant/0_real/13628.png,95676,34d51647,57741963468,95653,8,cf3d6bc6ea382e3d360f936f2f61212dc0b75f9b7cd6d7fec135607397a16d1f
train,progan_train,pottedplant,0_real,pottedplant/0_real/13821.png,148649,94d2abb7,57297141714,148643,8,015b8142ecf71ff31849fa76cbe42baf1f0b86c86c9b3a67e96e504ab109f6fe
train,progan_train,pottedplant,0_real,pottedplant/0_real/14102.png,118659,5ae76401,57026127668,118679,8,0d2e04326a37e1de53e7c90c824093d1ffdbd53e7775f44b83a9cec8ad32c6f7
train,progan_train,pottedplant,0_real,pottedplant/0_real/14300.png,87129,43bc0c8a,57352786807,86985,8,d2eaa5f092a936fd9d6c4018ee33b7bbdbea1f82f28f4ed11e8de375efc14029
train,progan_train,pottedplant,0_real,pottedplant/0_real/14338.png,140904,9ba95206,56870309813,140929,8,2ac6be82c6b98b28f1abba0bc4829cf69705f1733db312e5142fadb8e2e000ed
train,progan_train,pottedplant,0_real,pottedplant/0_real/14344.png,53922,326e79d1,56186767737,53761,8,f0b5b1e3829a2640b7446cbbb4202db8960e8d0056918fb0a60f71f758c78877
train,progan_train,pottedplant,0_real,pottedplant/0_real/14473.png,102639,c532a46a,56797658908,102558,8,a48ec915ae3e3d0a26fa3a1c56191b8c0a1c503c4a9dd3d2731976c28c00b40f
train,progan_train,pottedplant,0_real,pottedplant/0_real/14534.png,109320,5fd31e1a,57875313593,109154,8,b2449d1fef1d8f0f56946c4165edc5e61a3da1de82ec9a0da0a21c4e024814a2
train,progan_train,pottedplant,0_real,pottedplant/0_real/15119.png,127725,1369749a,58190431617,127745,8,62ea0804bbb0a8d40cd98934d613d42d40d8d78a7f7f221671448598658ce530
train,progan_train,pottedplant,0_real,pottedplant/0_real/15205.png,109497,1952193e,58180615186,109513,8,50e2d01cf09f53beb3ae5066b7fba5bc9576ba56c33b7d64cc81b2665ffc8345
train,progan_train,pottedplant,0_real,pottedplant/0_real/15318.png,107076,5ef1db1c,57759895713,107037,8,c3ff158929b0fa5850e533cc16c1b6665a8aaf33a422de13f9e2ba700fe11478
train,progan_train,pottedplant,0_real,pottedplant/0_real/15375.png,88728,1dc590db,57335505562,88727,8,85d3f636cfd3e29736e84f7d14d4ee9f5c1e6dbb8b35f3a19f379af7e2e7fd33
train,progan_train,pottedplant,0_real,pottedplant/0_real/15637.png,153708,f8f4c1e1,56552150953,153521,8,c2855341417bee8a3b9fc75772756c8b99bfde21d7b7ad7d6ab3f951767a1507
train,progan_train,pottedplant,0_real,pottedplant/0_real/15985.png,102579,48c90bf5,56318773998,102599,8,6f87674bf2aa4eada3f3ebaa8c2567b133e40369d5a686781639b0fdffa99fbb
train,progan_train,pottedplant,0_real,pottedplant/0_real/16011.png,149896,5fae60f7,57468301161,149776,8,e464a30c847f73590e91ab04380bbc708bfe59237d5b64562a133480c29416f6
train,progan_train,pottedplant,0_real,pottedplant/0_real/16183.png,91855,a243a985,57204424240,91853,8,56092cab8a58c06d2d7674475502732cac854b4c8c2ff19c8d567d753f517648
train,progan_train,pottedplant,0_real,pottedplant/0_real/16436.png,140754,78b520c6,57196499684,140422,8,dd1d211c5d8b01f520c5033eac57f687f77b9a8ffa558d39df9c7af73dc2c173
train,progan_train,pottedplant,0_real,pottedplant/0_real/16503.png,114155,eec3ff90,57647081608,114153,8,a985f71aa193c30bf06d6d6a19737a4032f35fbd20c0fed7c7817198fce4035d
train,progan_train,pottedplant,0_real,pottedplant/0_real/16552.png,104225,af40e990,56106417342,104245,8,314e6356638eb651f0e26703625a6e7ce782cac5f61427bcf8c2db45a3e2fc86
train,progan_train,pottedplant,0_real,pottedplant/0_real/17096.png,130136,b7c713ac,57627918255,130133,8,b0607db7dcea04fc26b168172880aa2e03e1dadc7eeea81730e5a087e0985b64
train,progan_train,pottedplant,0_real,pottedplant/0_real/17128.png,129793,59aaa9e7,57656610935,129615,8,c0cca07c605615e109112afc1bdf76e980c0a5dc460cc09cb635d7a4f8699f7f
train,progan_train,pottedplant,0_real,pottedplant/0_real/17154.png,73433,715fd9e4,57679098195,73448,8,29cd755440c21ce21212b901fe241a9cf4f1800fa801ea9bfbca2e0525e28e7c
train,progan_train,pottedplant,0_real,pottedplant/0_real/17169.png,142184,b4359323,56333348553,142209,8,a3797c292313c18b9de7ee838cdc2f757aed8833bce5bc9639c4492433034982
train,progan_train,pottedplant,0_real,pottedplant/0_real/17362.png,126532,aa78f666,58084015448,126327,8,0cfa6767fd21203c5546eed224776fb1142a82c16a668f286843cf6e378941a0
train,progan_train,pottedplant,0_real,pottedplant/0_real/17441.png,126053,ef6ee25a,57392938614,126020,8,cd7e63a53e4ad9220232c376e15951bba0f3ede64a90984fc15f47910fddd6c0
train,progan_train,pottedplant,0_real,pottedplant/0_real/17466.png,26979,22ff5a44,57669804770,26922,8,415e86191b19257045c2307ac3e7c86a11ab9c60f7046139e7750856a79a7d51
train,progan_train,pottedplant,0_real,pottedplant/0_real/17671.png,153674,4802c91d,56686404962,153384,8,8f94c85538920fe8b5754e133c1fa04af798f1d3c7b53acedd4245e6567529eb
train,progan_train,pottedplant,0_real,pottedplant/0_real/18463.png,115751,22d17df4,58131890850,115697,8,07712a0536f5f10622c428fd2d3bca1b731848aaa28e39582433969fa0bb063f
train,progan_train,pottedplant,0_real,pottedplant/0_real/18505.png,143412,3dd89032,58015292293,143351,8,5f1b958858dc5545b19d917b6e36d164b56a3164428282c929e1689968c15cca
train,progan_train,pottedplant,0_real,pottedplant/0_real/18527.png,136228,46b73d81,56180317234,136236,8,6302fc9581bb3bc04122262c44ddcb2f2ccbe6216fe5c5e8b921c043a552e0bd
train,progan_train,pottedplant,0_real,pottedplant/0_real/18814.png,112215,593de473,57708744465,112218,8,010b6e0bd91190865068b0cd964bcf070937e1f4b7b5c4b2c2558f60f71db5b9
train,progan_train,pottedplant,0_real,pottedplant/0_real/18910.png,144495,eb4e0270,56890532514,144304,8,b7592a078d1570497147461025ea8fcb30765c2df7b3cc9f60d42a9b85e4533f
train,progan_train,pottedplant,0_real,pottedplant/0_real/18969.png,114386,d4feff29,56633133367,114174,8,7c630df669c4b9622b0ea4219e4cf79b40d65080d7718b2b882a1f9047574451
train,progan_train,pottedplant,0_real,pottedplant/0_real/19049.png,64770,cc4e2b72,57229206208,64780,8,c7d3b559d803db46e75936c88cdb94398de73193bce99ef55ada88f8c569922a
train,progan_train,pottedplant,0_real,pottedplant/0_real/19871.png,116937,efbd6ea6,57249140262,116916,8,4b74b68908018beae917a399e1a840d62a554de58bc2b959bcdead09c3282ebd
train,progan_train,pottedplant,0_real,pottedplant/0_real/19973.png,144379,77adddca,56549301268,144232,8,8f1aeb4da1f1e9d44604b383c96001b009bee862652083c255935a70631711de
train,progan_train,pottedplant,1_fake,pottedplant/1_fake/00202.png,116665,d3d89256,59928299286,116685,8,3670cc401cd3901a1b60247af7bf3fa9124e5cbb403ead6162e2b87395e5511e
train,progan_train,pottedplant,1_fake,pottedplant/1_fake/00324.png,138991,427d5180,59211101668,139011,8,0c56debb33c8cedd773432cdbd21f5b0b654478c601f4392669b8bd9f3e60733
train,progan_train,pottedplant,1_fake,pottedplant/1_fake/00672.png,135981,b3a15f83,59275177871,135934,8,d9074e20676c2901d2050486e0fa416cd1e2c89603ae978cd544e8559e2de145
train,progan_train,pottedplant,1_fake,pottedplant/1_fake/01085.png,118211,c3efeb62,60228580361,118213,8,09308797a00f204f07d3a571f724815bbec14459646e7bc94968b398b7b7e331
train,progan_train,pottedplant,1_fake,pottedplant/1_fake/01175.png,104560,062b06f5,58573559605,104570,8,3a9338f28eeaa747d00b9fd7ed26a60fc9c364df141e2bd8a6d269f44bf07332
train,progan_train,pottedplant,1_fake,pottedplant/1_fake/01178.png,105454,8ea18b1c,59987069402,105474,8,2203c7b16494c9e9785aea8c290f746ca093bc3456226ccbe6c4f106fe534be6
train,progan_train,pottedplant,1_fake,pottedplant/1_fake/01185.png,95411,b2f561f5,59711811686,95426,8,f151f86e568dd60dc145ec6bb695ca774820f4eecef70a657b28f466c35314e8
train,progan_train,pottedplant,1_fake,pottedplant/1_fake/01883.png,90241,64bdbe42,60017698394,90256,8,7b107bd41bee4455d09ee905b9c8d804c44de537d45a6d4f67b3458d2efb082e
train,progan_train,pottedplant,1_fake,pottedplant/1_fake/02402.png,100363,18c27360,58623578683,100354,8,76ef13d7ba63416b0e416da1b3d615117ba090818f117b52cd567f4ed1e661ec
train,progan_train,pottedplant,1_fake,pottedplant/1_fake/02416.png,103505,ca559f1c,58314787565,103525,8,7bdfa12126e0d916e811bd75154388d4d4d63cdcb64502b1ca9dbd05b574a00a
train,progan_train,pottedplant,1_fake,pottedplant/1_fake/02435.png,107618,e6bd5158,59468788734,107490,8,242db96aabd3d2efba1fc690debfd2e77ee85c3e813c635b725165d4a763fc51
train,progan_train,pottedplant,1_fake,pottedplant/1_fake/03228.png,99589,8c7ef736,59070778106,99609,8,319ed0825bafba14c83a206566ed60948146fc50c1a684953246d8cbc344887f
train,progan_train,pottedplant,1_fake,pottedplant/1_fake/03548.png,136366,cf095af6,58219213795,136391,8,f5799b3f2e3dde63decbf939b90c42a17e2c45f2e6bd1d2a86157a5cb40c6566
train,progan_train,pottedplant,1_fake,pottedplant/1_fake/03551.png,79081,e5d6b7e1,59542373891,79096,8,7233f7670fa3d09efdd35f21fea22001cb0fa8272df7057a03ebc622aea17250
train,progan_train,pottedplant,1_fake,pottedplant/1_fake/03771.png,117924,64f82a40,59627950605,117944,8,17eade291bbd43118c91932aa86b1f0eba0ba65e6619970f3795653fef3379d5
train,progan_train,pottedplant,1_fake,pottedplant/1_fake/03832.png,150055,8dc7fdfe,59269560742,149943,8,054dc002af9101429722c64ee5960beb7c8c6f4d0283aca5a347bbe875c14550
train,progan_train,pottedplant,1_fake,pottedplant/1_fake/03945.png,127824,2a2e6de9,58805652523,127799,8,0246d5acc55ed40307ddc93d322f32b23f8091a2d57015c2447a2ef3e549e7a6
train,progan_train,pottedplant,1_fake,pottedplant/1_fake/03958.png,71404,f47bf26c,58367357411,71419,8,2266bcfd7b5188f2cb259a87117b40ccfceab0a7b98f48361205e82c5864a6ee
train,progan_train,pottedplant,1_fake,pottedplant/1_fake/03992.png,126093,99d91541,59073864348,126085,8,ebc25d4c693aca97482e79b587bf986e33ed1b4f3dad4e4fbcf4c7ff0effd9f4
train,progan_train,pottedplant,1_fake,pottedplant/1_fake/04151.png,113182,18e73f45,59334330303,113194,8,30822abc9cc8c899bc17dbf5fe55a18c4f50848e0431c28515770504bacd6b4b
train,progan_train,pottedplant,1_fake,pottedplant/1_fake/04394.png,111529,a4e62db8,59647430170,111549,8,13ca85e3d6b4627a7c5a8dcb5bad11f1b22f59317c6a7f7f6965467bc1f73666
train,progan_train,pottedplant,1_fake,pottedplant/1_fake/04552.png,133202,36c3b835,60268845058,133183,8,9f706bc7f1d4af662c1cd6cc9ba52dbf5ec4942ca545c6dde7eb2de783059405
train,progan_train,pottedplant,1_fake,pottedplant/1_fake/04731.png,128814,07c47ca3,59765308079,128817,8,fee48561abcbe3cf62ee0925467286dc99218585caa808b2c1f104395bc94ec6
train,progan_train,pottedplant,1_fake,pottedplant/1_fake/05140.png,129428,ee731f24,58749005314,129420,8,c0b59b55a95a670b00471697734e067fb481f2cc28ee93a85cf7095a8fe66168
train,progan_train,pottedplant,1_fake,pottedplant/1_fake/05167.png,147773,68c0ef85,59143736143,147780,8,5e8bf4b755283a8e782f8d9acc7b40a0d709f5879265efa9f492bcc9f7ba5cab
train,progan_train,pottedplant,1_fake,pottedplant/1_fake/05249.png,126524,40efdad1,58787279734,126544,8,3369b99fda5c668daeb8e2068243f26a8eb658417db77446698e4044f1731488
train,progan_train,pottedplant,1_fake,pottedplant/1_fake/05632.png,146373,2bc0b2cd,59068786043,146398,8,29e9226f7920b5c1117ecdd22e565a5ccc068cc3b4c6ba0de28cd8408bdaed14
train,progan_train,pottedplant,1_fake,pottedplant/1_fake/05964.png,142343,ed4a6e37,58276862463,142044,8,9b2e7263b309525fb0e3758596e8845e042e6a0102618fd5fbbaf8e823e54cb7
train,progan_train,pottedplant,1_fake,pottedplant/1_fake/06199.png,133194,bbae1127,58604809694,132957,8,dbbdc7a2371e31cf874b8242f9ffd5fd804f278e0068c6c60cf8083e30968927
train,progan_train,pottedplant,1_fake,pottedplant/1_fake/06211.png,153899,37aed990,58418172349,153897,8,87e88f93b58b06e318d40c925ecdd74e81b1d2aadd76e203f8724d382c522546
train,progan_train,pottedplant,1_fake,pottedplant/1_fake/06245.png,125710,351c3b3a,60000444205,125730,8,450412897015a63f1792a59a0cb7fac6da45192b0c5136631578dc4e6c892108
train,progan_train,pottedplant,1_fake,pottedplant/1_fake/06394.png,147040,b400ffda,58231356187,146831,8,22dc795d9a4c24a5829d08be8eb3eaa2bbad518f90b557119a4e55a35fddff30
train,progan_train,pottedplant,1_fake,pottedplant/1_fake/06563.png,109764,627a884c,59330063246,109766,8,bd81338fe75b84569b4a8425ef1d7a00dccc7f654453cf2b0cb5636dde7fc6b9
train,progan_train,pottedplant,1_fake,pottedplant/1_fake/06644.png,123736,d6a8b928,58412060390,123632,8,6d381b812d06298faae2f368bf939f0a343babaff6c1f944000624bec0c2a266
train,progan_train,pottedplant,1_fake,pottedplant/1_fake/06654.png,134963,8e8fba9d,59445682327,134930,8,cf9db879db4044fd263206e31fe4b3a7c9e30c3ebc7d730f082d00041468044c
train,progan_train,pottedplant,1_fake,pottedplant/1_fake/07043.png,154201,d2a98a79,59245305062,154222,8,f90692571fa68eef80d327cd1bd2e9668215569ad6f8529bef05fba9d486ee12
train,progan_train,pottedplant,1_fake,pottedplant/1_fake/07252.png,148747,2ad6e28e,59166596932,148772,8,554a8b93fb602dddf91588e9d9a995e44c5d531069591b0681a724ab77ff38f6
train,progan_train,pottedplant,1_fake,pottedplant/1_fake/07811.png,110263,36206234,59042982662,110167,8,414b61d4101d72c274402cd19e746f429bee6abc9736ef509c35c7d63fd81fa4
train,progan_train,pottedplant,1_fake,pottedplant/1_fake/08031.png,149251,67b901a5,59422335534,149179,8,f044aacab2640a308814e6c077f90022e5503047625a6242bbb59f95c52ebfd8
train,progan_train,pottedplant,1_fake,pottedplant/1_fake/08171.png,153022,03ff05a8,59561961540,152907,8,9a8e91994783979b35a5b36192abe72b66a65ab2c10dc8dfa521a635abe337e8
train,progan_train,pottedplant,1_fake,pottedplant/1_fake/08308.png,123422,baec13f1,58327734843,123331,8,7d4f2afb30ff86a84146ca9402c589ed60368cb43e13e9f8c4b72af39bdb0d63
train,progan_train,pottedplant,1_fake,pottedplant/1_fake/08366.png,95013,0556e836,58921603238,95028,8,44c4eab2ecfa078537930457d32d856007aa25b9bb5d44a34af7fa554ca56512
train,progan_train,pottedplant,1_fake,pottedplant/1_fake/08473.png,143302,5671dbd5,60234721350,143229,8,5ce532659307f52c14fe32d8f06bc8054189430521644ad0dcbb6b87dc20a31c
train,progan_train,pottedplant,1_fake,pottedplant/1_fake/08521.png,125552,30b8bddb,59715053691,125572,8,066182f973832e0cc7ccde1c88ba5a552ec0b43072acfbefef4e4c5ef269c9e3
train,progan_train,pottedplant,1_fake,pottedplant/1_fake/08528.png,136840,12b14dd8,59630432769,136865,8,6988baa46c9beb1b70eeb649d72801318830553665b3be11f2c5c9c35c22188a
train,progan_train,pottedplant,1_fake,pottedplant/1_fake/08545.png,92066,a27da044,58550511082,92081,8,2fd52832ed870819f9720dbe980175b6eebb4e48cce31a9e39cd3c3facbe91b4
train,progan_train,pottedplant,1_fake,pottedplant/1_fake/08652.png,148746,9422c320,58835601535,148755,8,a57cf81f6facb5f0e7211ab5122a17890c7e6083217ac88efb5f59e7d0c5e2a1
train,progan_train,pottedplant,1_fake,pottedplant/1_fake/08842.png,138603,1c631cb2,59984410951,138509,8,f81f18de24226748bb11c19d906611cffdab24368b5bc6b1153ca46916d3d8c5
train,progan_train,pottedplant,1_fake,pottedplant/1_fake/08976.png,122078,8f7b34c8,60023065499,122065,8,5479df7d55ded46da096c7e7b7e7c3f384973585ac031d73538c64918b8964bd
train,progan_train,pottedplant,1_fake,pottedplant/1_fake/09549.png,128223,2405185f,59744386519,128243,8,d5078ee1299fc37faa2cc909543ff173f08a3bf28a327ebec5bd099ad4858677
train,progan_train,pottedplant,1_fake,pottedplant/1_fake/09629.png,115348,9ac087c8,58615846257,115352,8,f5baf8be1cb54fcea9bbb0f7ceb2025646c78acf851f03e58413542ca47c8eda
train,progan_train,pottedplant,1_fake,pottedplant/1_fake/09820.png,119110,42854b21,59627589155,119049,8,843b794db00d78a5fc72a202d6acca2304aea294b28de1e2145bf2c76944df44
train,progan_train,pottedplant,1_fake,pottedplant/1_fake/09879.png,151943,293be64a,59060759097,151855,8,c40694306be34484cc4d916234d4b56d3a54ddbf4056f2353e70e738f9a6f90f
train,progan_train,pottedplant,1_fake,pottedplant/1_fake/10062.png,129543,8f2e5f98,59729592204,129544,8,9ebc6d7e4af11ff771fb6d4674736ceb1998320c3b9f98dbf841a1d0c7bd2daf
train,progan_train,pottedplant,1_fake,pottedplant/1_fake/10413.png,140263,04ec7522,58979669215,140277,8,0e37d5f3c4f9963d3da673f802b05b287179d1472c10e8b9452a3047a5d26822
train,progan_train,pottedplant,1_fake,pottedplant/1_fake/10453.png,134619,0ee3f273,59211240765,134638,8,ff7ff4203249ca4d88ef9994f768f6308c889065f2eef5d8e915bd8821134c71
train,progan_train,pottedplant,1_fake,pottedplant/1_fake/10698.png,125372,cd93ecbf,58261616330,125392,8,eab051df3e7601432f79892606691216d8a01ee79eeef6fb09690344c4decf23
train,progan_train,pottedplant,1_fake,pottedplant/1_fake/10815.png,75951,44ba1e61,59970199025,75743,8,92dbd695cc1a4dea9498e98c8cce126ff917e412e6313d0367c9cf9595c7f7c5
train,progan_train,pottedplant,1_fake,pottedplant/1_fake/10938.png,120679,7c5195af,58702088731,120699,8,19eab6d7d412bf33c8c4fce02fd35abee9f6a9b719d27382b41cce9f9b816bab
train,progan_train,pottedplant,1_fake,pottedplant/1_fake/11079.png,117897,ba3e0e2d,58557094830,117869,8,c77f0eb773a0b34cc85db0c4659ed86bc07bd14045b523d39c39c3fbd70cd604
train,progan_train,pottedplant,1_fake,pottedplant/1_fake/11352.png,155687,6dc3182e,59505111365,155674,8,77fb368d9a05ae2afe317f4d1e6ce26d2d31aea6d39ae50e5823b781c68a51fd
train,progan_train,pottedplant,1_fake,pottedplant/1_fake/11742.png,140601,41f4fab9,59146968040,140476,8,07e9fc2259a3891cb5a3388b1b5828a1309588017883f30410db1c4e42deb375
train,progan_train,pottedplant,1_fake,pottedplant/1_fake/11766.png,158960,45eb3775,58393319539,158960,8,c06ed0dedfcf0813370c620bc32daf44e25258bcb6346b12c7fbfc4ab457b56d
train,progan_train,pottedplant,1_fake,pottedplant/1_fake/12315.png,109719,21a7675e,58614769100,109739,8,8b8c4ce46300f1c886b894d2c0fb29276e6cf7086cb29fc9cd5546fceef7c80c
train,progan_train,pottedplant,1_fake,pottedplant/1_fake/12360.png,128341,5e5249d7,59636271492,128257,8,863533c4a2f5f6a79e341aaa4066ec1cf7dfafff5b5059e3a5fcf72b260d6baf
train,progan_train,pottedplant,1_fake,pottedplant/1_fake/12728.png,143916,b3b108fd,59008288895,143839,8,213e6431cb1b13e9551f008307b651ba47aef29c832e487d8cc66961c3ff1850
train,progan_train,pottedplant,1_fake,pottedplant/1_fake/13373.png,127787,dd95cf43,59407880541,127727,8,f6ce23f8336258a34975f9844c7254bd0787e8538238ca72a51eeacc1a693f1e
train,progan_train,pottedplant,1_fake,pottedplant/1_fake/13556.png,119364,bc21be2c,60003989336,119301,8,4d3e9801b2e9e311f812b549138c9b51e92de6535bd8f427d8b4b3b619a04ab5
train,progan_train,pottedplant,1_fake,pottedplant/1_fake/13734.png,139994,786682d4,59597987137,139875,8,1f33565d99214fde0461c8c7c57869b6d8efff42f956d9a499b80d558d127820
train,progan_train,pottedplant,1_fake,pottedplant/1_fake/13750.png,158679,5b9bb07a,59812179718,158433,8,eed20cdc5fe7869b79ba225d6aca41da4ab4f10505dc954d072fbd4f55f96f91
train,progan_train,pottedplant,1_fake,pottedplant/1_fake/13758.png,167803,6c99185e,58472920992,167833,8,f556bf472ebe7910f7df0e4857d97e2b6ca23a887908e48eda85b41661e6df46
train,progan_train,pottedplant,1_fake,pottedplant/1_fake/14123.png,145511,de313289,58508313307,145528,8,44603fa86470bc77c3f3aa7def44edb9569fbd96f0fd77eb2cb4a6012bd84cb8
train,progan_train,pottedplant,1_fake,pottedplant/1_fake/14183.png,111521,bbc15570,60227095869,111508,8,81d011f39a861bf18a61961c2883f19969a05fec6fc21d0d40b10aaa281056cb
train,progan_train,pottedplant,1_fake,pottedplant/1_fake/14449.png,149549,2c81896b,60229018113,149574,8,623b07d491ff8e444e7a8fe76c5e251a7ad18f43d90cce143fe9cac4558c581d
train,progan_train,pottedplant,1_fake,pottedplant/1_fake/14662.png,83084,82d12bc5,59232348966,83099,8,f8cb60c0144394111c7ab2d504956a37db467fc90e371f15eee1710b8154048f
train,progan_train,pottedplant,1_fake,pottedplant/1_fake/15426.png,148761,b3e0a6a7,59248833361,148514,8,9fb2d7591879ea645a6de1951bbb26dad00ceed471909d23bc5b525c51f931c0
train,progan_train,pottedplant,1_fake,pottedplant/1_fake/16269.png,125373,ece16d44,59560925038,125383,8,70fae8fc4eede22ba2fc90e656798c5760498057dda0d392e810906d751c6a78
train,progan_train,pottedplant,1_fake,pottedplant/1_fake/16417.png,91390,3071b196,58738288990,91405,8,e897a6d83c52556a6703ceefa9d269ebbbf3bc969bfa497f101ead16c5b40c4b
train,progan_train,pottedplant,1_fake,pottedplant/1_fake/16685.png,149776,692407b1,58782665356,149801,8,3c2436920659f64ca9eb8afe4fe0d564d1198c15095d154cc3c89d135e2ee173
train,progan_train,pottedplant,1_fake,pottedplant/1_fake/16925.png,147793,893e77b4,60083384552,147810,8,191eabe50d04d3a5322438c1f8b1dfbab5df76f000ba53ccd84b96051fbf2801
train,progan_train,pottedplant,1_fake,pottedplant/1_fake/16962.png,109056,576bf50c,59245752760,109050,8,57adeec4c7ce58d0eaca3273bbed244bb9f46c2b7eca05ee2026bc6e389353be
train,progan_train,pottedplant,1_fake,pottedplant/1_fake/17035.png,142361,f291d284,58795662960,142301,8,e8c5073c1a876c366a21adb0e60445ae8f7fb3d5622f4515e36f6aa30d230055
train,progan_train,pottedplant,1_fake,pottedplant/1_fake/17326.png,118617,63ac7369,58323473796,118637,8,633861e45f94b6f794f1aecdd8229528a6991b6560ac2116df71115ad986b12f
train,progan_train,pottedplant,1_fake,pottedplant/1_fake/17351.png,144291,253f7c55,59050267307,144316,8,a51ef3bb658cc393e452f076b6af9eb8028b2923f7356b5fadee24424887f16f
train,progan_train,pottedplant,1_fake,pottedplant/1_fake/17402.png,117509,df472b5b,59454427247,117523,8,ed12f3dc1ca99870500e77fa1c0b42ce1d2efbd225aa25cd3eb42ddb7291200c
train,progan_train,pottedplant,1_fake,pottedplant/1_fake/17866.png,92866,42c4d048,59571394297,92881,8,45b636ff02cc713ff3cb9c76a2e52caf0fc7e858f63f0cccc82da63a458b5698
train,progan_train,pottedplant,1_fake,pottedplant/1_fake/18222.png,138805,ea381f69,60401275332,138720,8,8e809100ef0250b4880a4ebba913c784896aef316dc10a722b1a9a93e41a56f0
train,progan_train,pottedplant,1_fake,pottedplant/1_fake/18292.png,124526,6de5ad2f,58545954744,124538,8,a8f0b2bde477908c13e3ad92b3971d3c0288a6551b8dadfde378f56fdd804efe
train,progan_train,pottedplant,1_fake,pottedplant/1_fake/18463.png,141249,0120f9be,60352422871,141229,8,ef3e5a1b4e802e24b33c41cccfb410f5369081f8d8e19ac54881419189a5bc15
train,progan_train,pottedplant,1_fake,pottedplant/1_fake/18507.png,60591,58cf378e,58214223800,60601,8,569197941c293e71001d5646237c8ef3e4f0ca3c0646735a8297e641d56caa39
train,progan_train,pottedplant,1_fake,pottedplant/1_fake/18544.png,128514,af8995a7,58526643637,128444,8,7df26c0d2232c257f3c580d9fd31d02c6aaa31fd067837d41b83b599bc34d9b0
train,progan_train,pottedplant,1_fake,pottedplant/1_fake/18596.png,132622,e58617a4,60286838209,132647,8,91140ad616aa4ba8ddf1f63185c76c6a836b342b3b6000bcc98eadc2e044fc5a
train,progan_train,pottedplant,1_fake,pottedplant/1_fake/18666.png,99412,746e8ad6,60336808099,99432,8,2a7e7e223cf63093eab6dbcbfb4d0e4f8f0b672e4dba8edabded09dcc39001ef
train,progan_train,pottedplant,1_fake,pottedplant/1_fake/19052.png,119735,6d095ba6,60013754464,119633,8,d314ec3b80066698dfc933458deca7eb68461f73a442e3c66f007d67b51e1027
train,progan_train,pottedplant,1_fake,pottedplant/1_fake/19194.png,154989,a25fb2eb,59248071037,154981,8,411ff1ed09211ec2a1609d789c7e0aa8ca574f30de9e8f4e92ef234626cfc9cf
train,progan_train,pottedplant,1_fake,pottedplant/1_fake/19342.png,132851,4d1f55e4,58244317238,132876,8,a8236b291ffee3eba3697cfef11cbea4f2d14bf3969a7790ba8c9d20ad746039
train,progan_train,pottedplant,1_fake,pottedplant/1_fake/19527.png,111384,dba63d97,58755197906,111323,8,c680f4ac98a69441434b29101199a0e25573ef6a876d7ab09191beada2398103
train,progan_train,pottedplant,1_fake,pottedplant/1_fake/19586.png,104267,b7bbc3fd,59954141519,104119,8,72941c338842bcf06f4dfb1ffe0afc63455221937586d58844466a994baf811e
train,progan_train,pottedplant,1_fake,pottedplant/1_fake/19616.png,133906,d8cdd73d,59234975094,133931,8,20bb8f166e353b3e14deff8900353925ae00d3f88ca0c86c9219d34d741620bf
train,progan_train,pottedplant,1_fake,pottedplant/1_fake/19803.png,127666,19abc34c,58534999802,127638,8,9820129285b155cdca5f8b60200959f40981e192f2e0a0f23a2fbb8a0f8d9fb1
train,progan_train,sheep,0_real,sheep/0_real/00259.png,103500,b80b93c8,62216174713,103398,8,7367f488c3596dd8224a611eeaa2a67e250c5abb1a3649e79964afe9afd5a835
train,progan_train,sheep,0_real,sheep/0_real/00292.png,130024,8c6b5ed5,60904747719,129381,8,d62cd9ff6d84bb8f28ac12e5c5c4c196f7dd92fd0cc1867a1f0d90134ada9b61
train,progan_train,sheep,0_real,sheep/0_real/00346.png,89229,b3747ec5,62063424744,88877,8,4c49abeb209a5f2fe7db0ab05d9b59d39078e5c95b7c8a17ce458e054f5eb6e8
train,progan_train,sheep,0_real,sheep/0_real/00532.png,133207,89aad65c,60734719239,132857,8,1ec5308e3729de6a7b6e37ae558e9307481d7f00ad48e1bb56dd24b4cae3a1c6
train,progan_train,sheep,0_real,sheep/0_real/00850.png,141599,ec20468b,62120496281,141546,8,dedafb6a5597024825c4caffdf9ffc62591a13ee618bfda48f81634264b182e7
train,progan_train,sheep,0_real,sheep/0_real/01094.png,127805,d322931e,61903322470,127322,8,1899984eaf56335a55d96fa5be6f484cff6e5ae28fbff82f2c2787390833c5dc
train,progan_train,sheep,0_real,sheep/0_real/01186.png,111028,ef6f6667,61576791190,111019,8,af4f816bf21923818c26e8600dad3809370093a96c6bd71d5d84a78125c04885
train,progan_train,sheep,0_real,sheep/0_real/02036.png,95727,feb525b0,61318140270,95658,8,fd55c2b35b1b5aacb9da4feffe53657c6c466e0ce7377f4340e974d9bbd21266
train,progan_train,sheep,0_real,sheep/0_real/02059.png,133085,1a343594,61915695612,132312,8,6ab0a976bed76420bca08946aabdb166604612fc1e4885d76c19b4bf0cb39e1a
train,progan_train,sheep,0_real,sheep/0_real/02266.png,135693,4e57011a,62397136551,135269,8,9c61a331e0af85e44c43c6cc1a6e40651ce25b8a781a1a9e8a4816e9dd373f25
train,progan_train,sheep,0_real,sheep/0_real/02564.png,153912,582a93ad,61618622443,153738,8,b76d8584e478b8fb19b36a405e987b16a110552c2413270e0358fbb5cf05c2db
train,progan_train,sheep,0_real,sheep/0_real/02597.png,132424,e1134d3e,61527627286,132302,8,27762795bcf0160032852e63da71edf1212a066871a01ab5955c7a59a4893629
train,progan_train,sheep,0_real,sheep/0_real/02765.png,89761,6fdf1d32,60948708616,89373,8,a4508ceef136c6744a5a7c47906a10dab0d647f28452620ee71f3469d5c796bc
train,progan_train,sheep,0_real,sheep/0_real/02920.png,153517,48895795,62289787972,153233,8,6c93272159efac9a0e59088f630aaf61bcf0a87cf91093b1eee8c3719b51666d
train,progan_train,sheep,0_real,sheep/0_real/03091.png,97111,1e4cd3f8,62034795419,96821,8,da1a623295caa86ad482e65a8132fa5852e9eb96183e50872ef4cb7c5a911eff
train,progan_train,sheep,0_real,sheep/0_real/03273.png,144460,b34c1f4f,61153278946,144188,8,e963d535fd7cd3c9a675dd30bd4c1b4d643c6662baac1da640643426a45ae13c
train,progan_train,sheep,0_real,sheep/0_real/03480.png,86797,e761a4d8,60882537046,86750,8,2ecba053aa94b4b6c3fa8586004fb2e873af8a5109c29f40c879246e8f23a2e7
train,progan_train,sheep,0_real,sheep/0_real/04063.png,143759,e5a9b0dd,62126504093,142934,8,b5d38955232cbf1e39410fde71e8cb4d44a25f4738659ae44b81bfc55d08679b
train,progan_train,sheep,0_real,sheep/0_real/04475.png,122782,1989a606,61733059342,122444,8,99a264d864add8a054737bb4141a83d5e054d9080a2bc59f8597ff8a517264f5
train,progan_train,sheep,0_real,sheep/0_real/04480.png,52032,a0041ff3,61267513397,51359,8,d67e968798d5cea3b6172042cab50445b44d8678d4168353e5a2d4c2519a3858
train,progan_train,sheep,0_real,sheep/0_real/04523.png,115937,6d4abf8c,61776819674,115610,8,c78c643f05c0b196da31de649075222c8959b4dd5d20fa6e7b65e3ff1263f480
train,progan_train,sheep,0_real,sheep/0_real/04549.png,93087,f045e9e8,62348602683,92853,8,73bbc5f231fa58971c188174f359ef08bd349d64ccb9ff8e0fb1bfab5aad557f
train,progan_train,sheep,0_real,sheep/0_real/04676.png,114166,ab436ec9,60548810171,113823,8,7fbf472c94d866bc1ae99ed963f625ab287ffecf4e48719521f746aa4108a696
train,progan_train,sheep,0_real,sheep/0_real/04878.png,142710,d99a05e0,61330125933,142470,8,033792612670437f7e835e2d0a103dcb24e951d041f3f298d6e52f8ea67be970
train,progan_train,sheep,0_real,sheep/0_real/05046.png,140567,aae65f61,60518953190,139993,8,2f9f6c10fb144aba09c625c07690d0be43867ed21ae1fe706558ece1b77e9ca3
train,progan_train,sheep,0_real,sheep/0_real/05123.png,110049,eab62f41,62402823110,109720,8,4550c2afd093648873a0f481ee645abcd0dc843ba47c23fba46c69bcaaf3481b
train,progan_train,sheep,0_real,sheep/0_real/05443.png,130801,bd426fb6,61487106627,130254,8,eac8f7979a8652c51851a7ad17464da6964cc85de88c69c598cd4199bde6805f
train,progan_train,sheep,0_real,sheep/0_real/05491.png,110911,51acc2a2,62094367949,110664,8,4031f5ca052f53b614ad0681c9f49693437e2cfaaa7b7199dc4a93e73fe65551
train,progan_train,sheep,0_real,sheep/0_real/05642.png,140973,e2699bf1,61248314006,140789,8,b1b59f0f5a80190337712724abb92c41277f169850428c71367f01f9349e45d4
train,progan_train,sheep,0_real,sheep/0_real/05691.png,158343,cabf8c9b,61232420316,157966,8,83cea704f6335d225a2cce3b53f4ec7fd4e9389b61fb6345958fe7f38f2e3cbc
train,progan_train,sheep,0_real,sheep/0_real/06603.png,134135,d1778cb7,60900475754,133233,8,4f1daa45c5c17fb00e302f5067984337be8657f4c04a6a65613c8e7ccd776c7e
train,progan_train,sheep,0_real,sheep/0_real/06664.png,101503,eff70f16,60472858571,101197,8,4791485f4a747f097beb3083c96b3bb1cfc7aced43cee779100f23a30d36b29e
train,progan_train,sheep,0_real,sheep/0_real/06682.png,85099,33cb01bd,60468861597,85002,8,cca1543e1324e2143098bf3a42b35225231a11a229764a66c1b6719ec0eb6490
train,progan_train,sheep,0_real,sheep/0_real/06684.png,177093,16683c62,60617147834,177123,8,7d353d0f18ccc1a2b365430a811fdba7bdb0991ab4174689cbeb25dec17c12c8
train,progan_train,sheep,0_real,sheep/0_real/06854.png,119019,24bfaf99,62381648225,118588,8,58305cf2554a5ad467260699b8773957fd8772f302ab8e3fff0177da277f6ec7
train,progan_train,sheep,0_real,sheep/0_real/07374.png,115425,0dacab52,62422900456,115325,8,98af213869a0a9db0730f5fc6a60d88d0410b84c09b73942f3dde4060538aee7
train,progan_train,sheep,0_real,sheep/0_real/07679.png,109900,d8097e4a,60448710788,109661,8,e9004315dd9a1678bccc3a014dbaab93fe80cc2fbd38e38a64022d091b0a0edb
train,progan_train,sheep,0_real,sheep/0_real/08143.png,150583,69eb719f,61490046241,150548,8,088a4e07529e8f01486485a1a24a4d7e906c1e308707fdbc6f743b90a2c38cbf
train,progan_train,sheep,0_real,sheep/0_real/08235.png,118998,9c794fa6,60843347981,118825,8,e5da2f1a6afeacc6581e525c09d566b0318a152abb3752985199ee3da85a0e3e
train,progan_train,sheep,0_real,sheep/0_real/08342.png,130017,f0cc4b66,61300207635,129180,8,801efc7df15007e60dd557026441cf00f5e45488677e9d9451e4ca2db594a48e
train,progan_train,sheep,0_real,sheep/0_real/08416.png,108449,f9475fcd,62172630050,108427,8,8557a53a28f84b6c5b35a6c1d605329ad15456027a5060dfd81071402416e7f5
train,progan_train,sheep,0_real,sheep/0_real/08941.png,122601,f8a0231c,61397648774,122356,8,83e82faa44e33c9b9c6228a4227cc59913632b139c06925ae1c8f7728b650b35
train,progan_train,sheep,0_real,sheep/0_real/09062.png,99420,4b2b23f6,62194568378,99096,8,5be7253e550f23b480f098220fe89c30fcbe078590444b1247d8bafbce0638b5
train,progan_train,sheep,0_real,sheep/0_real/09103.png,87402,1fe60597,62235845287,86888,8,0ff2127ea14230ae189d3ae5090d34d3c4b351599808c91673278e3807c2fd79
train,progan_train,sheep,0_real,sheep/0_real/09243.png,113812,5d537e53,61192263346,113832,8,935ccc76917d2fa06cb2c1fa2e844955421096708ebdd691f89e136567af4587
train,progan_train,sheep,0_real,sheep/0_real/09384.png,114112,f62e1506,60827436116,113618,8,59305e1e45ae752698099a119b4ee0be592f3ba2680a3f5f2741b07cf73070cd
train,progan_train,sheep,0_real,sheep/0_real/09717.png,120322,33dd88bf,62169339934,120054,8,b0cf4746eb181d7a67c8b8e05b01470292abd4b6c853b49465dadae8ffca5ab4
train,progan_train,sheep,0_real,sheep/0_real/09890.png,148810,a25f0a58,62597971336,148574,8,0211f076234351ba5a20c12c853642debd536b0a1a3e39a60ac10bcb7f3c458d
train,progan_train,sheep,0_real,sheep/0_real/10003.png,152497,91af1f81,61180610522,151889,8,de3735bc2153b7b8b80e70359605c351deab0d9e7ff2ee652bd9b10f6094946f
train,progan_train,sheep,0_real,sheep/0_real/10046.png,155975,689e7092,61082055031,155655,8,bfae6965395005335867935370f2a2ad9b5be1d9b2367d1fbe110671309dde2c
train,progan_train,sheep,0_real,sheep/0_real/10137.png,102497,6be26806,62045602406,102465,8,62ca38c52af9fdbf6ef8a57079cd51bc184fb6c8769ce94e6863dcccd22ff67b
train,progan_train,sheep,0_real,sheep/0_real/10229.png,141055,d8180736,60988743589,140708,8,f894934cf8d24bfce81578175f1cb042959fad5349c9370b00ce2a65ff0f8a81
train,progan_train,sheep,0_real,sheep/0_real/10435.png,122860,821221e6,62406458805,122472,8,d718ee57d3299911cade797002f3edc841fa1552a463161b1b47cf6bb5069949
train,progan_train,sheep,0_real,sheep/0_real/10546.png,138987,f24b7fb9,62167569380,138607,8,0cb0a1dd90555153fe07b8fd36a377ef9c94d1c3d42c108ca651aebefe3ae018
train,progan_train,sheep,0_real,sheep/0_real/11593.png,91308,4035b2a8,61235567502,91285,8,2851c9aef1384916fa9b7647849473a51b1c0b2340b46324badfbd3849ef70dd
train,progan_train,sheep,0_real,sheep/0_real/11676.png,148764,1656c18d,61513632569,148062,8,9eb1e86d403b9e9075418eb018dd5663c987a1b1d18eebdf2ce4d9b92c7f9a05
train,progan_train,sheep,0_real,sheep/0_real/11756.png,67836,9fc4ca35,61774999560,67406,8,9032b423c0613d3349f692940c49f9b51b1387eed8ea0c6732015cb745e626c7
train,progan_train,sheep,0_real,sheep/0_real/11763.png,117952,bffd2f6d,62225600265,117595,8,de8a8ae347934f1a8bdd9f793c79df21c308628f54c877f51cda3dae151064b4
train,progan_train,sheep,0_real,sheep/0_real/12001.png,112766,f303dbc6,61815663122,112417,8,721176526c1084e9a47c962c65d6845abde099cfab649750460a044387530958
train,progan_train,sheep,0_real,sheep/0_real/12161.png,153267,5827324c,61872233698,152669,8,5afd798b4b0672abe771bcc23f8dc21a4d6a843aef428632495a1f751923eb43
train,progan_train,sheep,0_real,sheep/0_real/12518.png,105042,2f63bcf2,61945792412,104753,8,8480ed74ee3bd8c4132328a37021f6080b693d8ff56be14d82ea03dcb642fd10
train,progan_train,sheep,0_real,sheep/0_real/13062.png,144696,a0f822d7,61000634528,144701,8,ee33d9316172709c523b83d42d608d1c71550584a995253bec82dc643602daa4
train,progan_train,sheep,0_real,sheep/0_real/13151.png,110778,e7f07241,62393144919,110459,8,ce61f9bdf9f7e353414c6d13b78854c0522f7763f99570dcbb353c033e12f826
train,progan_train,sheep,0_real,sheep/0_real/13290.png,133411,ec6c6e3a,62424146044,132615,8,1639e093dd5e180a947a858bd4d1551b10452ceaaef74afd851d8503bd03df69
train,progan_train,sheep,0_real,sheep/0_real/13496.png,137323,2f980d07,60916355640,136621,8,7672b7b72fad3f210486679719d66cfb89636babfa9bb33e5027ad5c33cf5b46
train,progan_train,sheep,0_real,sheep/0_real/13509.png,133607,9430f4ad,61759568101,132722,8,78a9c998431dfb49c5f864d8f1e69266b5cc8a12887bf11ff9315add43779b51
train,progan_train,sheep,0_real,sheep/0_real/14029.png,142509,1f79564f,62624651070,141640,8,d57824eabf52948fd3f96e73cb5c7abb95491301ce2b7ec0336293fd141c1759
train,progan_train,sheep,0_real,sheep/0_real/14139.png,140611,bcd33124,61405810606,140300,8,f2e0038fed1c0180143b2fc3ae73fd2e6726299c1b77c04a2a2f1074f751d2ef
train,progan_train,sheep,0_real,sheep/0_real/14262.png,123482,568c66e4,61076196754,123180,8,39def7e531910b0bff124e5da3c6f44210cacc88c1d7845f2d388da9773ac97f
train,progan_train,sheep,0_real,sheep/0_real/14526.png,109808,e76049aa,61374178781,109627,8,3c5bfd940ad060b66276e0c298f833b92fb731bac8eddd208e6bac11def1a0c3
train,progan_train,sheep,0_real,sheep/0_real/14539.png,152930,c76a6a4b,61368087831,152750,8,4f764b89a1cdacf322c5da8281e0613d46c178bc76b627eb0bc3574ce8127f01
train,progan_train,sheep,0_real,sheep/0_real/14586.png,113289,331a806e,61710630368,113158,8,77be0ced1d6a6543c913ec19e5f56f5a0b19e43c600860b7c18b3dd8d64d6315
train,progan_train,sheep,0_real,sheep/0_real/14649.png,85063,ee831d0e,60667327275,83501,8,05f9f13ecb592ca34834703c9e6dd67931412664991e0030c2931be5b01dccc2
train,progan_train,sheep,0_real,sheep/0_real/14770.png,110814,bd19e520,62023251674,110549,8,d80ca21becdbebd6d4b099d6772a7e457bcebca6a31d7121280909e2f126537c
train,progan_train,sheep,0_real,sheep/0_real/15618.png,127439,9ca9c65c,61903802108,127397,8,357d5a02a85fd449ff9fcdfbc4d7e9846a9792023a64ff6eafc126f7b221fddc
train,progan_train,sheep,0_real,sheep/0_real/15643.png,128886,eed88bbc,62471481155,127940,8,f8f93c5f19239ec1a4b61bed1976739a65e01407140ad368b03bcd72257e571a
train,progan_train,sheep,0_real,sheep/0_real/15942.png,116823,05c1458c,61093011592,116599,8,56e69fd63d73e7d1531f3737657b8be5929f55b6cac5bcad0709abad0d2f19af
train,progan_train,sheep,0_real,sheep/0_real/16198.png,124572,7f7c71b0,62382841132,124522,8,5d0fab8ee26d5fc4a8635be5220240d1708991b1c98cd7ebf26b97efe92befbe
train,progan_train,sheep,0_real,sheep/0_real/16210.png,119905,79578474,61713051145,119776,8,f149a583ee3f2118740348fcea4e2ad999aafa6f6285310a17a37f7714f6714f
train,progan_train,sheep,0_real,sheep/0_real/16695.png,65684,0587c435,62051383309,65285,8,91d4f75e4a8110cac3fbc1e3c94c01118c4534d0d9c30f381976497b476e39b5
train,progan_train,sheep,0_real,sheep/0_real/16700.png,145447,98e1a258,60641607454,145249,8,7022a7e55a6a41aafaf02f747f05f69bea0c49247dc62e3c69353adb7e5faa73
train,progan_train,sheep,0_real,sheep/0_real/16984.png,150814,e598492f,62005423366,150012,8,d2a577fd421c6d3bd893b5c41ec562c41044140db2d4520bd7d4bf12e450b85b
train,progan_train,sheep,0_real,sheep/0_real/17084.png,87937,000bfe8c,60968368280,87315,8,3d879e3102a4d9829a7d078d94a26e89367998f12ce3359fbba632c779f0feb3
train,progan_train,sheep,0_real,sheep/0_real/17085.png,128637,98e3d0cc,62065797349,128140,8,9a234732662b22642a9dd93dddc203edfe65dea975f7b7670e6eeae4d70a243d
train,progan_train,sheep,0_real,sheep/0_real/17348.png,104502,a46ae476,62261396468,104013,8,ba00e30f59d0073f255a60b9f80078afdabf63c3febaf33549b4690dee6fe2fc
train,progan_train,sheep,0_real,sheep/0_real/17378.png,126044,d4dbc5a4,62146330061,125241,8,ce446aaf0a96fd5e47b2df43dfbfde03a378cde97822abc05c6b782894bef598
train,progan_train,sheep,0_real,sheep/0_real/17428.png,104888,7c944cd1,61564616866,104749,8,1151968a91010c143a7d0bb1997d0773f414e03e259d4297bdac38057c607aa6
train,progan_train,sheep,0_real,sheep/0_real/17586.png,122286,5de397b6,62464676615,121495,8,61eeb960d14f3e89f02680d338ea863b97d1628bfc0db77577623f73d7127d41
train,progan_train,sheep,0_real,sheep/0_real/17715.png,128460,44d5c9d2,61167034271,128331,8,d9117b0be2bedcdb3102657d1b65d25e2adc1f19f52b421e49a94bf0b174c618
train,progan_train,sheep,0_real,sheep/0_real/17803.png,83065,4a20b2a1,62121413351,82935,8,2d3387aac073b483d69134e65e3380edb13e81faaf7d6b2f59174f85e77bf20a
train,progan_train,sheep,0_real,sheep/0_real/17850.png,132624,d3d18f98,61629920929,132649,8,295482434393f6046d60877c994527b6f17fb7a7f9d3247814ecf548ff4e8afc
train,progan_train,sheep,0_real,sheep/0_real/17889.png,158945,6ffec0a5,61081155391,158388,8,1c6e923ff84192acbe62c3286749ba2464705626228ca97b503327e0b21723e6
train,progan_train,sheep,0_real,sheep/0_real/18036.png,124286,08f6db1e,62615430811,123387,8,3c923ec11c14193b9664e060109732bfa202fff822fe68e3ea8e4770516ae0c2
train,progan_train,sheep,0_real,sheep/0_real/18910.png,105873,4bbf96a1,61279417327,105193,8,bae324d8569e6393eb55d88afbc9054550088982e4703fd2729fd2a3dea1d53e
train,progan_train,sheep,0_real,sheep/0_real/18990.png,107665,7ce78bb2,60869882938,107269,8,9580e660884c17ac1f5d98e19aebde78deea0852437c7e198a45ef833c805b91
train,progan_train,sheep,0_real,sheep/0_real/19149.png,131073,75477b98,62217964830,129991,8,3f5bf449883dc9e99baa8ec07b8184f0c33f52d9b193cf8299c5291d9e02241b
train,progan_train,sheep,0_real,sheep/0_real/19238.png,111166,36a7af67,62368347672,111025,8,b0f646d7bb183f79bed30c7263aeb92dcb12be76d7eb22b73e75059918272eb8
train,progan_train,sheep,0_real,sheep/0_real/19344.png,139477,ad97982c,62024750940,139350,8,414d64da744a9d73ea3c0ad2ef57c64d2638473c0b286ebc89cc4aecf0c7758b
train,progan_train,sheep,0_real,sheep/0_real/19719.png,103985,35d1de22,61319612190,103973,8,c19e69ab7405b510fa6e5f49e0d0d30d8a76aaa94e14696eaf7adc5f0942d691
train,progan_train,sheep,0_real,sheep/0_real/19840.png,147619,c076c17a,60543534905,147192,8,f23dc0f4454f7642f6e2dcc48804097258be715cb7bbbe1fa64367a4f9325a51
train,progan_train,sheep,1_fake,sheep/1_fake/00024.png,79833,1cf0d29c,63785825707,79788,8,e065f78ab8284aaac96735678ad7cfe96c57200050a889223202abc0fd091796
train,progan_train,sheep,1_fake,sheep/1_fake/00071.png,113295,2c998dfc,62916809578,113226,8,9387928ed6bcc8ba9bb53e8853f7ed4a0aad9f84b4c1b1a548398551643dccb0
train,progan_train,sheep,1_fake,sheep/1_fake/00721.png,137802,5630a8c1,64812848643,137195,8,5ea06beb1714b28dbf8d99e4861ae1d8d6e399a59d89a850147a6fa166a5c985
train,progan_train,sheep,1_fake,sheep/1_fake/01294.png,147741,1747cef9,64119654844,147398,8,8e45779006ce7f42705c6703a8bd37b6fcf0741dd3af12cb5cd9af6fb9e31837
train,progan_train,sheep,1_fake,sheep/1_fake/03066.png,75801,65aad862,63127460925,75786,8,697d5846f48da78af14c0ccf983a24163dfe74ed337d1447b02f7e037a03deeb
train,progan_train,sheep,1_fake,sheep/1_fake/03101.png,109127,7a6d3522,64287375975,108924,8,df2d94cb4f98d7faec7096929850287207748e197b52e683a36bb99a248d1da6
train,progan_train,sheep,1_fake,sheep/1_fake/03201.png,123588,64f5e479,62705995572,122557,8,0c48b9e48da4b63eb5d336db269c0b4fc5d3b8a449f166bfa241a2755f7e05b6
train,progan_train,sheep,1_fake,sheep/1_fake/03220.png,114073,ce28f771,63154205763,113496,8,4dd5ceb19e8e5416d8fbed34a3df9657d19d361749254cfaa50fe34b2bc0ae69
train,progan_train,sheep,1_fake,sheep/1_fake/03547.png,144967,36222891,64415117687,144528,8,71a96eb7fdd8d5ec76511824971650d517f688d008e29bb9569d90e53d6f6ef3
train,progan_train,sheep,1_fake,sheep/1_fake/03672.png,144462,1ee767fb,62663508928,143860,8,07cebbd70a3c66f0caf74444ac1be0cf8af2b2f25fe8badefa22e62fcb7d3c58
train,progan_train,sheep,1_fake,sheep/1_fake/03769.png,102110,2ddc6148,63528531935,101983,8,d55917a678369afbd4486d9b9134df57988b46a3e4d7638d6c2c838ab57dcb9c
train,progan_train,sheep,1_fake,sheep/1_fake/03887.png,124716,720e8598,63541834238,124515,8,04f64816e0f3f8ed3f3d9e6ba9db4edc4536ac476aaf509821b3eeedb22d40ee
train,progan_train,sheep,1_fake,sheep/1_fake/04078.png,112028,4b518f5a,63285359172,111899,8,983214b2b7f7fdcd0881d12650160421b263b989121d8b170e615c0c0a2a4618
train,progan_train,sheep,1_fake,sheep/1_fake/04258.png,128386,cfd7ab1e,63559435714,128079,8,138317624033bc9755ca823d4ba8e7a428fb993e832e0a67632dfe3827523d0c
train,progan_train,sheep,1_fake,sheep/1_fake/04562.png,139705,2828b11c,62872692054,139394,8,a18ab96e6ac97d75af450856e0ae27ee844b312eea520f3949b8dcfdac9808da
train,progan_train,sheep,1_fake,sheep/1_fake/04729.png,107099,cd8b5aad,64741129208,106593,8,84332983bf088675790e6b656a63534dcff5120cef391c3e8ec69cf8f83d9d65
train,progan_train,sheep,1_fake,sheep/1_fake/04733.png,102936,9608ac53,62922989255,102625,8,d6d0f37c4c83aef63aba39b54f550ced92410cc34b6791ea48b9f42432d1586b
train,progan_train,sheep,1_fake,sheep/1_fake/04754.png,154476,9d957788,64394321560,154181,8,5884f31e2b2d598ea36b827adf75b6412600032a99958cbf0c5e137bfdd5cf1c
train,progan_train,sheep,1_fake,sheep/1_fake/04833.png,124367,8f7b3e42,62780475260,124246,8,9d57096ec932d8ca12ae6732ee82f9e6fdcc4285473719bf008372b9bd1af60f
train,progan_train,sheep,1_fake,sheep/1_fake/04919.png,122244,857d9fe7,64908145629,120834,8,dad7db2deea8820fdae6ddd1d87f407ffdd4059662adbc2c0e97f92625921416
train,progan_train,sheep,1_fake,sheep/1_fake/05022.png,139385,c2c83f04,64915006385,139224,8,e7d3b6efe0c06923ace354c9565a33a7b94e6274a1a2f12e15f498f000ba195a
train,progan_train,sheep,1_fake,sheep/1_fake/05176.png,128701,7b6130d5,64369641047,128608,8,bd828adc2d57b67f7151301c7df465d4637ef96c9fadb8f6fdc4aa828d81edf5
train,progan_train,sheep,1_fake,sheep/1_fake/05808.png,85328,8816be25,64185513981,85246,8,5004b8ed9ce31d8a6c7c362fec82eef9e32c93c886f06d793adfa1b9362a68a3
train,progan_train,sheep,1_fake,sheep/1_fake/05994.png,141779,1e5180cc,62752542971,140905,8,9f5af9551d3355de47d6051e8759842af578cd806ee933dbf442917fa8ceb094
train,progan_train,sheep,1_fake,sheep/1_fake/06356.png,131473,19a7d32d,63417229742,130932,8,181a71922352c130d818a6c227929c4016006c02ad51e5932e8629cbbb61ea6f
train,progan_train,sheep,1_fake,sheep/1_fake/07251.png,138997,d446f13a,63620029094,138449,8,60f1d7f43498955a2227c61ebc35fbe4aad269aea60baadeb8a244257c8dcefa
train,progan_train,sheep,1_fake,sheep/1_fake/07265.png,137009,b2b6072e,63593096285,136753,8,ac1f03d7e4983b267e6c88511283742a89acad6d574328fb15107409b887f3da
train,progan_train,sheep,1_fake,sheep/1_fake/07294.png,125799,8e25b0b6,63993605687,125195,8,72c9b196bcf4109c381c408d0f018c3a90f701ec0a91043e8fc3eb711a6e3d81
train,progan_train,sheep,1_fake,sheep/1_fake/07448.png,112271,887c63b3,64497719849,112041,8,ea690393fbdae4d9c49ea4ead14d62d50a3a65af6f8e27701709e3c8cf3d1a98
train,progan_train,sheep,1_fake,sheep/1_fake/07565.png,136902,8e204720,64559258819,136627,8,a443590e0150a9b451e860d69668a88445825dd8571683be784ae3f85eb6d7a8
train,progan_train,sheep,1_fake,sheep/1_fake/07600.png,155523,441b4cbc,63630042518,155480,8,30fd8de3faf32ae2a85c8e4c19631c1e1b2a6dee3bfbef0d1348166872434489
train,progan_train,sheep,1_fake,sheep/1_fake/07823.png,110781,f27059b1,64728072419,110675,8,8d391cf52983dbced59d5c88e22d4d1d756e9d7aee008c8a6a04b036a52fd311
train,progan_train,sheep,1_fake,sheep/1_fake/07835.png,119736,448fd9bf,63437754100,119384,8,599487562e12b514332b1006058e0b6785394aea60c867fb186fe882ff75af9a
train,progan_train,sheep,1_fake,sheep/1_fake/07855.png,114439,c0458dc0,63836061365,114283,8,9a98d6256b7dd9e9edd06978c894c4d740443f5813ce275508741d0501041b0e
train,progan_train,sheep,1_fake,sheep/1_fake/08099.png,110119,c2e77c46,62836854505,109724,8,88a403a792e6086992e7b3eed48ebae9ff93719dc110c37bd3283e9498538b67
train,progan_train,sheep,1_fake,sheep/1_fake/08177.png,116048,42d60d7f,64662338399,115875,8,0e0f08fa79a1b3156fb8b51907178587fa468101e58bcdd2b08c8609ca6ace0d
train,progan_train,sheep,1_fake,sheep/1_fake/08222.png,138768,26bf294b,64889349891,138069,8,61aa49a37dec9cd07577d94af8f5ebbf4b080f859f6208cc8c8c91f9655c1c51
train,progan_train,sheep,1_fake,sheep/1_fake/08404.png,136630,36c7ca35,63984856977,136422,8,960f01a68d23af4f873bbbb50a4601b1ac05efebae250d62d9d7a22100656840
train,progan_train,sheep,1_fake,sheep/1_fake/08810.png,86016,19418ab1,64047024589,86002,8,9ea0d54800ab7bfb8f40c9cbce40f4a9b6a924daf175197a412c4553045101f1
train,progan_train,sheep,1_fake,sheep/1_fake/08906.png,152547,2b644169,64917096844,152076,8,839d789b860e7ed0686d2d2a1cdc3a5c0add53eaa877cb958d620702861a2e35
train,progan_train,sheep,1_fake,sheep/1_fake/09219.png,100553,7f838ca7,64400058687,100519,8,dc187e94175b6fd4d88e8179705836b265ce27f2753269973ad62ff09a522a95
train,progan_train,sheep,1_fake,sheep/1_fake/09234.png,129015,a81f88e0,64728426750,127978,8,ea1cc6f913eb7bce9c8daad77fb8a57832ab5dcab9e20219c9fe6d354d33761d
train,progan_train,sheep,1_fake,sheep/1_fake/09762.png,97631,87008784,64639060045,97618,8,36f171602edbfe4b0a8cc48f0b19d5579abc38a3e61b30282299d53c50fc1679
train,progan_train,sheep,1_fake,sheep/1_fake/09839.png,120692,4569eb30,63199256702,120628,8,a7a06d2eb03c30759ca5d9cf5dcfd0a8e0bcb694275d8dc0e0cbdb38c34a553c
train,progan_train,sheep,1_fake,sheep/1_fake/09854.png,99219,87562492,64432015391,99145,8,53d21f5089cb09910bb0c08363ba15ae506ba5a4debceccb0c7caa2225741887
train,progan_train,sheep,1_fake,sheep/1_fake/09904.png,102045,dd0fc960,63220944579,101951,8,8cc772424255e9d58190e14af3a5a6d0e144c4136e79100f0089a24be1cc053d
train,progan_train,sheep,1_fake,sheep/1_fake/09995.png,116109,9b74e96b,63361722656,115817,8,f2925ec30aa3052182c4e597871ad296073a7be15e1a946043263293fdd1feef
train,progan_train,sheep,1_fake,sheep/1_fake/10402.png,146352,85037ffb,64524371339,146184,8,232dc41716b5c8dd5618e7f1151e91dcbb3e67419fb2fdff2a53403d1c357e20
train,progan_train,sheep,1_fake,sheep/1_fake/10535.png,115470,afd586cb,62635870775,115384,8,39172d7184f8b2c68f7e97d1479b97aa4e104558080166d081104a3ed8527341
train,progan_train,sheep,1_fake,sheep/1_fake/11549.png,124146,c6613410,62901306631,124116,8,5ee36bfee9d71df97f74369f05a5b98861cf7ae99c247999be5b481ccc04a26e
train,progan_train,sheep,1_fake,sheep/1_fake/11618.png,121028,b554dcaf,64052666245,120309,8,97dde8efb78715ce5588028a31ceb27e2c5a0308e4c29674c11246bdb61d19c2
train,progan_train,sheep,1_fake,sheep/1_fake/11745.png,128513,a88eaa0a,63902737766,128108,8,80934c807222907e2481f0565301c790f400d590551c1d0b8e126914d8ac108f
train,progan_train,sheep,1_fake,sheep/1_fake/11856.png,134944,b7a3dc7d,64811421615,134854,8,0bb013713a1df012728c6b552ea4ddc628e868c3c87065768e6cb7dd147ad2c9
train,progan_train,sheep,1_fake,sheep/1_fake/12580.png,125531,524a8980,64072073399,125110,8,4e3c0e4fd9d7931bc8e0f89a246a1157791f5cbf17e9e6654bc1a99b8ab9f057
train,progan_train,sheep,1_fake,sheep/1_fake/12730.png,144235,ac0c0619,63402298703,144006,8,1d93025a29bc7c752138e7df57450a775d157737c615dd038bdf2859525c0097
train,progan_train,sheep,1_fake,sheep/1_fake/12839.png,137680,5a4a7d5c,63509156678,137585,8,b5e6aac32f971b90e10266e8c8f665a0636b55255c32867cc323d4873d585af7
train,progan_train,sheep,1_fake,sheep/1_fake/12877.png,128196,f7b9dd5e,63917565679,127714,8,1016d219bf4ce418d855c3392bdb56cade5c2e81ec4e6b85ef6c57b871f28b7b
train,progan_train,sheep,1_fake,sheep/1_fake/13055.png,140696,74cc95bd,63550663985,140650,8,a69630f4ddd1a49374378434610fb899bbf2f1462e2c3ac669df5134276da8f5
train,progan_train,sheep,1_fake,sheep/1_fake/13092.png,123750,ec808353,64652140367,123386,8,2c54d50a56bc23d3b7aea4cbb4fe71c8cb46d18853fe1d2dba0d95ab67be4502
train,progan_train,sheep,1_fake,sheep/1_fake/13389.png,105251,bd6384da,63590972696,105187,8,57b07b7f026ea8e6674c47e1f1795c3fb332e338c7f708c27ed3561a2285cf45
train,progan_train,sheep,1_fake,sheep/1_fake/13446.png,89221,776cbd2b,63084829056,88860,8,d03fe2f70612de910fe6d697d1309104e1d1dcd1e37459a13712421a2c2e6d6f
train,progan_train,sheep,1_fake,sheep/1_fake/13518.png,107520,28b216ed,64884694462,107405,8,cfc616d98f6e2ccf65f114d1b46cf64ea921afc532c1a786aa9c9aae0601a6f6
train,progan_train,sheep,1_fake,sheep/1_fake/13525.png,136628,1c22c79b,62946794795,136162,8,896f27aaf102d322759cbf9441c2d6f4717cf3e8b5015c12e999e577e975abf1
train,progan_train,sheep,1_fake,sheep/1_fake/13919.png,131634,00ba28e6,64565002052,131271,8,0d4faf5e07e0579736b97e2fad571b716368ebbcdc1521fd6c9dbdbfbb5b3094
train,progan_train,sheep,1_fake,sheep/1_fake/14022.png,147679,6a62946a,62636370992,147480,8,1d08669f52c4543b6ba4f09823fa8156c6f5581d16ed9fe66f1d4f53bcb04a37
train,progan_train,sheep,1_fake,sheep/1_fake/14120.png,136002,c3375b3b,62995055555,135520,8,bc5747c8da73d7e1393855a9be569e899ca4e82960fa2fe2b7b66e6fac3360d3
train,progan_train,sheep,1_fake,sheep/1_fake/14197.png,87193,2bedae47,64538503149,87052,8,b96d7a9af38e0253b10d5a80b3e97d825a72ca0871122f87da6112bb2ea4b387
train,progan_train,sheep,1_fake,sheep/1_fake/14280.png,119607,4cfccb56,64705901988,119574,8,86306054b4f099d3fcd2ac8c2291b00e7b6f5da232fb33d2a9825cc404a3cfa0
train,progan_train,sheep,1_fake,sheep/1_fake/14714.png,131670,a28a201c,64158514369,131452,8,46400a76b9f7d4ddfc1f818698e035b81bedb24933c9d8a108bc6ebf90642694
train,progan_train,sheep,1_fake,sheep/1_fake/14769.png,117725,09c1dbc7,63184306617,117654,8,a3191a73905e610b7e86962aa343a288a188b6e470ea0b260e7a9bfee73928f8
train,progan_train,sheep,1_fake,sheep/1_fake/15020.png,136776,ad41cd0a,63934686787,135548,8,38d08b700114bb68c337c3db709eeece44553c4999943e5e105109fbbd3cb76c
train,progan_train,sheep,1_fake,sheep/1_fake/15078.png,107735,9e4cedb2,63333346658,107755,8,eb35c0bf5ebf214fa48fab9ae011682973a8c7c14dd1648f06a2f365f6007af6
train,progan_train,sheep,1_fake,sheep/1_fake/15362.png,128176,15a007a0,64014312743,127842,8,cc964bb3ab689786f2f60dbb87cf1dbb1c9cedb33434a8eb9532a827ede6cbd6
train,progan_train,sheep,1_fake,sheep/1_fake/15574.png,133753,31ad3d76,64655883552,133607,8,8f656de1f0ea4ec0e163de446144e4fa1631c3d43a5f3f95e9b40ee8a39d1208
train,progan_train,sheep,1_fake,sheep/1_fake/15630.png,99498,2cad8a73,64084531403,99243,8,8f2ad99ba45bf0983c11ad38a264c596c33152c3d8ae783d2c3245593b3f6e32
train,progan_train,sheep,1_fake,sheep/1_fake/15895.png,122316,79f92b34,63263680465,122099,8,6413124870cf1822677550ccb7a3c43d21b898a95d5f30486e97982d3af98c77
train,progan_train,sheep,1_fake,sheep/1_fake/15956.png,134051,0431b657,63417642995,133664,8,b98c8637f72ec12d6bac837164091a56e21f1eb898d149f620cb6e3cb09fb7d2
train,progan_train,sheep,1_fake,sheep/1_fake/16444.png,151665,e085386e,64534274415,151570,8,5e510accb41ebbed542510eba22e76be7e71c16cd6f555ea3fa526c5b20a114c
train,progan_train,sheep,1_fake,sheep/1_fake/16461.png,148088,386c3a5c,64051443407,147361,8,f740bdc59647bcfea8c4a4a2cce6e00e2380caaf65120b6cdf96383bf81ef360
train,progan_train,sheep,1_fake,sheep/1_fake/16624.png,120126,ec6e9b03,63102485759,119932,8,07b6867856b05b9d36c5e918897633cc6fed7449c678e36f94cdcae080289b69
train,progan_train,sheep,1_fake,sheep/1_fake/16774.png,140795,0df4be00,63711663568,140324,8,4c77feed676cc776f608be9998dbfa8948dfdef13603181012fb79317f983200
train,progan_train,sheep,1_fake,sheep/1_fake/16796.png,138098,4d25479e,63796659344,137645,8,433679a2d8616916d779c04c77aeb274561820a45eab3ecd17222eff539c3c30
train,progan_train,sheep,1_fake,sheep/1_fake/16865.png,138394,653b79f3,64718296131,137660,8,0065fbce260ca61c2990356a09614f2f8be8cb6a905a5e2ad5e28eb52fe2ab7a
train,progan_train,sheep,1_fake,sheep/1_fake/17002.png,147083,66f5a120,64760776127,146572,8,bb0a8015716299f59e60f766949b2a99d0f8d2f1213ddb9180bd9c9806c2e50f
train,progan_train,sheep,1_fake,sheep/1_fake/17040.png,120584,a9f6518b,64885065278,120351,8,042716a9ae3645f71048eaab229edcdd939c0d355d9d2533a48d7f76c4c3fc5f
train,progan_train,sheep,1_fake,sheep/1_fake/17179.png,83618,53473b6e,63171901268,83514,8,e5667152fab05e5796bfe571239fdfc2a4b8558d13045b9356268202d5360f25
train,progan_train,sheep,1_fake,sheep/1_fake/17207.png,136907,ee10c8a5,64772490253,136570,8,8deb1a10452faf3d6c1f93d8011144f9a390488d65b65242cc01226b1ebcc875
train,progan_train,sheep,1_fake,sheep/1_fake/17537.png,127962,33e76ef8,63715122449,127854,8,86298e3096e06d957e5b10085c238311a68738a05e37dbe3299d2bd54a7875be
train,progan_train,sheep,1_fake,sheep/1_fake/17685.png,150766,55e83d40,62784984689,150682,8,b783a76a995830bdcf5fc5f7389d58e81ac566b2f3a881571e6860a2a1eaadbb
train,progan_train,sheep,1_fake,sheep/1_fake/17804.png,128107,0a94a130,63325281509,128072,8,17309417c0eed355590804acc617a9665fd16dd4cb71e2fe858ab08b05656165
train,progan_train,sheep,1_fake,sheep/1_fake/17880.png,110675,818c5ce5,64535312429,110666,8,c0df62cf64e1f919bb80dc058cdf49b1d3f77252d3cf54b0e03eaee5e5695da2
train,progan_train,sheep,1_fake,sheep/1_fake/18094.png,129716,b8988c63,64704920936,129287,8,bc3b7946325ceeadc73e4a60c9fc84d2f8912df7cb9906816998482c061b54d1
train,progan_train,sheep,1_fake,sheep/1_fake/18198.png,111967,f0a305d8,64613861633,111652,8,34a71edb30eae7066f96c899dd03a33b5f9a1898ac5a1def1509f3296597302a
train,progan_train,sheep,1_fake,sheep/1_fake/18241.png,127777,60175f92,63269783161,127680,8,56fc8ba08a71c433c8cf15f427d94242072dce7d38cbf7fb4a95ee2dd50671d7
train,progan_train,sheep,1_fake,sheep/1_fake/18297.png,147590,c2549c0f,63275291747,147098,8,0d2123c42c45da3d5ac938b3c6d0c71c133183b4858e237603b2f46641caecc2
train,progan_train,sheep,1_fake,sheep/1_fake/18597.png,140597,058371fd,63090360408,140388,8,c7d87804d7de3b678336b00541c778f5062ea28b181827fd6c6234c057802ee0
train,progan_train,sheep,1_fake,sheep/1_fake/18828.png,101980,d4030fd8,64845141331,101829,8,d23ce4bbd94dff2c9c1f6fe9f4725bb08069ab593f9461c5e23089596cfe6356
train,progan_train,sheep,1_fake,sheep/1_fake/19358.png,136310,f2665b3c,63966866362,135592,8,24d3159c3312c006ab159029f732838758716a7c0ffbeaf4617b7a4019adb852
train,progan_train,sheep,1_fake,sheep/1_fake/19817.png,97800,4465eaf9,63527816461,97766,8,6a8914123f7bcb03f438246a4f2b8cd562b0fe947948ef9fef36d318f8cda84a
train,progan_train,sheep,1_fake,sheep/1_fake/19989.png,101039,b09a145a,63709018222,100656,8,8a62460339fae8c7195c8c208fe6ae6ac0cd01773c637867621a95eebff3414a
train,progan_train,sofa,0_real,sofa/0_real/00071.png,109962,73ec1e50,65110331843,109951,8,7fe0e5c499c2c27771152edb7561de4cf5bbab027ce4abfef0d4f1c328be9e42
train,progan_train,sofa,0_real,sofa/0_real/00154.png,92762,ad1b4ec3,65314475100,92768,8,b5043f9785d64e284f1c4885d50a33c40b45c176381f082d4cd74e68b89a7f46
train,progan_train,sofa,0_real,sofa/0_real/00240.png,55453,6da32845,65576293807,54797,8,55c2543f19fca006ac326f006d1bf9c9dc00adc6a019e9dd2d8de5bbb3b098fe
train,progan_train,sofa,0_real,sofa/0_real/00315.png,89017,9170fe33,65818133912,89026,8,eb37cde999ea4fbfd53ea08e212d5358b7e16c077568dad44bcda55e246dda0c
train,progan_train,sofa,0_real,sofa/0_real/00627.png,118327,3ca57c9d,64986179105,117939,8,3834e820067bf8833fbb91298b206871102c6c97884508831827bcf4b0d4e990
train,progan_train,sofa,0_real,sofa/0_real/00803.png,54293,aaa0ac1e,65637353556,54265,8,1a7c26b8ad58a5e8a44ed069ffc789496210624659ace0145fe2d94adf04d81a
train,progan_train,sofa,0_real,sofa/0_real/00859.png,44933,e089932f,64980506130,44943,8,8a3ce8acf44b1f91f09320d520cb30f0312a21a8e1914fe47fa7b971b23a202d
train,progan_train,sofa,0_real,sofa/0_real/00997.png,127736,13224aab,65746908862,127756,8,ab001b5097463f18296a61de2881f4d03690dda2a91e98f41fa94711f5d8d1a3
train,progan_train,sofa,0_real,sofa/0_real/01177.png,89290,0d00a86e,65526345831,89297,8,f2d0e365cbc7b71b844393e4ffc453edd950c24da80f8e80c3c6f9deb534204a
train,progan_train,sofa,0_real,sofa/0_real/01564.png,86220,a6efea88,66084644103,86078,8,a4db3546e1ab45aa20ffdb7501644ba76832cca8c32744ecce0cfb56d7e669c5
train,progan_train,sofa,0_real,sofa/0_real/01656.png,102839,cc5e07bd,65548630653,102661,8,6350a539f3cc33f1fd6962f121b11da739e6005df33f314053d3623ffc7649ac
train,progan_train,sofa,0_real,sofa/0_real/01697.png,11212,c1bced29,65200032196,10395,8,98ee82d5a31b3ed94d4aaa52dbc65ca2d6a555556ead16f75916089b1b0053fb
train,progan_train,sofa,0_real,sofa/0_real/01839.png,49112,a62d0376,65966191245,49120,8,8b3a2d04ad498daa241b0514ff7adffc6fdde782cb03cfb3181d17562eeb8fea
train,progan_train,sofa,0_real,sofa/0_real/01902.png,132097,517ce469,64961540794,132044,8,f6e63104df1244412c9b5213505cb42befc3bad12a86b695b8d0206f4dcc0c05
train,progan_train,sofa,0_real,sofa/0_real/02434.png,124378,c9cd18bc,66441630914,124206,8,7440880dd1cf4990a99cec7c1e5e26f4a95232264e7a9fc2e49aef573b7a64a7
train,progan_train,sofa,0_real,sofa/0_real/02809.png,19838,b8f69423,65489020169,19151,8,6570cc799731d59d95f8f87dd19fba9a62a94279aebf7f8630ffbf28e38d318b
train,progan_train,sofa,0_real,sofa/0_real/02924.png,11525,d6223d18,66227730626,10731,8,7012cb1072d4f85de109a59518fe8a7cd1c74fe59156544f87164246ed2eee81
train,progan_train,sofa,0_real,sofa/0_real/02957.png,51102,3756790a,65880917040,51075,8,20c74064605c7f438e2c9edbbec11bad783677155493442f3bbad2ed8339736c
train,progan_train,sofa,0_real,sofa/0_real/03135.png,71145,18c68e39,65225131802,71153,8,6b3c780425c3f68bf2298ede093e051907a42769ca10561536fc43d4ff545532
train,progan_train,sofa,0_real,sofa/0_real/03379.png,85489,7b9ae373,65817229552,85192,8,6d03ef6ad19ff05e89a7727fdadc3ca0e017ad88acd9bee17084be409457a8b6
train,progan_train,sofa,0_real,sofa/0_real/03606.png,86227,4ea96bf6,65982220013,86140,8,5bd2ba3e5d3e06f34b0c1321bf3db30217c76fe1b215263e869a641893375891
train,progan_train,sofa,0_real,sofa/0_real/03632.png,59335,546d7ee1,66151575037,59337,8,2dd432b7e5b80c0ec24d0eca60a2fb67af85bc9bf9b9af37f6ef2359330efb06
train,progan_train,sofa,0_real,sofa/0_real/03707.png,96408,8a343a0f,65108797107,96191,8,1dff1f005b08799ad07b62542026944bd855c04811d81f5d7eda5a7b52d72761
train,progan_train,sofa,0_real,sofa/0_real/04203.png,71382,539833b4,66387296457,71397,8,045fae99ecc7c7b1c28397e9eaf1ad255e1027a7f8100464a3f01cdfb174adb4
train,progan_train,sofa,0_real,sofa/0_real/04276.png,90360,847d84fa,64948850531,90370,8,cc21c368f8c2862a7fb8738107132f7f169f7a98d854209e52f63023edd318d1
train,progan_train,sofa,0_real,sofa/0_real/04283.png,115718,4df7c052,65129205408,115721,8,049a32615741131c390e85af3b4d462f2210f9bdb986f011cba21911f558a462
train,progan_train,sofa,0_real,sofa/0_real/04745.png,137784,4dba2f04,66006027537,137203,8,b3d0c6759edef799b0e0f50a9daad3143337f2e473717cdcfb777bfa756b4054
train,progan_train,sofa,0_real,sofa/0_real/04773.png,139474,cf1fb20e,66456708342,138958,8,1f28502ff7931bed04ae528574d1b2daddf1886e55c7a7660f49fe213a4537de
train,progan_train,sofa,0_real,sofa/0_real/04907.png,109370,1e864abd,66065812318,109052,8,4c88735e976c6a8e2ca8d32a87fc2370958b82afa5669a13e5ec606c1821910a
train,progan_train,sofa,0_real,sofa/0_real/05239.png,61440,17dd5e59,64936153114,60997,8,d8a3b137e72dd40ee7ece6d0954b6e70f550ff4371414133eeb307ba278d659a
train,progan_train,sofa,0_real,sofa/0_real/05262.png,84620,230c918f,65377407782,84582,8,0bf45171ba13a042da5e7f41811bd683c4aa1ba355b8ff32c1d5884a59919c66
train,progan_train,sofa,0_real,sofa/0_real/05388.png,86940,2533b0df,65480790855,86893,8,1a66e5a3068d59d6376ac06cfb4c3d0b1785370d1d2314c43803218dd4a0b9bf
train,progan_train,sofa,0_real,sofa/0_real/06144.png,40832,a7e860b7,65726488737,40719,8,f6a4399e49fe9b1f00a06d71f3c336063fbb1848ab98dcdc09982ae4808fb584
train,progan_train,sofa,0_real,sofa/0_real/06170.png,95693,6c0d0927,66401165957,95679,8,43f775448cc98ea1123ca537087b7c33a64fe33513c685ac43ebc7a221d01a4b
train,progan_train,sofa,0_real,sofa/0_real/06233.png,108833,1c28e72f,65388567555,108491,8,be13896baa37bba5a2d557428943a41e45b20e056d4fb1129f067138760c0b95
train,progan_train,sofa,0_real,sofa/0_real/06305.png,130092,ceceeba3,65360643685,130101,8,a94994f00453e98c54481fc6c1a83bed49306b4ea1e505be0c358f1d7dacffc3
train,progan_train,sofa,0_real,sofa/0_real/06824.png,82249,d052f235,66176158403,82172,8,494c3326614662da3cb4c4383d36ac380270d43b6570a9bfcf6d388d5504e14b
train,progan_train,sofa,0_real,sofa/0_real/06988.png,78088,fd49ae48,65290872442,77959,8,e9b7fab3002cc770a59724c75c0b373b8edc5a73722a3731ea1a4a76797303a5
train,progan_train,sofa,0_real,sofa/0_real/07041.png,74401,2b74a80d,65559106898,74345,8,f6d7af871ee074b721a45c5dc3c98eb0ad05d1e198c0e0e95817d70cdecd5f7f
train,progan_train,sofa,0_real,sofa/0_real/07084.png,57548,63977e00,65911686507,56998,8,b9eaf78e8ac4df5d9b77a7bf6025480ae3617791d781f7700a4e868a41eb473c
train,progan_train,sofa,0_real,sofa/0_real/07203.png,68154,c5413a6c,66288924012,67902,8,e79e093dba34072dfd80909abfbfc60d3969c0b5e6e829ab93388c5166d3b5e7
train,progan_train,sofa,0_real,sofa/0_real/07484.png,24437,ef004fac,66047498199,23724,8,3f00325cce47e5936f42d312a86a40467fde70af7b56f4c0b3deac62c72497d8
train,progan_train,sofa,0_real,sofa/0_real/07569.png,90866,d33a3ab4,65421606862,90836,8,64d1f70200247e77e3cb338eee2e13f881a944d0c313548afaea174b708f6154
train,progan_train,sofa,0_real,sofa/0_real/07643.png,46475,a1062e84,66102426727,46326,8,b764d2327fc85aacffd4d936d07081daa26c26ed3dd5caf49d5a71d072b62fab
train,progan_train,sofa,0_real,sofa/0_real/07673.png,74578,315d8433,65653379712,74552,8,5d3c77a68d3ed840e84a8cbd15885ac09b77761d143e535232183cb0dfad6966
train,progan_train,sofa,0_real,sofa/0_real/07765.png,110835,86fb05d8,64941536812,110855,8,194d9280fbb580cb3f2e118ef4358cb1c918b979b9e7701de06693ec3f36a694
train,progan_train,sofa,0_real,sofa/0_real/07877.png,97705,dd6528cd,65148746855,97720,8,2b5854a7fdfc68c5f4a341b9900ce7d4bf2e7146dbb6edf574e06244c9d19204
train,progan_train,sofa,0_real,sofa/0_real/07878.png,72506,60291b39,65148144650,72489,8,2b1ce03691c55b46de6d7afd7f05dc20fcbcfafd9a5119da4afeb63941305c3d
train,progan_train,sofa,0_real,sofa/0_real/08345.png,85132,3f1dfd89,65634530738,85114,8,1f2750fb3eda0f0df19bd40ece9e65fe08d00ba39365df6f40dc8895c23a3460
train,progan_train,sofa,0_real,sofa/0_real/08742.png,37112,2b27956c,65593155344,36978,8,ff8a875500d6b6f9e82533d6d2c4f102de764267a32f5c8a8cf9c47efe313acb
train,progan_train,sofa,0_real,sofa/0_real/08753.png,106980,4e12e163,65623549268,106935,8,593cceb7adb7fa9adb2403ec8067c734e9579a4b6813525fba0bb3024f1d0386
train,progan_train,sofa,0_real,sofa/0_real/08791.png,66527,fdb6337b,66106726748,66533,8,db06ec0a07d98b8283c9a499b4608718ef2b6483523ff3f3f915e924da207965
train,progan_train,sofa,0_real,sofa/0_real/08792.png,80519,cf1b72fa,66216908822,80435,8,d64099555c79f841a8c903b297e394bdbf3b547bec2636735c696beedfdc113b
train,progan_train,sofa,0_real,sofa/0_real/08996.png,129281,e7e11d60,66209280666,129217,8,2bc326d12412d7816780d4cc52c8ddf06de78385b47fd957c10ed81fd0245711
train,progan_train,sofa,0_real,sofa/0_real/09357.png,109649,7c60e8f1,66011113159,109468,8,01c635bbf4e079efa96426238da9d97979734d5bea308b46dcd8e99d75897039
train,progan_train,sofa,0_real,sofa/0_real/09413.png,120048,eb54ada0,65539683316,119804,8,283cb7249cfa9c698afe7d219e7e16a1d0a4f404473e31d7a90b7f1f8d397939
train,progan_train,sofa,0_real,sofa/0_real/09453.png,101028,f555c048,65458165931,101048,8,296712cb1118225c94cfc42ca5c7b4feff18b663df07256aa4dec4c784a74ab9
train,progan_train,sofa,0_real,sofa/0_real/09485.png,27778,60d7d249,65472006361,26881,8,f95ed7f85d6f0eab24f1b1e5d59b17d8cb4172f98db174765fddc1bb82c07ec3
train,progan_train,sofa,0_real,sofa/0_real/09818.png,49626,93c93c2b,65642662994,49636,8,67d224fdc964e4248982c7bca95f03e833c3576d532cb054bac5c3c7f9253b44
train,progan_train,sofa,0_real,sofa/0_real/09879.png,75904,1130f019,65523096697,75912,8,ce0e48590afed5a2c80cbfe3ce0a80394fd0fbb322d3f229b6e09dbdb82aff7c
train,progan_train,sofa,0_real,sofa/0_real/10603.png,72099,1a79f63f,65238597416,72036,8,02fb07ea685cc602f05dfcd1c093f8d2179275572e949aa3ac5aacb8783b1a10
train,progan_train,sofa,0_real,sofa/0_real/10609.png,105119,12488012,65285651408,104607,8,9a05362472e17319b934bd08be81f1dd3546058938f290e2a8f3c80e0dbee35a
train,progan_train,sofa,0_real,sofa/0_real/10624.png,98878,bb03f7fb,66181483193,98609,8,f82b8456fe431e8a3ae72714d133525f3f1744080b96f0a236cb67f4c5eaeee2
train,progan_train,sofa,0_real,sofa/0_real/10831.png,78554,a3dbf914,66400680374,78543,8,75462760faf3e6296c9c090ac9d0370f5092083f1be22d1726e09227d28459ed
train,progan_train,sofa,0_real,sofa/0_real/10996.png,23051,7f48e8aa,65509874057,22324,8,66591e5aa1f53883006053186913ef28ca7cd5ac36c64bdceb114cc934e7db84
train,progan_train,sofa,0_real,sofa/0_real/11005.png,105158,cb5c366f,65567739034,105111,8,f81b3485a6772ed3473371af19b8c1a16a5b45f5978a9bd80979e93dccf629b2
train,progan_train,sofa,0_real,sofa/0_real/11134.png,93745,5e3d2583,65710803008,93693,8,f48c6cd7277b8a7d0708908cb01c3e64d1c2711aded532a8a297a93c79645057
train,progan_train,sofa,0_real,sofa/0_real/11367.png,81960,674c7eee,65163919798,81824,8,bbc10d0844170991378169ec0fee65e906c5994e81e5d56ec33ebc7e9bcbb377
train,progan_train,sofa,0_real,sofa/0_real/11974.png,102594,2b6d15e6,65895326210,102592,8,987609d5ed2c4488dde8c591c4faf9229a6797bb595a20d2ae9df5a49ca8f574
train,progan_train,sofa,0_real,sofa/0_real/12955.png,87082,068faac2,65313420533,86916,8,557e71cb42fdfefae5cf6a5e7d3caf029eb84b9198b2d982444804c2d0782fe8
train,progan_train,sofa,0_real,sofa/0_real/13095.png,75787,3dd20fb3,66298834914,75738,8,e979442fc3712cc402d1dbd75b6fceebfd7398e1b92d97cb0e84b4fdc013a91e
train,progan_train,sofa,0_real,sofa/0_real/13099.png,112165,49d0f225,66166138579,112091,8,a37ee7ad157f9b1b8346c8671d3298d5cf1163668da46c6572de00c363259134
train,progan_train,sofa,0_real,sofa/0_real/13687.png,62862,b12c86df,66011524666,62768,8,afb5168baf5873132dfaf83d632126270a2032ea22c38ed4c58e9cb7dd62ca05
train,progan_train,sofa,0_real,sofa/0_real/13838.png,124862,2ed1308c,66000183328,124808,8,e637e7625ff5b3b7d5d15be0012562c13b13e5bb7f1f319fbf48decf6316d098
train,progan_train,sofa,0_real,sofa/0_real/14132.png,68151,51525a95,65383548714,67845,8,4d2689cc7bf97347d0c711f9169d6d2dbb0608d6fe66e2dac41afb351a299017
train,progan_train,sofa,0_real,sofa/0_real/14161.png,88171,c65f4589,65641278441,88128,8,ea4c2cc27bfee6c13ffeca760a8abe0cd27fb4ef6765a3db4862feaa66145ee4
train,progan_train,sofa,0_real,sofa/0_real/14490.png,60486,e55d579e,65996400403,59568,8,1ea7de594368045d867eb52c45820239e78db502d573bad35f78a60009b70748
train,progan_train,sofa,0_real,sofa/0_real/14615.png,73172,b3e2180d,65086737180,73156,8,3414c0238f87fa2f9d5141bd1355f5fbffdcc169b641a46fa1e9a08fa2b677ca
train,progan_train,sofa,0_real,sofa/0_real/14894.png,61123,7167a05d,66047020823,61026,8,4f986a01af609586f141b7e3f3f5a90ddac72dc641c46db66493b61f99990800
train,progan_train,sofa,0_real,sofa/0_real/15035.png,54921,4ac54487,65255213983,54769,8,ac922794fa5c9351562f1c50373a2598d5234f6ac3b88edff9823732b9be13c5
train,progan_train,sofa,0_real,sofa/0_real/15228.png,78775,639f6013,66408930718,78756,8,884e470db8deb5293450f47e239482150c4b519f40dfaa5114dd44a2c1184165
train,progan_train,sofa,0_real,sofa/0_real/15301.png,96475,56e2d4b3,65426629933,96455,8,d42e3a4773a5aefe897604d65786ecd72818fbab56c83fc061ad24acf2b1bcc8
train,progan_train,sofa,0_real,sofa/0_real/15860.png,65941,0e3062b9,65438344957,65784,8,c356112191485acb49895c26a9ba9de8a891f7a0f481548b6c460e9fa7860831
train,progan_train,sofa,0_real,sofa/0_real/16172.png,112032,5d0cbd35,65888978364,111747,8,51e2a379e4bddf2b3fed8d9993dc235151af07dedacba62a31d14c03038220d6
train,progan_train,sofa,0_real,sofa/0_real/16644.png,37261,e10f8a98,65255388910,37136,8,dd65b4b38875f7f7ad9372392711487c0b22460d09fe02c98e2acf86c6717982
train,progan_train,sofa,0_real,sofa/0_real/16673.png,67339,bc7ca16f,66393465983,67266,8,66c8ee6048e0504ed2baa331aa78252473f9cad1b324ec43b510a2c402e8eab0
train,progan_train,sofa,0_real,sofa/0_real/16693.png,99219,f143e827,64936726825,99158,8,7b530224314223137330d60955e76b4e699928f0ceb48516d5de1a1dea324842
train,progan_train,sofa,0_real,sofa/0_real/16815.png,109434,ca26010b,65555424744,109454,8,39dbc41231a7e23af2bf19ff80a527a3ba56c7e4f01c11c64c33a9c646b473f6
train,progan_train,sofa,0_real,sofa/0_real/16835.png,55288,21c00845,65088403359,55240,8,7fda9c181f16a2c2816c1b3e3c9ce1c8da18c4c7347c14518ea26a14ed4d5202
train,progan_train,sofa,0_real,sofa/0_real/16881.png,53299,b339b4d9,66084590783,53241,8,54838e3fb11e2f5c94c357729bcab7233067122cd3e4d16abc52c67fb087a47c
train,progan_train,sofa,0_real,sofa/0_real/17259.png,75403,4acc2bbb,65561677047,75224,8,627f78403119ce37f10395c16f207efa95a6cabdde4392b35ed1b672bc458329
train,progan_train,sofa,0_real,sofa/0_real/17351.png,109104,26399c82,65515893237,108951,8,b4d72aa061b88bdca45863f18552af3773c8c59099fa9893e5616ca0de354c3a
train,progan_train,sofa,0_real,sofa/0_real/17533.png,106677,36de0453,65198291026,106409,8,5449164c786f6c7f43d06a9b0261ac0bf1603bf19f1f5f2a71af83e8312539ec
train,progan_train,sofa,0_real,sofa/0_real/18251.png,77775,7657131c,65824184213,77566,8,668081cbb43d14012b08d5b8487513d9a00c1b13f762dc198099d50d358685de
train,progan_train,sofa,0_real,sofa/0_real/18990.png,75462,60beffe4,65234926309,75393,8,aece92d8858cc4cc7b456b26197eb99753e5887d68cfaae18a0b03fcfd2fa71c
train,progan_train,sofa,0_real,sofa/0_real/19174.png,116109,8f4e12ff,65775388279,115976,8,980037db927e68204323debb335610763b5a0fdddcbbfe2046496daaae324e80
train,progan_train,sofa,0_real,sofa/0_real/19276.png,105578,e194bbf9,65546224014,105368,8,98acdfdc1908c2845848950e008c16e2aeb0f4c490ed2bc0e052b96981789f4d
train,progan_train,sofa,0_real,sofa/0_real/19302.png,63080,cdc92104,65976519366,63090,8,ad30c99b4b3603015efd056b256245978fb09ce798a8f163d7891a849cf750f7
train,progan_train,sofa,0_real,sofa/0_real/19876.png,119615,6f283da8,65855875365,119323,8,ab531c665eb290543ead25d3d66f3bd0a983d3e284022ab7aa6dc695fe7ee69e
train,progan_train,sofa,0_real,sofa/0_real/19894.png,95434,3381cfa6,66078398005,95197,8,f248c63a381eea18155f5cabae2e9e1c9cea46e1da3d96f0ad2445bb24c17862
train,progan_train,sofa,1_fake,sofa/1_fake/00141.png,111261,35776d9e,66760669008,111207,8,ef3967c7a5abcabd4d3ce90c736b4b5fb2ec825a5a504dc7ab707d7f35052540
train,progan_train,sofa,1_fake,sofa/1_fake/00158.png,34846,7aa2a560,66662584014,34778,8,b0694812af35fff81108afc29b14f00bfe0e87f52f4fb82c0c226c30a03f1c5d
train,progan_train,sofa,1_fake,sofa/1_fake/00621.png,103537,873c8f2d,67179674162,103550,8,d7dae6d170f2c337927c7e9ac74c93f9a93d6846961cd36f157d18eacf2e0eb0
train,progan_train,sofa,1_fake,sofa/1_fake/00747.png,120066,f1521039,67039733375,119958,8,7dd9b2d9fb278290043ccef7478b87761fddd854481a5604f691e7f155784b4b
train,progan_train,sofa,1_fake,sofa/1_fake/00905.png,84886,398e2f59,67865656501,84688,8,6b60f07476fad6bbb16de8e6993c6e64d54750d0698d86117e6ca0d715c80c49
train,progan_train,sofa,1_fake,sofa/1_fake/01107.png,121117,d49d2b3a,67606962953,121054,8,b8b787f1a59c3cf69d064467af420392b95c3b31d54f8d30b04774c36060dff5
train,progan_train,sofa,1_fake,sofa/1_fake/01198.png,101232,41815acf,67307100574,101171,8,fe4168c5eaf50cb841ebc8610d644bad1b5687c339adab92af1ddca576adc126
train,progan_train,sofa,1_fake,sofa/1_fake/01334.png,86750,f73f144c,67673180685,86765,8,0680e021bc9e6984d63cab30f5adabcee48ed9f4edeb68dd7c176034d25dd858
train,progan_train,sofa,1_fake,sofa/1_fake/01341.png,121326,5580d8b9,66729940274,121346,8,e797d5afb39db024c8d994785c94b0831dca57df793b3ebc25dd44a859c31ea2
train,progan_train,sofa,1_fake,sofa/1_fake/01718.png,88361,f237d390,66673077739,88376,8,afd5cf763b8dcb95d98fcff77bba0409702600de3c9320bff7eae0c363dc6ec5
train,progan_train,sofa,1_fake,sofa/1_fake/01895.png,105866,efb7fb65,67422267879,105863,8,31c2de18a2ddbde7deb48c34f33605cdaebcfb8cf75a5ed63abd96bc74edc1a8
train,progan_train,sofa,1_fake,sofa/1_fake/01944.png,138971,ce51aab3,66681559910,138767,8,1934433bd65c3cba7e59ab671c3f49404a8ec8d385971518b51f830e19c3317f
train,progan_train,sofa,1_fake,sofa/1_fake/02182.png,81507,a8be8368,66996603433,81522,8,1f7ab3fd65d84867ce9c5d3617729a15bcde769fcf976545b548ac3349d45b81
train,progan_train,sofa,1_fake,sofa/1_fake/02196.png,109841,8e7bddba,66621623664,109827,8,ff85565f1ed3fcafd30f8bd35fa78e3536ab8d21446f2c79ce03e35888e3b61c
train,progan_train,sofa,1_fake,sofa/1_fake/02378.png,113861,a59ca37a,67402888405,113859,8,cc5992142ee4213e39c9b33a815b20dd9f35797f14e888f582de761d5821968d
train,progan_train,sofa,1_fake,sofa/1_fake/02550.png,97783,bb97d022,67670123758,97751,8,5d207db4d24febbb73aecc42baceb3426ce647e7454f56102f350a274d694592
train,progan_train,sofa,1_fake,sofa/1_fake/02605.png,105496,73cca06f,66839707435,105445,8,a67120053bb957efc54f92546f56171737409ef76b6a772de498c3f012729ba9
train,progan_train,sofa,1_fake,sofa/1_fake/02745.png,93353,5a10be18,66916379068,93303,8,4e913adb1bdaf33cd0ca31ba31c1925efc5020dc04252992531fd540e4bdce87
train,progan_train,sofa,1_fake,sofa/1_fake/02838.png,106926,b32ea2ce,66855637828,106758,8,42cc75bfd2b616049ab4d92d884cd733aad1fb63a81bdc82043fbad1cc7316f3
train,progan_train,sofa,1_fake,sofa/1_fake/03534.png,118346,c05a14ef,67827237402,118352,8,31401be15b5d8ba9d7cb1bdca194ea93f757642a2f7b4b815753f33bffb097c5
train,progan_train,sofa,1_fake,sofa/1_fake/03657.png,112173,3ea4700b,67391431310,112024,8,fb714b761995e91e0fa5e4e287f43ef2b90f3afcd63dcf030e92c9147021f3e2
train,progan_train,sofa,1_fake,sofa/1_fake/03690.png,110830,1dd8bb4b,67349124261,110764,8,e9d05ce0fe6530337aedec86039ef74738d39620b27036705c7c2ec6ef675160
train,progan_train,sofa,1_fake,sofa/1_fake/03733.png,115788,cebfb64e,67035031341,115628,8,f85da3ac0235c697ef1a890f52d095fa0dd5042b9255af7ce6776b585125e548
train,progan_train,sofa,1_fake,sofa/1_fake/04020.png,92532,55ad63fd,67669281348,92312,8,13949bf2d5120d60a990beb241ee5215edd471ee57e8a6cccd576285748569d7
train,progan_train,sofa,1_fake,sofa/1_fake/04291.png,122599,15bc0487,67883053767,122535,8,657b2bb9e375e13a2f640df09dc19c1b09c2e2812fa7ded2ca16b968e4d30872
train,progan_train,sofa,1_fake,sofa/1_fake/04324.png,61687,c991df75,67394332405,61667,8,a16b7fa6de005d8042f54bbcf6f77ad0fa87dcfaac60a95ae2017ce7235af14d
train,progan_train,sofa,1_fake,sofa/1_fake/04847.png,105540,67423600,67776563313,105560,8,774c8b2481174070a055e64772f70df7df57dd6970ea8e30bf4529e961f85801
train,progan_train,sofa,1_fake,sofa/1_fake/04926.png,102898,63ef1ec6,67662115200,102862,8,a53f81fb1d5c38cce27f57865335a2d261330389418ae726b8167f22dd24287c
train,progan_train,sofa,1_fake,sofa/1_fake/05032.png,40608,d351dd06,67059120000,40471,8,dfd23fbdee60e44b2ef76db3ba4772763add77cd97f318a10f02e6a08900f3aa
train,progan_train,sofa,1_fake,sofa/1_fake/05212.png,108325,e81f0aec,67375893662,108345,8,a059bea3179dcc9ea1081f96862d63133f689bf3d40073880786c555d802f56e
train,progan_train,sofa,1_fake,sofa/1_fake/05498.png,99522,65f9a781,67955336902,99516,8,a2381b667695c392a62504631029b4058cc82ba5ad53983939773da4f40870d4
train,progan_train,sofa,1_fake,sofa/1_fake/05661.png,130953,416a0fb6,66570940592,130960,8,f2824c63f564323f874258f2142b874425999a8ecc3e4605a9bc295615ae2b46
train,progan_train,sofa,1_fake,sofa/1_fake/05829.png,34267,7923c33a,66671189657,34277,8,bc116074cfdf1292bd4dadbb7896396289ba5b4f3f74d9a9682344f3d244e5ce
train,progan_train,sofa,1_fake,sofa/1_fake/06036.png,90659,d8b55b21,67200968712,90660,8,fa521adeca1e76daa0896a13ad4c8ff53f65e67f1d82b5caec6a339d2efc284a
train,progan_train,sofa,1_fake,sofa/1_fake/06434.png,87405,25bd66eb,68092903074,87412,8,747da1ac8247b297d1f78244f687c4dff32072c98a572da6ae31dd9fdd4274fb
train,progan_train,sofa,1_fake,sofa/1_fake/06673.png,23171,7ece5428,66875687533,22988,8,7066e75540a1eeece10202861fa593c440673817fbe2c61e147de5ffc7fc9469
train,progan_train,sofa,1_fake,sofa/1_fake/06751.png,115767,80a91cc8,66893588828,115772,8,39d11eb465d98fd7dae5aa5b56fe0a9bcdbdffd2bfe659ef86616f527cad55b0
train,progan_train,sofa,1_fake,sofa/1_fake/06856.png,81077,975c986f,67865308930,81075,8,2d6947bd47700e749f3b00ee00e92eca482e666feb90b186e635b29b8308afec
train,progan_train,sofa,1_fake,sofa/1_fake/06858.png,86335,df414d6d,66781880363,86347,8,fa2f98dcb10a4167ece31f8e153d714cdd5cab791448cfa213075081e6d71c8e
train,progan_train,sofa,1_fake,sofa/1_fake/07395.png,69967,0688d4ec,67357952317,69982,8,d2cc00b2fdc55ff5ed9150e395848e2fa0d2e7ec8689d2496217664dbf4642db
train,progan_train,sofa,1_fake,sofa/1_fake/07398.png,109313,6e019513,67122860793,109283,8,a4d5123ada3f64b727cb7e96fe0d59e200c89d282776b340626c68b4eaf6c84b
train,progan_train,sofa,1_fake,sofa/1_fake/07477.png,115875,266b17bd,67472421405,115895,8,4038d3148b6e66ea09789c6673e9dfbbaac9b2e94c721645eeba8a1c6bee373a
train,progan_train,sofa,1_fake,sofa/1_fake/07689.png,67484,1adcbab8,66617716732,67499,8,a4933a4d312f60f345802b4b7eae8d63bbca44bda2adb3592439d6a37cfbf59e
train,progan_train,sofa,1_fake,sofa/1_fake/07741.png,107623,7411dcd8,66906714109,107216,8,4c65a95ad504adb75b2b231db060ce5ae4d560a3ad86b26abaf946e05410e9d2
train,progan_train,sofa,1_fake,sofa/1_fake/07786.png,85631,61d88c5c,67768145502,85564,8,6cdf6f2b19628f22baa145449150f1c653a85e3fa12b578d2e1a229f7584a80a
train,progan_train,sofa,1_fake,sofa/1_fake/07832.png,92814,0c3241ac,67341111506,92829,8,a4d34e91ebafcc4552a97a8c33821a558764d489f7f29191512cd51330bb040c
train,progan_train,sofa,1_fake,sofa/1_fake/07875.png,87575,5cad71d4,68058044812,87392,8,182019ae2ded47b8a90230cb7d2d0ce2cda0a24279a8f438e4a5a103f9df3556
train,progan_train,sofa,1_fake,sofa/1_fake/07972.png,37648,7f661750,67732019578,37485,8,4b2c3b293e408a21c3f82562bdfd5385528caf2b8a830f1e808ffd982e895875
train,progan_train,sofa,1_fake,sofa/1_fake/08063.png,119227,2f8b5ebc,66693948612,119247,8,c853e0d1aba1e23546439a426d9567db02573e7721d370a0383e02826528a3af
train,progan_train,sofa,1_fake,sofa/1_fake/08423.png,91719,76cf4332,67300179949,91688,8,c493b6346d10f7ce5d3595362c6c1b1fe7726f653031537c04d7924a24d8fa7c
train,progan_train,sofa,1_fake,sofa/1_fake/08457.png,31703,75fe006d,67627385894,31630,8,4152958fc039ac67c094cbd4fcd8de6455df81e8bf5c8c933b2b7765d2563615
train,progan_train,sofa,1_fake,sofa/1_fake/08488.png,69591,eb3803e9,66939128852,69606,8,50e8afde1e75b4340400300aab6b0923cee0d28d7991a170cf4e91de7b84b645
train,progan_train,sofa,1_fake,sofa/1_fake/08872.png,103126,16e9a911,67020694213,103083,8,212ad5044d6a0c509cc0727c7b740ff5daad5ece577df5496b71615443b14a16
train,progan_train,sofa,1_fake,sofa/1_fake/09002.png,29313,66c307e3,67173585493,29036,8,37d93b57d4763196cbeebbf6dd9cba3082256e34eb9f7a2fe1a340f613bafd02
train,progan_train,sofa,1_fake,sofa/1_fake/09011.png,37666,2990e2c3,66584205607,37453,8,97ac03168365c2b89437931f69d6e5089691574a94ee3d93ef8f5c39fffc0473
train,progan_train,sofa,1_fake,sofa/1_fake/09176.png,130215,07d0cf9d,67972605757,130199,8,5a8cd41895f359d57b55ecdf9646aa178b2ba79405db2b79f0518b48c7cfff08
train,progan_train,sofa,1_fake,sofa/1_fake/09578.png,73461,d819866b,66954229481,73329,8,8c2d5e6752dc3cc7c1cb4bced842d19b53f2c3960b9b1397a7499d126b582fa3
train,progan_train,sofa,1_fake,sofa/1_fake/09915.png,32729,bcefaf0e,67158926563,32624,8,66959f7963879d676815501a966f4ed6a65ca028a76522af8905b38df6b4c768
train,progan_train,sofa,1_fake,sofa/1_fake/09999.png,85083,7accf49d,68073271387,85098,8,b766e0505399ff170ec3cff03bdf6006c0f388357e50bdcb2cedb4e109560ea9
train,progan_train,sofa,1_fake,sofa/1_fake/10093.png,32160,e4480f7e,67055468895,32009,8,66fdb284e4c57f11ace712d59d73087d879530e59888913384a41707bcd6f4c5
train,progan_train,sofa,1_fake,sofa/1_fake/10098.png,99779,b58ca130,67349659986,99725,8,7132200d15fa071870fa82a73920952e43069fe301e0648327ea1e662f901735
train,progan_train,sofa,1_fake,sofa/1_fake/10138.png,62992,f088d0cf,67639592754,62996,8,20e78b678db9a359e937b7636651adc6ce1be4c5f3587686d05439c1249da182
train,progan_train,sofa,1_fake,sofa/1_fake/10653.png,112502,a9af2791,67137573035,112475,8,4f0d0ec06a24b4172b4584b6715c9eddadae650f7dc3449cc67bfd825ac58ff4
train,progan_train,sofa,1_fake,sofa/1_fake/10956.png,58479,ca9ab457,66549638276,58489,8,044f60bcc2454190181a02fdcce6d187e4c07d8b31bfb4274569e2fe0c92caab
train,progan_train,sofa,1_fake,sofa/1_fake/11076.png,111523,fbe410d0,67921293804,111543,8,895aa60d388ff3b38233c0be334c4d250a301593b433750660e5cc601b3af167
train,progan_train,sofa,1_fake,sofa/1_fake/11083.png,110092,c7a50674,67131920991,109983,8,c65e2054ef8572f940a261271d8dc5211a0634f2fefba548804092ee27c326d0
train,progan_train,sofa,1_fake,sofa/1_fake/11187.png,114597,4d094e2d,66943357007,114604,8,e6d649f21c1ca44166167fab16dd3c5e3b06df6387e179e64a9778946662d367
train,progan_train,sofa,1_fake,sofa/1_fake/11195.png,91411,8da2c189,67861495815,91426,8,7ca918db8c844425a83f8b890f56b8f2ac99d55237a7ca4ca88467f3c39caf64
train,progan_train,sofa,1_fake,sofa/1_fake/11297.png,120119,69ef4c79,66825950171,120135,8,92c91a9be0f13fdc9eda4a0ae37034557a6c08caa365955d5d4135193b8b4241
train,progan_train,sofa,1_fake,sofa/1_fake/11324.png,59856,c42e11c0,67559704099,59787,8,fbe890c1c42f4347d53d2207582a252a7c4efcaf6a93fc53ae1f0c7feaa3471a
train,progan_train,sofa,1_fake,sofa/1_fake/11769.png,52930,a42be3eb,68024491195,52940,8,8d589bdc4b046a89c7560399ce32eb8d7be914d11d9094fd7710cf0bc8cb0651
train,progan_train,sofa,1_fake,sofa/1_fake/11785.png,119499,d14eef81,67105668030,119381,8,4eef6437ddab25cff6985a11dc45aa9e6382bde4853c4bc17307bf8a5ec7d2ba
train,progan_train,sofa,1_fake,sofa/1_fake/12115.png,157651,5a992cef,67278954449,157326,8,7ec53dd7053f94861ffd36b721447c251e9bae7b22eb3f2fa4a12f28fa50cae3
train,progan_train,sofa,1_fake,sofa/1_fake/12130.png,31896,5040a1bc,68009385612,31802,8,21c10ce1221f2817752a6c81a8e2d133ce978502037d0ee96bf870498f94e3c5
train,progan_train,sofa,1_fake,sofa/1_fake/12300.png,46400,7e394cd3,67570272713,46377,8,0e80246200499cebec076e2ab55dab1d4348459ea947d7822a3f6fc5f9434836
train,progan_train,sofa,1_fake,sofa/1_fake/12342.png,114182,77e7f45a,68098034762,114134,8,5e26c658651b0517c5b561cab2c5aa81a54406264bb3e7466714bc2ba46a23d9
train,progan_train,sofa,1_fake,sofa/1_fake/12691.png,100472,1facd787,66771470377,100492,8,82ade6bcc12a50a1815f5223863005b968d91286ee625a6c680f9ebb16936f50
train,progan_train,sofa,1_fake,sofa/1_fake/12732.png,111123,3c1409b1,66735921693,111139,8,0fd47145aa44c60ace0cf101df4d8ecb6a89869a81dc9ef5f92c46f5f1e4ccf0
train,progan_train,sofa,1_fake,sofa/1_fake/13090.png,128710,5103a1c8,66664924058,128679,8,f6b29bc7e37cafd3b57a6297a31df6e516b244076454bc8284aa719a7c474ba3
train,progan_train,sofa,1_fake,sofa/1_fake/13708.png,60844,3e073f8b,67556136603,60837,8,793de26005e1484c73626644b652812e521487dfd85ff8209e9f687f34eae547
train,progan_train,sofa,1_fake,sofa/1_fake/13733.png,86015,489dd164,67582032001,85953,8,e47e0d3794098557ea2c2badbe7588f81e834549f1dc29d186868b74a052c660
train,progan_train,sofa,1_fake,sofa/1_fake/14007.png,103053,09b26476,66939811229,103065,8,1dcd5a86e4244bf63e639c9f8807a4540a115ad673c7bd9423e73addb8fab512
train,progan_train,sofa,1_fake,sofa/1_fake/14358.png,96445,f7cd783d,67405507300,96454,8,d6c73b3d8753b569312ecd6b824f13f1ed50ca22b60be4c4ed719ab855e5c69a
train,progan_train,sofa,1_fake,sofa/1_fake/14885.png,123671,4663c376,66896018104,123274,8,53020fbf8892259745d2e55c776eef85173d6f0cc5618de91750fd9641ef1c0c
train,progan_train,sofa,1_fake,sofa/1_fake/15362.png,99707,94dada79,67460307032,99616,8,67dbee583efd1d32246465e0eead4c6aad95ab7bf77e0745afeb4bb605559381
train,progan_train,sofa,1_fake,sofa/1_fake/15614.png,100108,051f70f0,67400331221,100061,8,5ade6e24c14462c05ecf2030cdda83a62f0b3448703e3c686ca85323195a8d7c
train,progan_train,sofa,1_fake,sofa/1_fake/16168.png,95872,69434c0f,67422488218,95698,8,508327c984f8c433db74573187ee324c35f3cca9e9849f3f4995febab678fa00
train,progan_train,sofa,1_fake,sofa/1_fake/16172.png,42116,34861ab2,67497780348,41990,8,6b4781333c9d287a8698deca195b3e2e45fce1ed27bbf8c9eac093f84b0c6a01
train,progan_train,sofa,1_fake,sofa/1_fake/16769.png,73225,7cbd2972,66647257551,73132,8,4ccff79715fbf8f6edd36d50cbe31fbe89ff6cee064fd87bc92146bba6eef704
train,progan_train,sofa,1_fake,sofa/1_fake/16920.png,114359,b3183263,66611223672,114379,8,16204ae7723e06874276ea2b8b74180837cae33d9e614ca87c07fd2acfbfcf68
train,progan_train,sofa,1_fake,sofa/1_fake/17142.png,130767,8ebc578e,66892115980,130778,8,bb1a06afb058fead4a60e57eaaf9c1fc982208a548c11409d5a244ed7a399576
train,progan_train,sofa,1_fake,sofa/1_fake/17283.png,102528,ffd1f86d,66917507382,102506,8,f7a2a0750d3b59a1b3511057e964c982636a99bd413d00f13f8c98ace1bcc728
train,progan_train,sofa,1_fake,sofa/1_fake/17804.png,74617,7a854cc4,66962678400,74597,8,d076f3f25f97c41b1139466bbc047228ab4efd7b6c7baf1099b1dfec14b4fda4
train,progan_train,sofa,1_fake,sofa/1_fake/18076.png,105222,fc44d70a,67751027787,105237,8,4cd53929589834217cb7bac862af6f9bd71f8641b5068f7f736843544fcff36a
train,progan_train,sofa,1_fake,sofa/1_fake/18216.png,51655,dc5cb7b9,66483466060,51586,8,c5705e68d4f4718ff6fab77d2b82545485e79e0bb2dc65e39e2a3d90ff4144c7
train,progan_train,sofa,1_fake,sofa/1_fake/18390.png,113410,8bd4d5f4,67082377974,113403,8,3881f7a6acafb4fff2d97d393902c1d2f686748ea670f670b338fcb15a396e69
train,progan_train,sofa,1_fake,sofa/1_fake/19016.png,106248,ec445c01,67855983893,105883,8,e5e2bbf688670ddd165ac5d28f7faea5542435c9a6d6b7c918a4ddaf6cf3b375
train,progan_train,sofa,1_fake,sofa/1_fake/19357.png,115127,277cce9a,67258271416,115061,8,6d12996bfb3b434579266e81ab6e55585fe9d2f44d6b4e6fc34280c3ade8663f
train,progan_train,sofa,1_fake,sofa/1_fake/19750.png,110047,45fa35c1,66684339566,110049,8,9226354b8fc744726f949c7f98fe0b3c44cdd009c851643916844cff3c371d5e
train,progan_train,sofa,1_fake,sofa/1_fake/19933.png,22521,7dfe12bb,66553841339,22471,8,5d73446425a47b9f8d0885a4edca2d43bfc2dbca49f8d04e2007dc8eb4f62d6d
train,progan_train,train,0_real,train/0_real/00269.png,127208,185e540d,69268545839,126516,8,c82838ce5f5bbaecf5325713d66ae25e15972dea2cc62420cf7a7ff5f319bf52
train,progan_train,train,0_real,train/0_real/00899.png,124391,ac59dd6b,69980050746,124360,8,3fbb2f58b335e2c8a3617ddd18da179635e64a29459b5c931c1036972809fc65
train,progan_train,train,0_real,train/0_real/01003.png,92707,c7f7be50,68291709620,92606,8,a7f5caa5c1d37b9fd131e30df4dca6b3eecee93ecf4f319efd12b7bcfd9ebc13
train,progan_train,train,0_real,train/0_real/01117.png,151708,e5811180,69988525082,151615,8,baba60df49cd1f3ac5385cbc71d8faf7d6fb92b113cdba8649f4d605f3c9ecbe
train,progan_train,train,0_real,train/0_real/01268.png,94636,9bb00f8a,69996590609,94555,8,6c8ef4c1e2c0f2ea4966d6b5cc634cf2459c2d0ebbc758a9d387a108a24f5050
train,progan_train,train,0_real,train/0_real/01362.png,75355,01087ef2,68626416351,74901,8,cc410661490580499f65617071118bedcd6c2423838d65da64137eec95d46718
train,progan_train,train,0_real,train/0_real/01608.png,80520,5616a96f,69712676985,77957,8,61fce0dc6e5c2150a70bb05118cb18079c691a43f9bb4d9648d53c53773a224b
train,progan_train,train,0_real,train/0_real/01611.png,134929,ee197b23,69511740386,134277,8,103a3c7a724fe326b22caa620502c0565e95d86b706db4f93dd57387d44652c7
train,progan_train,train,0_real,train/0_real/01749.png,90254,f2beb32c,68259439487,89983,8,b979564fbb2de2cf4b7cbce507c54a5ae32f824b4aa7ba289af5db5e028c4e40
train,progan_train,train,0_real,train/0_real/01791.png,109943,aabaf698,68488746659,109894,8,c00865ec4b37fbda8464af9211c55fbfbec254acf1004803c57412e3242fe5eb
train,progan_train,train,0_real,train/0_real/01901.png,97183,df03af1e,68542745396,97161,8,38df9ad6f67e1316efcc9cee21dc5864acd438d2cafebbce251a892dd103da70
train,progan_train,train,0_real,train/0_real/01904.png,154671,ba26b64c,68795099786,154239,8,0a2eeee33c357c6b62cbe1d376c452d315bb6cf0ab944019ee9817cf95ef239f
train,progan_train,train,0_real,train/0_real/01990.png,103668,b7c11132,69853087807,103665,8,d1904b64b3d189cf2802b22ccf7909c74a0cbc6e9b284a5597ffe2339a8ad24a
train,progan_train,train,0_real,train/0_real/02312.png,87505,d83e1d0c,69780618801,87410,8,a891cad2e52b7c908242ce3375f98d104d8f7cb170d44966ec0d5a866d0b5de8
train,progan_train,train,0_real,train/0_real/02370.png,118506,78566cd0,68576451573,118526,8,0cf412addb3cf7929a0fe90ea28dd2db92fbd813f6e9c823cdde5071b0643668
train,progan_train,train,0_real,train/0_real/02599.png,128987,1f6d45aa,68629205704,128465,8,23e8020aada80e623a8842d847e901ecc1b7698e2902a78bcf15910f0bc702c1
train,progan_train,train,0_real,train/0_real/02886.png,110072,a3d041b9,70019694148,109654,8,3a414c4dbedc84bc1e059b74fb4562fa90bf4e143d324fd7ea75cf1dad58feee
train,progan_train,train,0_real,train/0_real/02920.png,114955,2fae1329,69746441955,114841,8,c0043d76aadcd0465afae623e97d002f9f6f9e9a8aa72b416294b2a673cffbb8
train,progan_train,train,0_real,train/0_real/03248.png,76299,2ad1647f,69603721814,75878,8,f1da367084c56a41e0173b74de57b4315ec9d9621f6eda58afc907739e890c00
train,progan_train,train,0_real,train/0_real/03297.png,129362,f08f4a90,69285906224,129369,8,782129b589d4fec34666f7b6800e5d070f21cda5a64927639bc111a8f4e9e6b9
train,progan_train,train,0_real,train/0_real/03380.png,107075,1e054a34,69964502496,107095,8,dac7572b82689f6bbb2d617331d15c23c5c840db5473406534a06bad772b4f0e
train,progan_train,train,0_real,train/0_real/03454.png,111851,b528e5e6,68756585119,111748,8,fe332ce522e0ca94517daace8999e8e7ba87f344d938b38cab558e756b5d967a
train,progan_train,train,0_real,train/0_real/03524.png,99197,b248d6e6,68897864415,99084,8,eb4c84f40d7d2f96f642f11594814f8608310aeda8686a387526262e0d27224e
train,progan_train,train,0_real,train/0_real/03999.png,99053,e08a20cc,68741889145,98967,8,3e8a58b72425e9306f2a8b168e0215a7cd448bfbdc8d4d60f68e42dc14af3dba
train,progan_train,train,0_real,train/0_real/04168.png,92290,bafc82fc,69229989174,92119,8,0d2b1e403365ed5d5304bba3f6bc33062090afb4ac448282254f032c05e4734a
train,progan_train,train,0_real,train/0_real/04335.png,89641,4108f364,68516265375,89129,8,ea25e9f803e118ec6970e387dc0f3b5fadabd5cc183cf8655344215c6f17b8e8
train,progan_train,train,0_real,train/0_real/04606.png,113890,53f88ebf,69661327310,113745,8,7b5771c0435d5e967fcc16784e3b57802e0fcf92be4298ddd87f0aafae51475d
train,progan_train,train,0_real,train/0_real/04723.png,121326,d42a1db2,69098696772,121268,8,b3ee65adf4abb8596f1a55ac8bafec42e67871acf17278160ec985d624c23bf6
train,progan_train,train,0_real,train/0_real/04813.png,131668,7e3f495a,69723373530,131594,8,e32fd0839c162e96d1efe204c171ac3d5a3e107a6fd8240d2b247b4ec1916d80
train,progan_train,train,0_real,train/0_real/04995.png,115237,fc1a7f8b,68827859791,115019,8,52d9a2d8aae7ac85fd5160096a495e4d4f7ea2a8f0dbc45822b9cdc0ac1b14ba
train,progan_train,train,0_real,train/0_real/05089.png,106420,c75e4d3a,68473556154,106336,8,10a9f909c89ed5d642d38927cc1508dc96b346b057fc40bd86b354942043a435
train,progan_train,train,0_real,train/0_real/05112.png,90353,1fc217ba,69033970697,90259,8,d1ce430ca8162ea46cd2743691a17465e2ace34c549a3ca79560883cd86bdda8
train,progan_train,train,0_real,train/0_real/05267.png,123451,c78f748b,68509354470,123364,8,8b89c6b0ee35dfff22ffd08a5d954097e1878369dde0aacd452969cfc1adbe21
train,progan_train,train,0_real,train/0_real/05898.png,163998,bb55202e,68253747614,163973,8,052920479cefaf2136cd58b5f06c1777e768baa1d12800199c982e1afc36a15b
train,progan_train,train,0_real,train/0_real/06280.png,113465,0c16bb39,69590962574,113282,8,a4dbe05eb1a33890d939732a175ddea363e24edd00f17a716e7f5901d57a337e
train,progan_train,train,0_real,train/0_real/06407.png,124144,6ef8b127,69437576347,124015,8,d620caa17179f9b05854c30544a9d6fe63cfeb77f6d6a3648c4b7d5c79cbb81e
train,progan_train,train,0_real,train/0_real/06536.png,123722,0328941e,69970578965,122931,8,e66627eee7e3b6448b3147f25c93735ad233e3a332f0b297ce6ffb9f282de52b
train,progan_train,train,0_real,train/0_real/06646.png,74657,bdc7f61c,69935401997,74621,8,54c149bcbbcfe72b983147d10b667b5a59f2e533f4e911bda14141ae219373b8
train,progan_train,train,0_real,train/0_real/06719.png,108633,831fbff4,69413451378,108459,8,57a7b4ee33adbec91881792a7f7f16f6f00f675ffd122fda495a60b886a0f036
train,progan_train,train,0_real,train/0_real/06783.png,80905,dcf32e91,69470877161,79381,8,dc2f875d2bfdfea8f158ed0b5cdd2b7f03340baa5c7895f84570e3d022361baa
train,progan_train,train,0_real,train/0_real/07010.png,118104,eaa9da02,69595885526,117716,8,cb49a62b046a822f6203fa97abb91fe6e702959cd5eb2bc114f0ee812f9b8320
train,progan_train,train,0_real,train/0_real/07546.png,103962,e72e91c2,68898212714,103872,8,3c05a12d4497e2fe59ad9e901ac1dc6830f85280404cf6e8c1914b6d1e355062
train,progan_train,train,0_real,train/0_real/07649.png,105634,33e79880,68697246313,105580,8,4b45b5e5faffd82fbe035d0dad46b82772950446b58a9dd557522ae1ae2f7b23
train,progan_train,train,0_real,train/0_real/07998.png,71215,537741d1,69429208273,71023,8,41f7c22a8164025b4232d322c5cd3e110fa029051aed5314224da6b80ff2afbe
train,progan_train,train,0_real,train/0_real/08082.png,118400,e03d3dd0,69725226651,117917,8,aeec2b114a8a568a7ec677611b0947c55da90b2ed19e99ed0fd3b6f5fd9eaffc
train,progan_train,train,0_real,train/0_real/08083.png,56745,9a9ec8a3,69756501640,56755,8,cfc755ae4b3531942cbee4c7a3f54a6b278ac9fd52fcaae7a698b60066619902
train,progan_train,train,0_real,train/0_real/08728.png,123285,6f72860d,69398127002,123169,8,1dd3c1a9fd2691f5e8af2dc0c91e6ea1e49a09322eebae8e0a2e175b6e51d7f2
train,progan_train,train,0_real,train/0_real/08757.png,121668,3475b773,69907597846,121681,8,bb13f1ca685fe6c65c169ae4515cb70e30478701797823fb0e4674ccf1caed8a
train,progan_train,train,0_real,train/0_real/08760.png,72128,67941de7,68512620103,71994,8,cedf57845bcbfa86a220921fd9c743d76e3178bc149fe96d1c4009499a72f2ad
train,progan_train,train,0_real,train/0_real/09168.png,88385,da21a325,68686359712,88327,8,0f207ee70d98eb39ad94f8f3bc6bea13940c762f1057eb3bb6eee4eee279e4ee
train,progan_train,train,0_real,train/0_real/09171.png,101908,64d192c9,68878683536,101537,8,bf9fafe61c67510849dc69a782aaedfaa7dac7c51d8b587d39c57ffc7ae4daf6
train,progan_train,train,0_real,train/0_real/09228.png,75857,5be5a68d,69669494604,74870,8,8305a552765e13957014a7d1f75450e404ac111d6b4bd07d69d31b7c7f0f5074
train,progan_train,train,0_real,train/0_real/09232.png,58528,257cf4c4,68759501247,58294,8,9b4798ddd9783f55dade898b2032b749a43560d2c84f5dad36337d461c067af4
train,progan_train,train,0_real,train/0_real/09546.png,148115,9e580b80,68907121820,147954,8,7bd964dc53571c4e1f50fe2c018573bb286dc61d276e147eb8d22c8eab5a70fc
train,progan_train,train,0_real,train/0_real/09663.png,74420,376c2921,68933209644,73813,8,fe4aecb13532784e79a49a166fd02e856ff74dcc236f5e047187d5843e7bb050
train,progan_train,train,0_real,train/0_real/09694.png,93478,b61234fc,68245770266,93055,8,e249c627ce86481ecb24af2f3e6bb45195879ce8aa0ae1bbbed1823bbbfc9526
train,progan_train,train,0_real,train/0_real/09719.png,110073,c5ae5b80,69065966022,109823,8,71b8ed2fe1a048db68d691c5134fb108b39ecbecc32b66f706c129ffe2b3fd52
train,progan_train,train,0_real,train/0_real/10239.png,75995,c4bdeb1a,69020213731,76010,8,986aae084ae48f9710171625fe237d48cf214a418891328dffdc4b9c89b1701e
train,progan_train,train,0_real,train/0_real/10701.png,139656,a1d31339,68428945881,139397,8,e1c896066987da4d872896789a36429591182356956af511cac25a868f83a96e
train,progan_train,train,0_real,train/0_real/10729.png,98874,a909d12a,69762186953,98655,8,aecb9a3fd437b1eab0b96d697f5d28ac311aeead4b52cd87b2310f4346b8fd41
train,progan_train,train,0_real,train/0_real/10808.png,129156,93edc8d3,68881546690,128797,8,3084e61f98413f24c5eb5913f94692ac468ca3d26fe445cde6e8e3cb3d07b0f4
train,progan_train,train,0_real,train/0_real/11392.png,105335,1aac6c98,69029933163,105189,8,3cfbac1133b2a870397c52cb2b198cac9bf2d78d7e8e80b110bb56e6e94a9118
train,progan_train,train,0_real,train/0_real/11628.png,132552,fea53b03,69365700156,132156,8,d100744899a066934038c1b323ee010e10cfa2553a64c139778fd36b00cdc861
train,progan_train,train,0_real,train/0_real/11705.png,118938,f232c05d,68893983273,118958,8,45985b4091f96e02eb5a66fd7c049e5a0c86ee3332b7caec80521551145acde9
train,progan_train,train,0_real,train/0_real/11723.png,111128,c63b4714,68304241165,111060,8,d29939e2544ba59529999969b839dc3e7f95b800668050ca4c0735516405e343
train,progan_train,train,0_real,train/0_real/11837.png,98936,fc7ff02e,68783264033,98895,8,c09f99803d4764a82e35503493450a6ea9a47788b87a35af05ffe6fc7215e21c
train,progan_train,train,0_real,train/0_real/11856.png,123787,ae1f63d9,69955720502,123807,8,9ef78e05e19c67c180dad6f77ed3be81a4297727544e1f2c8de13cbd89d47119
train,progan_train,train,0_real,train/0_real/11949.png,85261,fc9d3a41,68432144036,85155,8,b1cea6fec956c733af42b9c8d8d49db912f522c34a3e7a4551188117a495d357
train,progan_train,train,0_real,train/0_real/11978.png,109986,fc724548,68502842632,109827,8,09ad2c9d5d014ce6e5467edd1a7546724095ec3b4bb90859976f046b493b95d4
train,progan_train,train,0_real,train/0_real/12105.png,107917,27e256d6,68938889933,107822,8,1071f8c92a3bf28bd0b7f50c3344a0810ce48da310bf1176f150e54346a5f35a
train,progan_train,train,0_real,train/0_real/12376.png,101877,a77469b5,68994830777,101834,8,7e06886ad8c6f93664b10351915d04f321791afe2f85d11e238ade6554a71f33
train,progan_train,train,0_real,train/0_real/12859.png,130301,bcb825a3,68481198415,130167,8,d1d3752d1d24a7db6129594f8c309aeb8009a921ddd8740c0774560874a5bf7d
train,progan_train,train,0_real,train/0_real/13312.png,89229,46493128,68442994331,89226,8,70937afd8992e59f61a19eca7021905daced3abae819f2e7e3a9d345ee8f013d
train,progan_train,train,0_real,train/0_real/13615.png,108118,9099dd65,68229221710,108036,8,3ba4be6c6c9e808419da17a90a682f143241819fff6909b70ceed45944ef5995
train,progan_train,train,0_real,train/0_real/13945.png,126231,0d589bc9,68121486699,126215,8,24664930ae3c993a79a9d104739cb8c39a0cf3b18b511edbac6f5bb6133ca1e1
train,progan_train,train,0_real,train/0_real/13949.png,107307,28ee8eb4,68523014903,106026,8,c5338c720cd21b09fd54b50b66226e3ff2f562b7b93cbf3a1775f62093b40a91
train,progan_train,train,0_real,train/0_real/13986.png,116545,0dc594eb,69017806220,116426,8,78c37860d9038fcd7cf6900749a5a81e9b7c3c4f977bbd4e89e1d9660e79483f
train,progan_train,train,0_real,train/0_real/14167.png,86958,3738b7ad,69184948093,86858,8,0af3d30523688ff4b378e0173fd8c3fc2c1e64ae4ecd366e62e77dc78635b483
train,progan_train,train,0_real,train/0_real/14186.png,113316,7452e2b4,68980096771,113282,8,7453692b2ab3ef8825d86baf3c85774b88beb3c847515488745560ceace836d4
train,progan_train,train,0_real,train/0_real/14462.png,65825,e5510c14,69635809778,65649,8,461460c62fc81c5a9a1e864a158921d3cc103acbc908658609c652a9433b8ab9
train,progan_train,train,0_real,train/0_real/14564.png,99179,9a652254,69359129945,99117,8,d897a6b16c016f85761c2b68e8cdef5bdb7eba99a91ad80724c1e8f52645fb76
train,progan_train,train,0_real,train/0_real/15336.png,106619,4c4e39de,68796693082,106308,8,853db29e4a95968f74a3f7d11bc656168d0ef24301fe6af470031a460a9339f0
train,progan_train,train,0_real,train/0_real/15389.png,94648,c63af15b,68867456153,94538,8,e1438f0fb6ffa8b06908ef4297c04db120824c8aed923d368aa1ffc2b8984264
train,progan_train,train,0_real,train/0_real/16363.png,118011,c2d3b79a,68502489375,117820,8,aa5ecda9ead0539995d3e714dadc50112b35ac63536f0a3fae710a21aadfa947
train,progan_train,train,0_real,train/0_real/16694.png,97795,54e39efc,68418015815,97803,8,07d71baadba5f2b4575bfa9e37c6b3f8e66a868ef12954e003d58105eeff8402
train,progan_train,train,0_real,train/0_real/16842.png,145045,87ed5b8a,69955037293,145024,8,e2b5e4f39957e3d994193f97254db86d76654edf066cc514c0030b5d6d82a64c
train,progan_train,train,0_real,train/0_real/16893.png,105771,3e4fe523,69128915931,105753,8,11309d248277fe5dc548a71ac01d7d1583b95c18f2ae3e2213c584631d41a8e0
train,progan_train,train,0_real,train/0_real/17203.png,65869,d43a9107,69832638899,65285,8,a5a21b272a0f5bf38dc4690f0aed9eb8a06969ae44c506101505800ad060ec93
train,progan_train,train,0_real,train/0_real/17769.png,119994,c1c40afa,69288007451,119780,8,e48dc7a6ad2e0cd450d154bb517e75f7cc7bc0843697542fe843be2925cbccb1
train,progan_train,train,0_real,train/0_real/17795.png,74915,db1132a1,69308383732,74629,8,506ec4b5fa53fa4b7ef812eb586ed20b2a9c0e194721d4cee9d498118881599c
train,progan_train,train,0_real,train/0_real/18185.png,110432,79d8bbe4,68705334504,110445,8,cce5bf7bfb001899cc5091ff4ce485b0e8e4d48a043c0fcd146ba88c36e98a12
train,progan_train,train,0_real,train/0_real/18321.png,99146,19611134,70032845129,97056,8,1e925f8b239a23bcaae209a3201f5a4af34bd9bc817335d8cb0d70a2c96ed77e
train,progan_train,train,0_real,train/0_real/18401.png,83023,c5ba8a34,68821735353,82855,8,adef27576a5facd9729f2b6850df7087a9b88f4cffdcc4f8436d73482017be7e
train,progan_train,train,0_real,train/0_real/18672.png,80019,c55e5b5e,69168314530,79690,8,d1af8db021cb8d995ad4f2de0c99070fcb81356f1c874a8cbe61d6a4dfdec18e
train,progan_train,train,0_real,train/0_real/18768.png,84036,b43a430a,69158345006,83870,8,484013eb0f55211db3c37a62f6a0cedcd1491dc646274bceeba56155ec9f79aa
train,progan_train,train,0_real,train/0_real/18859.png,152494,0f69da55,69957192632,151762,8,a7e0c1663f5d48a095eb0de3a1f7c1ebe38d42efccb39cdd56e9149fd17ba1e7
train,progan_train,train,0_real,train/0_real/19125.png,102530,613d76a8,68815385237,102107,8,bc9e463890a865a79f73df0348619e110a98f50dc34bc4762e96c641c81ab471
train,progan_train,train,0_real,train/0_real/19266.png,88515,a711c4f2,69041889674,88103,8,1d52fd9e51244e6bb838e1d33411d71049851dab65a06b471b560386dde46636
train,progan_train,train,0_real,train/0_real/19975.png,71785,a7db1cec,68279803167,71669,8,a03209252b5232cda8493d3cc81a39c0cdeb90d0713abd3097a900eaea7980cd
train,progan_train,train,0_real,train/0_real/19990.png,117631,a215b215,68521634297,117651,8,acfac70d8577ff88f132b2485a2f382d3d193969aa22211eee2c4dd7e07abe7d
train,progan_train,train,1_fake,train/1_fake/00056.png,92941,dfa97f68,71333826152,92626,8,d41ab2a80b23fb656a00617f6d08c665caaa9666409a0eb182bbd5b8e28902f2
train,progan_train,train,1_fake,train/1_fake/00175.png,81959,cfef347d,71710915705,81786,8,ce4db1c043fab027c05bc92e5d672a2a1a2c5004e81b32d9551e1faebb342efe
train,progan_train,train,1_fake,train/1_fake/00594.png,80949,3829d02c,72080054741,80943,8,63b6bfbf2a9e4f1269d1ab946fad0c0ddcdff9cc02cb2b6cb489b1e747d7b03d
train,progan_train,train,1_fake,train/1_fake/00634.png,116734,6e090458,70115753580,116754,8,f75bdcdcee7529fe5b184f9c216d2884263528e330a8be4b465a9681be824e71
train,progan_train,train,1_fake,train/1_fake/00709.png,92968,0106aaed,70629221655,92980,8,f15134b3689e2656a038060d306995141ded6038480737ad0bf7854023a4ad3d
train,progan_train,train,1_fake,train/1_fake/01056.png,57151,5a8071f2,70746467311,57123,8,e3f38fc40ce49729bccd7497b528b606c055e53f166a8def83216c43fba77723
train,progan_train,train,1_fake,train/1_fake/01355.png,140377,fa119b14,70788075820,140296,8,7281fd62fbaa692cb36111fdabf13a788af2286912dd8ee1324ef4e00f9ac383
train,progan_train,train,1_fake,train/1_fake/01733.png,72877,aa93b9ca,71501159726,72768,8,639a71557c326bee0de1224e9d3fbfa59c9922464292a36eb187a9e7a694abad
train,progan_train,train,1_fake,train/1_fake/01794.png,118545,f0f6e6c2,70946964070,118434,8,89c79e9e39862fe380b14ead3e19a9bd17ee71822792292c0ce50084d9a81ec6
train,progan_train,train,1_fake,train/1_fake/01800.png,131861,3f7146b4,70600936810,131757,8,8f6140b1e41f059a1a64733406585eb324aeb4a51efa0a535d62e3fcc3352523
train,progan_train,train,1_fake,train/1_fake/01861.png,110254,8c23b767,71111531509,110233,8,3d151567ac11f28766ce7f01a15b2503754584e5a14e35d65e831da39f1b383f
train,progan_train,train,1_fake,train/1_fake/01912.png,97187,5381ec34,70881437661,96846,8,8850db969763509f716704bc58308ada60bc6794e088e86e02181f79cb741196
train,progan_train,train,1_fake,train/1_fake/02016.png,87757,90d410fa,70571012690,87756,8,5f22c92074f00f2294371f2268f330ac255467e86365beaaa55aed72da269baf
train,progan_train,train,1_fake,train/1_fake/02337.png,133808,e7645dd2,71942970651,133796,8,aecfb0a06beded769558434083c1bd752f533142b085c9a7a052c31a6372adba
train,progan_train,train,1_fake,train/1_fake/02545.png,102383,3615c651,70201042679,102207,8,64c086573cbc9c4175b1ede5231b3da51fd370188780edfb048361241ddf5586
train,progan_train,train,1_fake,train/1_fake/02642.png,114983,4b6cbc54,70164652395,114706,8,bc8fab287260ae0036fe3285c2309c71d7f88a5c13115123b436dc299850ab99
train,progan_train,train,1_fake,train/1_fake/02696.png,145656,fa174801,70760517273,144960,8,f8ff2b85c7a9e4b12b9ce5853b6302ff4591027dd7bc72f873156ca646b79a75
train,progan_train,train,1_fake,train/1_fake/03416.png,120648,578a365e,70514357704,120479,8,904a0db6ee13aef3f354867e8b10823f1cdc86a1e460bf93345abb9ac4bf070c
train,progan_train,train,1_fake,train/1_fake/03480.png,112125,aae8c72e,70478363720,111441,8,99c5fc2d7457ffa8fcd633be386c861f96071fd39c53aa031be701801eddaecc
train,progan_train,train,1_fake,train/1_fake/03728.png,102024,2409f53a,71331092000,102024,8,126e84f6373e2064b543f456760335c26a46b5143b76bb26afd7c018c2acc4a1
train,progan_train,train,1_fake,train/1_fake/03990.png,92372,df0bbd77,71535484542,91998,8,87cee94a8c55f0e86be0bc8401e42b71adb36348d68b6ae4ab97aa18340597b2
train,progan_train,train,1_fake,train/1_fake/04312.png,87323,163cc222,71153378523,87240,8,6257c34f0372f704b4afd03e6c4a27a030313695cacfcb20bccf4b7e312aa377
train,progan_train,train,1_fake,train/1_fake/04564.png,137281,b398576f,71383323906,137051,8,033062f1430a66a0a6e0e8602801a8673afdd2604ccb6a7f53cccc9e85ea0f7e
train,progan_train,train,1_fake,train/1_fake/04628.png,109476,e43eb2ef,71071361440,109124,8,52b6d770abe6b717aba179534e577ff4311834cc9d5ce392ac1b53aad48ac3cc
train,progan_train,train,1_fake,train/1_fake/05094.png,146816,1c1ffc6a,71779338414,146688,8,8928b43845c5fd8a986e93f0e28a16fe421dcf86610e50573f6fe14a647b0f9d
train,progan_train,train,1_fake,train/1_fake/05193.png,125557,6f403cd0,71467911523,125308,8,d58de52834833e6795534e555bf0c9b696f296f6db4e55bd171ed6b11ed7bc33
train,progan_train,train,1_fake,train/1_fake/05232.png,111445,97f67c58,71223624218,111113,8,82326b92437cb52abebbeaaa50aaadf7f2bfd22234eba1996b457664e33edf48
train,progan_train,train,1_fake,train/1_fake/05536.png,118374,e73ae1c0,70215710620,118220,8,5c14a6e18e197cb8a59ed72e6f4c01bdf00eee86bd3c821cc4a05cc634c41738
train,progan_train,train,1_fake,train/1_fake/05689.png,152344,747faa9a,71605642392,151856,8,9c93c16280debf19ed0d96ef5414bd85bb237f0e278de48cc6cd50f60171c0d5
train,progan_train,train,1_fake,train/1_fake/05823.png,117216,4deae0e0,71665287808,117236,8,9a8d58ce35e0ff126070b5b39f286e05251f976e47c588c9e920d42dafb20d47
train,progan_train,train,1_fake,train/1_fake/06161.png,120550,2415afc4,71644169490,120315,8,079033f81af68049bf1b649d8cc06300ee3745bed0fd75912809bb6e60290614
train,progan_train,train,1_fake,train/1_fake/06442.png,129238,7b0f9137,70170730999,129145,8,6af934862ea4abc4d62d9c18d96c1a79d7c671103bba1ed1cb24e55c6efaa647
train,progan_train,train,1_fake,train/1_fake/06444.png,119072,fd139879,70646549219,118870,8,a7c766f656bf8dd3ae78713b0a7abfcdce9fdf7881938da694d7fecd54bef8e0
train,progan_train,train,1_fake,train/1_fake/06583.png,154090,73337531,71859362370,154079,8,0213913d630c504a53ec0a5ca9e1bac9fdff3ac3a7b5c7b0872f5e2ca8a2851a
train,progan_train,train,1_fake,train/1_fake/06589.png,89926,55815f9a,71032774288,89542,8,2ec12839364d171454aabe6e7fed219a286be534cb8c38cc583ca866ee74efa8
train,progan_train,train,1_fake,train/1_fake/06640.png,110620,c3147370,70610482572,109935,8,02768b61248379d85af3f20f1368418a9caa7592e6d30bc6c185f926ffa78fdb
train,progan_train,train,1_fake,train/1_fake/06883.png,113530,ba44c723,70794650822,113441,8,7d9d6fb0b7b4663a411168851868492c99ca895b406a46f2fad185c34a4409bf
train,progan_train,train,1_fake,train/1_fake/06887.png,106888,0541dc48,70747490388,106704,8,7e703194b77ca7a6e1c0d72334843388584feb7ac1c6cdbb809a2622a119a3c1
train,progan_train,train,1_fake,train/1_fake/07086.png,86179,d76361f6,70106239268,85991,8,f4a8617f2c09601b30c53f8904f9e9860da65fec723275164955c90ce6aa76c6
train,progan_train,train,1_fake,train/1_fake/07246.png,113762,51abde90,70744356788,113574,8,a1e4e0983424e62403074fc655f3385d68fe2d80db164f0400fd149c323e751f
train,progan_train,train,1_fake,train/1_fake/07268.png,92920,e3205809,70830458056,92935,8,f200a1fe76753a510dbf83f5f0de3b71fa8dfa962d824cbbc346dad098b20dc1
train,progan_train,train,1_fake,train/1_fake/07328.png,132678,a176108f,70915358882,132554,8,930d50df866244bb498569254ca6fc486cfbd5241e8c5913d0612c61faab999b
train,progan_train,train,1_fake,train/1_fake/07381.png,128870,f89378c2,71358777635,128887,8,6f4d46a7a5f89dd4443f7a5f0b62264957a946b065accf36541c701dd0536170
train,progan_train,train,1_fake,train/1_fake/07449.png,100649,34c7134d,71970868872,100584,8,9420ac37f11a611cb72198587185a36c1fa959d18ad77c47969af1839ad443ca
train,progan_train,train,1_fake,train/1_fake/07465.png,91921,154ddbf6,71981443917,91739,8,bb99902cfa8118cb5f8888d7e8d892dfe7005f43d25583be5339a1a9467e7eb2
train,progan_train,train,1_fake,train/1_fake/07693.png,97950,b8e306eb,70625787599,97369,8,5da9890aac506a4491f30bef8ff470a148fd69bfd184216f798ecd97926ece06
train,progan_train,train,1_fake,train/1_fake/07779.png,115524,5c3d8abc,71497566731,115544,8,4009401abcb3f99121ee6d510811ee1528d2e4734701930161a5751b5e69f08f
train,progan_train,train,1_fake,train/1_fake/07984.png,153747,fed0d0a0,70323777008,153750,8,82e5b629c9d010d42fedd05bb35f0e50303c09a72b4b20e98a27606a2ac53a27
train,progan_train,train,1_fake,train/1_fake/08290.png,104605,d157f62e,71119201778,104270,8,af0e67e490b7c9bf66d0d9bee9441380ebb3c81bd104e83e204c495dd80457f5
train,progan_train,train,1_fake,train/1_fake/08645.png,112378,ceeba898,71704586930,112065,8,c00d4d8908ed6383e3faaa9aea95d07cae5b671c792b12fb048111275f97de78
train,progan_train,train,1_fake,train/1_fake/08667.png,118262,1f7734d3,71407346063,118231,8,438a025161241bc0968facc70f07bb9ad81aa7b1b6ae9db9eb5214d9918f6625
train,progan_train,train,1_fake,train/1_fake/08829.png,94947,966c4193,70097501228,94780,8,8b0beb359c05317ecfa832c78da607e29bb9049e2288288b075688107ee660e5
train,progan_train,train,1_fake,train/1_fake/08897.png,127881,c7deae66,70856880712,127311,8,c3bbcfb7daec0ecac293e26fff648d2a0fa16458d4ded5ff5c810266b1d3af23
train,progan_train,train,1_fake,train/1_fake/09501.png,113672,a5502d72,70060672904,113491,8,d3f88af693d29f6e036b776c1f9bbc09b7cc2caa999035c42583f963ffeeb03a
train,progan_train,train,1_fake,train/1_fake/09865.png,108496,584d6735,70084597275,108510,8,e8bcfae9e89e40b8c3d6f8a4f74baf2b6c52deb05f0f78eecfdc8ac819216519
train,progan_train,train,1_fake,train/1_fake/09907.png,93590,369007a4,70887109346,93588,8,7495cc167dd5271dbbbb28f72e5f23d09cbd80a7c01f7506b76bb76c4aadbaa8
train,progan_train,train,1_fake,train/1_fake/10014.png,132554,63ac57df,71797918465,132401,8,eb6a1d2e0022ae5571203d72248f18a8c9ef1da7fe180407ce4679f745d7c0d1
train,progan_train,train,1_fake,train/1_fake/10468.png,136630,3de81d28,70224697922,136416,8,b318c11ee522e2f9855245132ef90daedfe5058a8588879ae2b27040ab752f63
train,progan_train,train,1_fake,train/1_fake/11035.png,134523,867e3865,71085331628,134419,8,273612895e34b7eb56aac414952ae3700b9c9407297edf99a9972c36dbbd9937
train,progan_train,train,1_fake,train/1_fake/11123.png,97735,e5015efd,72010319750,97561,8,bd0cbf056f95c556e7377a331c51d2f6478f2ff89281f2478585e3715a14dfe4
train,progan_train,train,1_fake,train/1_fake/11218.png,99879,4e33602a,70699421839,99892,8,dac2b9c60300d74708625fe2eab5b8a0f372d0e7179839b4792fa41d28267b9c
train,progan_train,train,1_fake,train/1_fake/11229.png,125329,c0214d07,71748887102,124310,8,27456a3f55fe41ab3584d6808f2a077d16588f89a0a0502c22f32000186f618d
train,progan_train,train,1_fake,train/1_fake/11280.png,90933,306355bd,70469526991,90800,8,057a1ad518a66945565edfc18c9616d3df65c230aa0f1045e1c9fd95b1a72ee2
train,progan_train,train,1_fake,train/1_fake/11344.png,115869,244ae456,71391427036,115847,8,4ce25348f38e6b412b07e07f60d881ff976daf7bee20e8b7f91b9bb898ca8a4b
train,progan_train,train,1_fake,train/1_fake/11671.png,127208,ed816b39,70049731168,126176,8,1ef5336581c28e735f5d2ae700f6c612656e4b18aca2550686d2a791b8f5884e
train,progan_train,train,1_fake,train/1_fake/11733.png,125400,83e430a5,70452137172,125093,8,179086842ac3b1c3065078eb0a285f358f12cb44e8c08011cd597482b2986bdf
train,progan_train,train,1_fake,train/1_fake/11881.png,112278,c43397e4,70370975965,112274,8,1937d6387e41ab6d71a1d23fa5206c0d102764b4efcbcd807c268e8f1843e986
train,progan_train,train,1_fake,train/1_fake/12119.png,83477,4918661d,71898963554,83182,8,73d20609316ee4c7e105861d42ad0bf839cc2a5fb70e4ba395c4f1e32c7244a6
train,progan_train,train,1_fake,train/1_fake/12290.png,129899,3d084572,70654558697,129291,8,d457736a24de3554f66200ea5284d320abf3019198b4509f170a8a6a9ad8895f
train,progan_train,train,1_fake,train/1_fake/12415.png,118717,c8865675,71049676536,118680,8,79dcbdba30d97aa116ffa69f43741d9ddae408f210b9f004e06344f125b1b833
train,progan_train,train,1_fake,train/1_fake/13111.png,76305,d9d1fc19,70147901033,76128,8,7a8c4f11a166cf0bffa3ae1b48145e15fd471753f5822306f7cec21fe4dd35f6
train,progan_train,train,1_fake,train/1_fake/13218.png,145004,5e238478,70547461442,145029,8,21acbc8e654fccbf8249bdb9122b37ea42f8d7354372016ef64719d05bd7302e
train,progan_train,train,1_fake,train/1_fake/13364.png,114866,4a1b67fc,70782097152,114848,8,4f1e1a177e05f2f0bd60f1bf8b0017383a8fac330bb620201607efc9a72ab415
train,progan_train,train,1_fake,train/1_fake/14942.png,100452,2b30f4b2,70916534152,100441,8,10c89b660d14500c2c013126fb5d70228c0922053edff0243631fabcdacb4616
train,progan_train,train,1_fake,train/1_fake/15632.png,115421,fc457cd8,71358662472,115083,8,35d14133d9744e0e24dd864901bbc50de39955f03f76853e31732570f344ca2e
train,progan_train,train,1_fake,train/1_fake/15677.png,102502,5d34785c,71427323436,102253,8,3cd80463a810d83693a29f3c22c23a97795e7b98f74dc27f5815c981c3ee1b3a
train,progan_train,train,1_fake,train/1_fake/15820.png,139543,6c447468,70255498048,139504,8,c1a249573f896862b4713fc72aa9b61672360c7c231ea4760eb6d5815ff94db3
train,progan_train,train,1_fake,train/1_fake/15862.png,97496,c0575798,70659568949,97511,8,b6f858c156bbded2dd6ab4ee4c9768a5ee4ed5a95cb08bd3e705ab01e057306d
train,progan_train,train,1_fake,train/1_fake/16000.png,129973,a6a4d83f,71673411214,129602,8,c3891bed87a1e474990906c534b274c1b3916ae003f50ffff1176d8df007dc73
train,progan_train,train,1_fake,train/1_fake/16423.png,94988,d11c60e6,71755271950,94898,8,960222d8f8e9b372859e8f7aebae07681dcfc8a26b5a20e1d3f802f5b3e91768
train,progan_train,train,1_fake,train/1_fake/16488.png,125521,4fee197e,70979905742,125211,8,d2d8818f06f933a1b3b023249f55d71bcb8558e0d1e923915959b9630635425a
train,progan_train,train,1_fake,train/1_fake/16510.png,101567,befab9ef,70150232081,101587,8,49a0cb0f21c145228b2b218c8d6a5baa53ca8eb810537dcd1945037ff1f07b0c
train,progan_train,train,1_fake,train/1_fake/16919.png,121900,76a17df9,70788615811,121718,8,30f9ab3f60a1901ef7ec497dccddb37afde308f337aa26518c0d681dc93ea346
train,progan_train,train,1_fake,train/1_fake/17060.png,144401,2cea6d9a,71850291380,144203,8,d3731fbbc43340fba51b35909f81569c7c26fca41986fc055f3db15419bfcaa4
train,progan_train,train,1_fake,train/1_fake/17462.png,109768,e8e2e047,71105883227,109788,8,a44bdcfce635aa40e08df0624bccf76746306e51c10f2dd1a4a15b8def55c7da
train,progan_train,train,1_fake,train/1_fake/17730.png,99270,9c546127,71482289464,99287,8,40cc07c48956480c9bfa0ab6019286f42fce9c91136fc4fd33f32c18e3f02b8d
train,progan_train,train,1_fake,train/1_fake/17838.png,128907,afb59c3d,70504046086,128763,8,11ad8902e94c596d6d5dddee88c2d11db3be92b38db5e088f23c014e57d03b72
train,progan_train,train,1_fake,train/1_fake/17846.png,111423,d73ddd83,70913997716,111405,8,7143c15ae2c6ed54628d62ac781ef9d2e06a9b2ff176b7f6d04e058bd601f110
train,progan_train,train,1_fake,train/1_fake/18046.png,111065,e416e70c,70861367711,110751,8,274b890309f94f806e583130e55d5c11665911431fb68328bb6b41d66da212f8
train,progan_train,train,1_fake,train/1_fake/18047.png,118121,b65c6e40,70414085300,117919,8,3c8154e482c4aff25ff6d724d1d42d6d17000af7b5133fe8a2aa1690ce458204
train,progan_train,train,1_fake,train/1_fake/18125.png,80341,9be96086,70876023137,80226,8,fbe29925b58aaed20e0ac8233e11412bf30912a87159b4414b3ac038dcad1b96
train,progan_train,train,1_fake,train/1_fake/18592.png,119711,c39512fc,71202676138,119705,8,94e01a4d7f0b827d59dd5a1c99b3101feb06fe81156574e8afbdb513f9b639d6
train,progan_train,train,1_fake,train/1_fake/18800.png,91575,aa74b157,71242704322,91462,8,d97f2663c0f3bbe49633224b21d2f7ff425ba8dab543e12681ea85722d08a21b
train,progan_train,train,1_fake,train/1_fake/18825.png,145859,73983778,70393653801,145712,8,ed97ea3ebfa613a64dcdb0731effb3cc054f038ecb0cdfdd1e52be36faa01cf2
train,progan_train,train,1_fake,train/1_fake/19119.png,107277,22af2540,71601203016,107274,8,2b69c9de349856b2ee4632856e3e6f3093a3527bf2d9a39b3ccaec5b3cf8eb49
train,progan_train,train,1_fake,train/1_fake/19145.png,97766,9c5b736f,72082504538,97781,8,7fe8d5a14f9a0d090d75dcd17063c9054e71d4d8a5eb447a83111d393437e06f
train,progan_train,train,1_fake,train/1_fake/19491.png,108223,74f4df5b,72076431003,108091,8,605132f5b511328650ccbd6a29c439ccc843799855457372631579c5527bf96e
train,progan_train,train,1_fake,train/1_fake/19658.png,108143,250ae5f9,70776501155,107629,8,4451e365bc31c73e2359411e0868cd6a2f7b00d5316e2bac250d672f78d89ba7
train,progan_train,train,1_fake,train/1_fake/19755.png,131687,2e29ef79,71310812148,131709,8,d8df136942997f5ebed053514733c0c1fb939a57acb7cc747a0d39f1564d9a86
train,progan_train,train,1_fake,train/1_fake/19924.png,106111,ff5e1463,71867806047,106131,8,8c10c924ec361fd9553dad916377b193065d21e4ce83ec6fbc71e7c12216a044
train,progan_train,tvmonitor,0_real,tvmonitor/0_real/00076.png,84512,b1cdbcf3,72482994129,84234,8,a56fb4ae0900b4fd7ebd24597f7de74176a364b3459a79498cc9ae1cefeb18fe
train,progan_train,tvmonitor,0_real,tvmonitor/0_real/00252.png,48549,e9dffdc9,72821430242,48472,8,bbc8d70eafba289877e1ff5adcd3b6c406bd888d0e26ac2e99185291f0456f40
train,progan_train,tvmonitor,0_real,tvmonitor/0_real/00459.png,53537,7a0c6398,72105964203,53446,8,a8bb44c39cc0c10b07062ec0eb5771a13e287ef18973283334e3dfd3c76fd846
train,progan_train,tvmonitor,0_real,tvmonitor/0_real/00618.png,75920,ff61d180,73109157162,75284,8,680b7f33991c48bcdb4670acd00006ed03fd73887dde4b244eaf024c84bbbff0
train,progan_train,tvmonitor,0_real,tvmonitor/0_real/00985.png,75098,54ff3208,72800780055,75030,8,7335cad42cc40742493e7b72a7cdcd05538db07a4171ac6b59178929009d55c2
train,progan_train,tvmonitor,0_real,tvmonitor/0_real/01397.png,52304,949b7afb,73125592062,52161,8,fc58d2be14067235cad93fae351b8beef4b68203a250ffc718bd8d5bfe4b0a2f
train,progan_train,tvmonitor,0_real,tvmonitor/0_real/01525.png,96349,ac01a11c,72985742968,96180,8,74b4781896ae87a3f910036cb22b4f5ca2b9380462a728ca0b90224aac40ed2c
train,progan_train,tvmonitor,0_real,tvmonitor/0_real/02122.png,64605,2f361be7,72928971203,64428,8,37d721fd694b989225e5bcf38abbe4250531fec41a0a18136079a8aee33a643d
train,progan_train,tvmonitor,0_real,tvmonitor/0_real/02279.png,52824,0cc68c39,73268167903,52834,8,d167d5e0aa7ddc435556582165d36831a8cd0b2cf10961fc4200a54c82b08c32
train,progan_train,tvmonitor,0_real,tvmonitor/0_real/02386.png,77331,31fc8103,72171725124,77346,8,947a86a6fd8d34c021169c96e1d9fc55cf92301bff520aa637c4fd74e49148e2
train,progan_train,tvmonitor,0_real,tvmonitor/0_real/02710.png,131012,1b252810,72640733347,131032,8,7536411c552e6139be1d25ea5b7c6a73f9e3f05cf4a03a1ac79bbd6d319b71ac
train,progan_train,tvmonitor,0_real,tvmonitor/0_real/03151.png,72760,daccebdf,72715602730,72732,8,3c61c79e2c5f46d44eb26d52874468f04365e83a2310ead3fe025d8f913fefb8
train,progan_train,tvmonitor,0_real,tvmonitor/0_real/03509.png,16633,ae6f8582,72751953290,16245,8,4ee07a8bc66b5a1df17a50fa11be40951d5156975306c058d67e90e9c9611ccf
train,progan_train,tvmonitor,0_real,tvmonitor/0_real/03891.png,96241,7e38ca16,72628080069,96248,8,eb5bdb123b58b77df8aba3047c4aeca98ece2485a932c77e7b120a4d5ff123e7
train,progan_train,tvmonitor,0_real,tvmonitor/0_real/03930.png,73736,f7c9d2e6,72483897228,73370,8,600e93585bb1b6c151dce66341e504c654e5cfc82a99d69fff628d17b4df281c
train,progan_train,tvmonitor,0_real,tvmonitor/0_real/04089.png,100114,63c5ae9c,72995968734,100131,8,9788fad6016a16197ead493b690df877d2715c50bbcac05ca62870e992627c52
train,progan_train,tvmonitor,0_real,tvmonitor/0_real/04525.png,81702,756f231a,72823414212,81659,8,2f4b2fb38c3a07c315d60da419af12987fa23717de0c2d3e24fd9fb1de7ce009
train,progan_train,tvmonitor,0_real,tvmonitor/0_real/04844.png,92824,0f3197a9,72223010842,92839,8,15f7ffb49972a485d6356611f7e07c1b81717bd73d88cb8d17c9aaf612a78c24
train,progan_train,tvmonitor,0_real,tvmonitor/0_real/04895.png,39777,fe0d1baf,73010100894,39595,8,894c85804a1180a145dc5e92216015ab3325aa54a6dc8bb9b15896f1956dc4d1
train,progan_train,tvmonitor,0_real,tvmonitor/0_real/04979.png,99252,d9eaaa4b,72757054333,99272,8,2ad564496991c1f0ce1498b373a487882a0f0ddabfeea4c37d240c0a6c7c2502
train,progan_train,tvmonitor,0_real,tvmonitor/0_real/05511.png,18810,75857da5,73302594357,18608,8,b949a3bdc6b7c9293494241ec959842eda3a95e29d8c3db7e9518ac7694fcbcc
train,progan_train,tvmonitor,0_real,tvmonitor/0_real/05675.png,70637,6dc7d94a,72577390199,70619,8,96ca3a0f06a6d08f6ebc9696a42fb0cfc0b8d1bd1c4803143d8bbf16569e38e6
train,progan_train,tvmonitor,0_real,tvmonitor/0_real/05806.png,81521,6bc00e00,72934296086,81523,8,1d611869f5a8c5cc667c4d783b670ade156e7216f2fd2e7c764b2ed011a9fce8
train,progan_train,tvmonitor,0_real,tvmonitor/0_real/05896.png,20732,7fdcaf87,72968839948,20732,0,c8aa278da8dc4555d35cf9892bb9ed6376d1b3d2a1191a4618e6cfed17d07550
train,progan_train,tvmonitor,0_real,tvmonitor/0_real/05909.png,65002,44128d5a,72476146388,64694,8,86f26dc290ba5cd2ae5109e709c30087b348ffe4d49a5fd27d44a2ac575cfbcf
train,progan_train,tvmonitor,0_real,tvmonitor/0_real/05998.png,64902,9accda5c,73014472424,64592,8,12b12e4c5e45ca4986c5daa69fae7bd7b65b5ded8bfa020354f35a3fe94eeb3b
train,progan_train,tvmonitor,0_real,tvmonitor/0_real/06044.png,78197,3e590074,72278252970,78195,8,b522a0afdc7b0367810e9a25b7722c72e06f03a0c32a458fe06628e77b9a3f3b
train,progan_train,tvmonitor,0_real,tvmonitor/0_real/06596.png,66142,94b632d6,72685942039,66097,8,42cbe4dbfc696818744c2b13d188692b2ca57a6ceb280666a58549b2e539d2a7
train,progan_train,tvmonitor,0_real,tvmonitor/0_real/06638.png,141036,f8319ce9,73331127953,141061,8,b3a5a65e6ebd7a098934623e224de8f68c237920e2d236404fc540fd6508a03c
train,progan_train,tvmonitor,0_real,tvmonitor/0_real/06819.png,58117,9ddcd93a,72429397290,57941,8,0351295c46baf52217d799fe2bdf357772a869e3ef38ba9605b5aba7989e2b4d
train,progan_train,tvmonitor,0_real,tvmonitor/0_real/07384.png,51954,cd88df39,72545383706,51928,8,e4b001b8d1b5df67dd231cd4edb4113f8b288755698871f166cde83589225a50
train,progan_train,tvmonitor,0_real,tvmonitor/0_real/07632.png,62208,d721e2d7,72222785121,62213,8,0fe0cd866d17b1ef465707252b61b9e3ed67d739ceae9239084fb04743e7f8da
train,progan_train,tvmonitor,0_real,tvmonitor/0_real/08522.png,77772,e82a3fc2,72423022595,77417,8,66035fa380ba6a6981556fb1879103f6f7357667d928c279fa672a472beb14b2
train,progan_train,tvmonitor,0_real,tvmonitor/0_real/08548.png,67478,779525d2,72515857150,67493,8,09203b6a1aab1bd4a2689c96066cf041ecd7aa5ff863b1c8d7716760b05697d8
train,progan_train,tvmonitor,0_real,tvmonitor/0_real/08587.png,75822,e7b7d2b6,73170585883,75739,8,e896c9745009de54624a681c0833b271bf7a135f7a92f410b1287350511cb40f
train,progan_train,tvmonitor,0_real,tvmonitor/0_real/08656.png,92941,6fcdd8c2,73011798706,92956,8,f8e8407f8376593e9c840da3a3c26f94207a3cef546f3caaec106b744dc9a4d4
train,progan_train,tvmonitor,0_real,tvmonitor/0_real/08982.png,82105,6b67b2d7,72634958847,82035,8,83fc9058da8d1b1d6a90d9f9d99d7a2d1d7e4577bf52da05372fcc7cfc1117dd
train,progan_train,tvmonitor,0_real,tvmonitor/0_real/09361.png,36779,dc816c93,72796089106,36393,8,6b0227cc221e67429e2ec2a16fb88d0534d9d32caa6320ebe4acef523b6a9367
train,progan_train,tvmonitor,0_real,tvmonitor/0_real/09376.png,94489,bf416d1c,72874098319,94496,8,eeff9a3a2bb4fc03216415b522a4949959d72469a4fd8256f347ab5eca01ae07
train,progan_train,tvmonitor,0_real,tvmonitor/0_real/09516.png,72638,505485a6,72099407325,72616,8,787abfd5595494bf07afe2b6d5b6e21569fe9d9333d3c72b2c66a69470d0ef19
train,progan_train,tvmonitor,0_real,tvmonitor/0_real/09899.png,55225,6af32142,72412048703,55138,8,b41a35c7a0973e831d79236213ef0df63b7e23e78469cccb5e5e2b8d2411c6ea
train,progan_train,tvmonitor,0_real,tvmonitor/0_real/10098.png,57685,fdfc5ce7,72798343089,57695,8,b847ce2db4e2404cb39aedb8e336859c8c650d1aa7187a65e4ef58c87f6788a7
train,progan_train,tvmonitor,0_real,tvmonitor/0_real/10216.png,60043,10f4e6ec,72855601818,59786,8,036abe3ecc634955aac81cd8ae9982ce29c19e594fb108f82ea7779a1bba7a9d
train,progan_train,tvmonitor,0_real,tvmonitor/0_real/10715.png,30494,63fb5c35,73087528590,30078,8,89b3133f47564d08c0fe6e3fc55a355e50ee68ea803adb7adbfa72d4d3f61c24
train,progan_train,tvmonitor,0_real,tvmonitor/0_real/10934.png,58556,4a8c2a5d,72371258802,58461,8,45809dfbeacdaa68578dd679cd6c6a2a66f0269824a0da915cdf6cff2c9b04ee
train,progan_train,tvmonitor,0_real,tvmonitor/0_real/10960.png,66366,26d477c2,72819428442,66375,8,4a2cd71b7005a4addc908808fc141a5bc6a7e39d6632ad7c30152496a39ae7fe
train,progan_train,tvmonitor,0_real,tvmonitor/0_real/11309.png,60813,c63f2732,72194530516,60725,8,8686c647191972935b9ce0cf7bedff9103fb7486e280e612cc2acaebd6a8c2d0
train,progan_train,tvmonitor,0_real,tvmonitor/0_real/11423.png,52299,187d423d,72765019700,52309,8,dde1d88582b0137acaf50411370f1eb97eced6b39ef439a79a16b8ddf2c5241a
train,progan_train,tvmonitor,0_real,tvmonitor/0_real/11515.png,85101,0e6439dd,72755842175,85085,8,5668372d5c5f41d6f9b8ab747708c953c080b20b193c1e75cb45042b4d326bd7
train,progan_train,tvmonitor,0_real,tvmonitor/0_real/11519.png,78230,416ab0b9,73004459964,77946,8,36fa6183cf79e266f4412e35bb3a725d78327db494c7d20087143c59d21039de
train,progan_train,tvmonitor,0_real,tvmonitor/0_real/11575.png,47069,86995ead,72960851927,47079,8,b73437f027a6587e67e9063f396a2f64c07b3993d3f359812e8c9a27c38d139a
train,progan_train,tvmonitor,0_real,tvmonitor/0_real/11604.png,50725,fd8bac8a,72705752304,50735,8,45942865948c0fc365bb8c2da655e085b743bc33f4106cb12dde43d7bc979464
train,progan_train,tvmonitor,0_real,tvmonitor/0_real/12121.png,83716,2a0bf177,72892968813,83731,8,4fb6c34cf66dc0e266246f6ec0e36e31f25151d50830f72734c426a5dc2127b9
train,progan_train,tvmonitor,0_real,tvmonitor/0_real/12163.png,54022,852a2c00,72305141611,53676,8,852eb094182b5103583bc83da3d6d040ee91ffad7b0ffdd3bff45c951df4b996
train,progan_train,tvmonitor,0_real,tvmonitor/0_real/12220.png,40379,e867b7a6,72908970982,40175,8,c0908ee0eaab80fef262a0da0fa5c67154cee5cd0470f2ae35e9669136f2983e
train,progan_train,tvmonitor,0_real,tvmonitor/0_real/12271.png,81210,8006a9c5,72994337642,81111,8,79ee4dcdc6b2ab456519ac0fd60f53eb2777345ab6cff2735a033632072e985b
train,progan_train,tvmonitor,0_real,tvmonitor/0_real/12614.png,71601,a6ff27b5,73385175040,71576,8,ff655e47799a3bcea461ff816750bf7bf894786ffb659612680a8aae7c4dfcb5
train,progan_train,tvmonitor,0_real,tvmonitor/0_real/12676.png,35614,dd8da241,72383814305,35492,8,28d3bfee0fdc5857a4a4148d1d44f4acda1c7c7e4d9c021218237a496c6b7f7c
train,progan_train,tvmonitor,0_real,tvmonitor/0_real/13190.png,87121,ab6ed257,73110483204,87106,8,b6ba59c97450e2b0d380ae251c20f3702e6745fc71fa4bfb63edab650b809004
train,progan_train,tvmonitor,0_real,tvmonitor/0_real/13305.png,75663,df0e777f,73350996354,75624,8,32aa9464527a21ac942abdab83efff71c862fd01fe3ca55002b5b08a25755a6e
train,progan_train,tvmonitor,0_real,tvmonitor/0_real/13619.png,73207,94005398,72353369950,73122,8,5adab53c28c66b5c81577aa0ed3a864171e5737284f6dd75af97f0bdd8334d7b
train,progan_train,tvmonitor,0_real,tvmonitor/0_real/14177.png,81369,75f0cb17,73255313776,81306,8,f53c1026e82b2b2e2be119860603fe275a9ea9df8b297be80557f9df6dc23ea3
train,progan_train,tvmonitor,0_real,tvmonitor/0_real/14250.png,118375,b51c3c45,73196042629,118268,8,79f6735bfa074f440695442db823524feae5a78e6c523399e9816c60e2e4706c
train,progan_train,tvmonitor,0_real,tvmonitor/0_real/14345.png,90013,ec0156cc,72949180201,90028,8,cf7bd6de8396f3c035f9634cdbecc2ed73ce954a3cf4491463a32d0a16d5e9a4
train,progan_train,tvmonitor,0_real,tvmonitor/0_real/14783.png,97790,9f1a11f1,73088433354,97805,8,9fd1ebe5d462e0b3f5a738ccea48e20b5e94434baf39d0eda3134a1f22c41279
train,progan_train,tvmonitor,0_real,tvmonitor/0_real/14897.png,69415,648d5c83,72496428593,69191,8,08cfd0842d39497d1103a3aa6a26a7233cbe70f9c752a7394ca815693574abb5
train,progan_train,tvmonitor,0_real,tvmonitor/0_real/15167.png,76135,b3c1ed3c,72722666282,76129,8,75649c8f851f1edee79ad90129b65fd64281c24bef24fefcf67588690d2cfbc5
train,progan_train,tvmonitor,0_real,tvmonitor/0_real/15331.png,40548,cd158dd9,73020626448,40014,8,9b659473b33a0d91b580104a379bee3d89bc58d0f27829e683ea8af9d239867d
train,progan_train,tvmonitor,0_real,tvmonitor/0_real/15373.png,48693,43b8fece,72357511574,48563,8,c64414cbf7eb5329ace0391388d96e892e2de02210e19d3ccf84816d1227fc6d
train,progan_train,tvmonitor,0_real,tvmonitor/0_real/15688.png,86041,8a9cbacc,73398529350,85827,8,a5d551950f6855e8c4f0722ea9d6c6771c701dfaea8dc950d5828ce27175f47a
train,progan_train,tvmonitor,0_real,tvmonitor/0_real/15806.png,82839,a59af652,72533482851,82707,8,fc6e71002c4890316e52e5ba984dee60856827c09f50989019a5d8d2a12fee2f
train,progan_train,tvmonitor,0_real,tvmonitor/0_real/15828.png,41315,30163a5d,72737306629,40820,8,07a5dcda32027b793221fcb6b5b1a3a884a20369de63480ed171f6bfb765ee8e
train,progan_train,tvmonitor,0_real,tvmonitor/0_real/16102.png,98885,8bc604dd,72452726686,98905,8,0ed05eebf39d675cf886be0ddc037ebf866288a56092dff816ff3082c2cc0144
train,progan_train,tvmonitor,0_real,tvmonitor/0_real/16122.png,92545,b3ef25bd,72641832139,92560,8,886c9d11332d4ec9a5b605ded8f6946401ad85b2d0a06a99de64b981d170c6da
train,progan_train,tvmonitor,0_real,tvmonitor/0_real/16209.png,76525,feb92eaf,72502754438,76525,8,15e7e3e3edc8ddeab3ac40b29fe84c7e80fa078f6e1d04f0a96e73986ff4e9f2
train,progan_train,tvmonitor,0_real,tvmonitor/0_real/16568.png,54855,200aa6f6,72566090418,54607,8,9bd116eae4d7e69c5ee813a626cb61f8fb46d00f67115bce634e07d815abc56e
train,progan_train,tvmonitor,0_real,tvmonitor/0_real/16709.png,29721,b1948833,72568541153,29139,8,a8f12f2559f2d857a6318e18d57015c8a7ad8c8af3fce4a2116b81fbe6007084
train,progan_train,tvmonitor,0_real,tvmonitor/0_real/17076.png,88260,06e42f69,72819557745,88237,8,39442ee596bc49500b595ec4c3627a5a7053e3778748481558be07bb0cdb8029
train,progan_train,tvmonitor,0_real,tvmonitor/0_real/17137.png,81217,0293b2d7,72812024759,81064,8,5ca106493f8c7200bf68dfffffb4ad3824a62bffd3fdbaf7ea5d1f736541e2c5
train,progan_train,tvmonitor,0_real,tvmonitor/0_real/17283.png,109931,19afa8b4,72457517822,109951,8,96cfc1df4eb1f0c396562a3fc069e181c88251b335b532cd6ecc217027612a5b
train,progan_train,tvmonitor,0_real,tvmonitor/0_real/17555.png,31383,4600c49e,72990440642,31383,0,d9a58f7f1c1e1d387ecaf5dd0b666b74a0036eb720cee279eba6f9724e35fdf5
train,progan_train,tvmonitor,0_real,tvmonitor/0_real/17621.png,24517,c81342d3,72265245439,24437,8,bd038b679dbc576173e12e8648c7667bbff237572083514c4b198b4415f2b971
train,progan_train,tvmonitor,0_real,tvmonitor/0_real/17669.png,93620,000d3e94,72735387959,93483,8,bd4b8591e2cc79c8bf1a8cb97b9e9096ac8977c3521215a0b3aa054c2b0c014f
train,progan_train,tvmonitor,0_real,tvmonitor/0_real/17730.png,47197,392579b9,73009542261,47109,8,801e0fb00954f8617ed98800b9a09c3a3ae7c313cc0941c62186ce468af43581
train,progan_train,tvmonitor,0_real,tvmonitor/0_real/17768.png,49122,7ed413b5,72861044992,48946,8,258834054d5f5d1490826a35bab2490270c7caa21cfa48168b95e802e448df4b
train,progan_train,tvmonitor,0_real,tvmonitor/0_real/17894.png,49481,5d745881,72630599100,49433,8,05b4f8c5bf299b2dce5bcea5967f6c1bd9d1a91fb2fa9738a428c199a1f9db4b
train,progan_train,tvmonitor,0_real,tvmonitor/0_real/17964.png,76446,5ba784b3,72450374783,76438,8,8c3c846113204436a4d913b8a77d331efa6c567f2fee324c40247d6413f32b82
train,progan_train,tvmonitor,0_real,tvmonitor/0_real/17980.png,55473,81fa8a67,72984412006,55370,8,b4f5207b27a3f3546db26645cf8f7e13f854098f1b30d35e03e4c1a7ac376de7
train,progan_train,tvmonitor,0_real,tvmonitor/0_real/18079.png,46350,6734dfe9,73186877828,45955,8,3863654575d80aed895d5e5fde594ac5f893b90920320dabc8d37ea1108f066f
train,progan_train,tvmonitor,0_real,tvmonitor/0_real/18415.png,91990,a874bcb7,73208275331,91871,8,590952a933d52c6417bb4273b71b2039b03959c5857e69f45cea893fa05d354c
train,progan_train,tvmonitor,0_real,tvmonitor/0_real/19010.png,103737,400bbc2f,73197535418,103739,8,a9c03763ec8d8466d3fefcd038a1766909f00b44959c974dd8b5909eba20b6eb
train,progan_train,tvmonitor,0_real,tvmonitor/0_real/19078.png,22463,9afa247d,72299432475,22028,8,e819c8557a679a696528809c07f5b8d1371afc3656b90f71f62c1afe41c36eed
train,progan_train,tvmonitor,0_real,tvmonitor/0_real/19147.png,78450,1aaec957,72440399959,78280,8,e69aa06d6c5e007da8abbfd06e6e19e39aebbc88f09064076e09e6bfb310218f
train,progan_train,tvmonitor,0_real,tvmonitor/0_real/19238.png,81930,43161e8f,73245603000,81942,8,94fea45bb43063fb9370b5714b58d7e22da24d973a872a98e090c30bf17337d7
train,progan_train,tvmonitor,0_real,tvmonitor/0_real/19319.png,40539,eea7196d,72516738656,40549,8,0cd26bd1fa7ab60c5206f51c5727b6e5427c3c6535c63902d70c246c6156c65e
train,progan_train,tvmonitor,0_real,tvmonitor/0_real/19373.png,101388,d072e4d0,72773048096,101336,8,7707ba22e0bcfa07c68570d80ac230ddfa0b75077ce69e56847c7fbecf237dc2
train,progan_train,tvmonitor,0_real,tvmonitor/0_real/19416.png,27249,88313cce,72133639943,26707,8,cd0e74c0f4208100828771237058db9f706d50a2e78cabc59591b73d2db2aebd
train,progan_train,tvmonitor,0_real,tvmonitor/0_real/19582.png,36607,5ef911df,72196870235,36528,8,4683edba956087cf92365aefb27d345fb3f2fd15d87be9b3f9d6c439fddb9a92
train,progan_train,tvmonitor,0_real,tvmonitor/0_real/19713.png,60806,b8f72ea3,72323892023,60784,8,c7d524c4e0230825ee4b1a2d11b1315ff7a92b57f4f791bd34f865ea48cde583
train,progan_train,tvmonitor,0_real,tvmonitor/0_real/19734.png,77324,81ecedbe,72564233610,77265,8,b9e49b6bf6dbb841ba4fb04f791b4ab75595f68c8ff29504f2f8caab000e0bb1
train,progan_train,tvmonitor,1_fake,tvmonitor/1_fake/00531.png,75767,0f6a8202,74794492750,75782,8,30c1d1b29c9221b72effc70c93625291dcc08eaf57751c11603e9ea8e7a5e9d3
train,progan_train,tvmonitor,1_fake,tvmonitor/1_fake/00930.png,76237,53efe4b0,73445067425,76236,8,7384be3977f72cfca23031242094d52fae374b46702609a0d47d53abc54a0ad5
train,progan_train,tvmonitor,1_fake,tvmonitor/1_fake/01070.png,104102,bf113204,73433651739,104073,8,8640bb9abe19837f6ae1dc345e79ebc9c7e7ce6da75b29d8d8a4aa675a5e9d02
train,progan_train,tvmonitor,1_fake,tvmonitor/1_fake/01163.png,75022,33da419e,73458436980,74964,8,255d51de7755454272da08c1ed08cf7706d64f0b80466d1170b7b357abf9ff80
train,progan_train,tvmonitor,1_fake,tvmonitor/1_fake/01425.png,73939,d65d6b14,73728784701,73954,8,8034a8b0f5d98011962e18ceb6b1540ef7db805c8df1d5748e878f0ab9036d81
train,progan_train,tvmonitor,1_fake,tvmonitor/1_fake/01578.png,55621,cb56ae3b,74201473692,55631,8,ad1155532c993cdfece7605fa0f075de3c78570ee2331861e80177e5168b05f8
train,progan_train,tvmonitor,1_fake,tvmonitor/1_fake/01642.png,85713,8b92fd70,73926682078,85728,8,491ffa3ebef4784fb31bce526551d42f15ca49c860ff3a35ee1dea19eb2330d4
train,progan_train,tvmonitor,1_fake,tvmonitor/1_fake/01811.png,90998,1462b8fb,74028026973,91013,8,5a8a5dd299ca37b0d4b87ea7cb8350575616477ab6e9938e6a1b3fa09a03d4a0
train,progan_train,tvmonitor,1_fake,tvmonitor/1_fake/02339.png,91160,ff7ac6f1,74360735676,91175,8,f5e630e603f15c833998c4029c863968f0c1806e9f150258b7bb8118860dffd1
train,progan_train,tvmonitor,1_fake,tvmonitor/1_fake/02588.png,95100,ce7f7cbb,74181314222,95081,8,f743185a1963a7f1ef9b1618c8ca25d054b712e84c879ec5ff1b3e418e8c440c
train,progan_train,tvmonitor,1_fake,tvmonitor/1_fake/02595.png,103570,293bd67c,74596369109,103590,8,1ac082ce87be8d7e1d9b75c886658b45cfb049ba042495191d6896dc11356e6e
train,progan_train,tvmonitor,1_fake,tvmonitor/1_fake/02785.png,90430,ff383cf6,74352463615,90436,8,0b1c6853bcbdb4c96a90777a1330a83922d86fa98f17261b798c865cb48797a7
train,progan_train,tvmonitor,1_fake,tvmonitor/1_fake/02818.png,102381,8f56b774,74102553389,102369,8,97dadbfaabbe520768fa5169b87982143080efc7360fe8e82165c3f96e308f04
train,progan_train,tvmonitor,1_fake,tvmonitor/1_fake/02944.png,108280,ae975319,74525970096,108252,8,07470ebe564234a1337f81f79781287c2a5be692e1d08b043cae3eb156cb3b79
train,progan_train,tvmonitor,1_fake,tvmonitor/1_fake/03707.png,37637,84d0b499,73579671079,37624,8,756a8b7a8107d51ca81b5a3f039813cc0ae5b000758b95e59ad6879819d55cc9
train,progan_train,tvmonitor,1_fake,tvmonitor/1_fake/03888.png,62621,809936b0,73870284402,62470,8,cdb98369cd42d6dec329c80b46c0c56d9e0512ade5f2ab9ac099387fdefdedad
train,progan_train,tvmonitor,1_fake,tvmonitor/1_fake/03921.png,99974,aff1f62a,73703600717,99845,8,0767c40a10aa7d8d712a29714187516b328ba283a61b412b3afb138e9921a824
train,progan_train,tvmonitor,1_fake,tvmonitor/1_fake/04229.png,90940,d87a8691,74375390704,90955,8,d7ccd7d27b4bc70dc7440df63118f69eb435b1f09584337a6372acd169773919
train,progan_train,tvmonitor,1_fake,tvmonitor/1_fake/04287.png,63642,fb5c5b0f,73478678447,63602,8,5cb448f315fbf1b166644a465ad8118f90dbfa73bc90471d42547e761e609bbe
train,progan_train,tvmonitor,1_fake,tvmonitor/1_fake/04292.png,56522,62cb1102,74847882998,56532,8,6850bd34e74d9d04e620ae4956165d94db8788e03ccfad46274276e62c686664
train,progan_train,tvmonitor,1_fake,tvmonitor/1_fake/04354.png,79844,074ea1b0,73781322741,79855,8,1067aceab646ce49bd9ce12cbe702a9c389904c1c2f47bd4ff6efa56062acea3
train,progan_train,tvmonitor,1_fake,tvmonitor/1_fake/04754.png,91809,ed758e50,74518178260,91816,8,1be5da729a6290fa3481460bbe27dfc29d238b37cae58eab4e7b2e7e278c5bfa
train,progan_train,tvmonitor,1_fake,tvmonitor/1_fake/04853.png,112075,c438215f,74539154106,112095,8,23ef0008231186a68dfde7158665220b362a7eecf22dc139275c061d93bea3c4
train,progan_train,tvmonitor,1_fake,tvmonitor/1_fake/05098.png,55250,4f033f0d,74131978424,55248,8,9836c4c703a304232feddac964f741fb0831a08491e20bae9b507a6f03bc5285
train,progan_train,tvmonitor,1_fake,tvmonitor/1_fake/05331.png,66692,f0d98281,74035602146,66509,8,4c121aa22d62bfd118b7e44cf77d0f3c7db8202d20b0686e0ca788ba49e6eb94
train,progan_train,tvmonitor,1_fake,tvmonitor/1_fake/05836.png,71092,030f21cc,73518330531,71087,8,ec8b10a5cbc5c3a034ac81f00612acd9f65c3dcd547aeeeac03254efc7c1ff15
train,progan_train,tvmonitor,1_fake,tvmonitor/1_fake/05990.png,102341,7c3969cd,74786494682,102361,8,5385d6c81d0b620c2b210db176b243711a6a560da4ac5a4f0142255563467d00
train,progan_train,tvmonitor,1_fake,tvmonitor/1_fake/06329.png,64650,66c778fb,74459149317,64660,8,b4813fbf46e9a67abe490ea5f48821f68c072a8b74178159326f030009244dcd
train,progan_train,tvmonitor,1_fake,tvmonitor/1_fake/06334.png,66002,ece9d6ed,73813907559,65943,8,5a836d7e6d754389700074cd3160d48b6d43709b8fa750fbcea96109e7fa6ff6
train,progan_train,tvmonitor,1_fake,tvmonitor/1_fake/06600.png,41811,9777da6d,73990556701,41798,8,818d2811a9f7a094554159e8071dae8687cc3160cb995abd397a40d1b609d837
train,progan_train,tvmonitor,1_fake,tvmonitor/1_fake/07108.png,73084,80b8c172,73752926400,72900,8,14c38e47dfaf69f71250de2ac4928084dc977dee36c86074915c720d96a2ee2c
train,progan_train,tvmonitor,1_fake,tvmonitor/1_fake/07257.png,68252,b873a908,73549939989,68267,8,edee5fee872d79d343060b8620d33a5422fde66a8aaf5f9b7938bcb7a54df57b
train,progan_train,tvmonitor,1_fake,tvmonitor/1_fake/07424.png,93095,1a76befa,73905682246,93096,8,8bf8a269c0b718486ee76c4c018a1e40d9fd0224811490cfc04a3422e77ff77b
train,progan_train,tvmonitor,1_fake,tvmonitor/1_fake/07605.png,80970,f8519791,74120519055,80975,8,00f475f57883d7fc18762458f70fc0917d8841452c759bae28ef550170c71983
train,progan_train,tvmonitor,1_fake,tvmonitor/1_fake/07785.png,40428,5cf70333,73715916538,40438,8,2eb6b66b6b91802b606fc3aaad20b18e15dbedb2b1c8f0b86e7971c7203facb1
train,progan_train,tvmonitor,1_fake,tvmonitor/1_fake/07827.png,54659,ff003fe6,73586667636,54607,8,f436bfa5b0ae5f08926cb868090bd98b584515137d4a72305539c17e7d547c81
train,progan_train,tvmonitor,1_fake,tvmonitor/1_fake/07932.png,77866,f3a47329,74456549843,77865,8,1bf1b729d5a93a547304377ccfd1e92fb4c52711c5cbfe5ead68a7333dcee840
train,progan_train,tvmonitor,1_fake,tvmonitor/1_fake/08148.png,31529,23a4ba28,74473679413,31483,8,8eb824d35ca922c54aeec6ad876788fea9a253d75e5da3855cfbfff261e956aa
train,progan_train,tvmonitor,1_fake,tvmonitor/1_fake/08321.png,98964,6f827083,74327683703,98946,8,d77d5b24b180bd0be198f2cd1bf269352f896b0ac0b3bec3792764c5bbe12d95
train,progan_train,tvmonitor,1_fake,tvmonitor/1_fake/08336.png,76698,b1b5a4e3,74243944110,76713,8,4b62535cdce3f65d40cd64db3b7df4a84d2d16e89c4e034d3b4d4c35cb0fc551
train,progan_train,tvmonitor,1_fake,tvmonitor/1_fake/08516.png,73766,abdd4335,74254580166,73781,8,a0aa315f561cd6381a8b1c27d98e8b76f2aa6216dfa57c043ba8a5197c0af495
train,progan_train,tvmonitor,1_fake,tvmonitor/1_fake/08530.png,82059,8fddb9e7,73879223726,82064,8,afb4c5006be4e31b928a2476fb8da92e5010a4b38d8abde4b0028717a6020d09
train,progan_train,tvmonitor,1_fake,tvmonitor/1_fake/08742.png,71019,037bb240,74032661341,71012,8,55e97f86c698424fb5439570b101dd9983a93ef9d3a295ad692efa2740158b6c
train,progan_train,tvmonitor,1_fake,tvmonitor/1_fake/08927.png,110275,4d049aed,74771559883,110293,8,86d9bc527623090c4c9bc46b0eaeff7e9fae8713a9ca0aa655fac7b9a15eda1f
train,progan_train,tvmonitor,1_fake,tvmonitor/1_fake/08994.png,65618,c12266a3,74776987248,65592,8,3bcdb8818d251d5557e38c273f0f3f714c58c739a3c372899a8de9e36ca94079
train,progan_train,tvmonitor,1_fake,tvmonitor/1_fake/09009.png,102520,6a2130e1,74160787368,102355,8,9793cdc21a3e2f69f72c8411a9284c2afb0ccccf4ac598d25eac677138131d38
train,progan_train,tvmonitor,1_fake,tvmonitor/1_fake/09729.png,65869,c18c30b8,74702344639,65827,8,73bc655106778f2cb1302827b2861e348a579ac10b55189e284be7c48cc9094a
train,progan_train,tvmonitor,1_fake,tvmonitor/1_fake/09824.png,104952,09b5f612,74286072333,104957,8,1ecf41d7bc31f1eaa7e308b4cf45d17a7e4d68afc026f2891c5f13c5436a4bb3
train,progan_train,tvmonitor,1_fake,tvmonitor/1_fake/09917.png,91366,194cf8cc,73572994490,91298,8,cb76672e337c17ea11edae6ff78ddd78c372fc7102a9244dd9947c325c47783e
train,progan_train,tvmonitor,1_fake,tvmonitor/1_fake/09948.png,112587,1b78928d,74775172386,112564,8,4bd48e55e2b5b3d4e0a191885ed56506b5d45546e5504a600b5b3a0edd84e3c6
train,progan_train,tvmonitor,1_fake,tvmonitor/1_fake/10161.png,61181,907d0136,73956556885,61191,8,ce7aebd7d07459b3e01483cfb9f7027f5e098bf4e7b5e6e41ad3b0a4d71fb394
train,progan_train,tvmonitor,1_fake,tvmonitor/1_fake/10431.png,54950,a83871a6,73752242052,54921,8,e64c6d90c64e4863ebf4db3a393bf53f976abbb1542f90b4ef201e319b14ea9f
train,progan_train,tvmonitor,1_fake,tvmonitor/1_fake/10751.png,68772,884ad2c2,74812413262,68739,8,1c57b96e6111500ba6a13b85331c96367649e443d47cc40706000a59ba0e4cfe
train,progan_train,tvmonitor,1_fake,tvmonitor/1_fake/10832.png,91145,0af38aad,74425496737,91160,8,85445a48325352bd628c1e05dc4547da9a6e2bf7f2165fc69dbbc10d07c11713
train,progan_train,tvmonitor,1_fake,tvmonitor/1_fake/10889.png,88000,f820b11e,73594101930,88015,8,a9e5bfc56e31eee1cc6a4cb3d24bcb5b8f05cf7bab282e4c1166e9568b6bd12a
train,progan_train,tvmonitor,1_fake,tvmonitor/1_fake/11106.png,106374,04568a89,73555313759,106390,8,e7a2c837c7b3a0d7116f1c780080d9c3dd8cf1099a12476c86c9f10acd27372f
train,progan_train,tvmonitor,1_fake,tvmonitor/1_fake/11686.png,102816,f32ea6a7,73715149183,102836,8,6c490a18c572e0acfd9684635a9ab28a5d733e824e06dbe3df7823ec53bdeddc
train,progan_train,tvmonitor,1_fake,tvmonitor/1_fake/11711.png,67397,4ca64b53,73932512457,67306,8,c195900083e3e56904bbe9abd0a04b036a1796213dc23f076503881bdf1694ac
train,progan_train,tvmonitor,1_fake,tvmonitor/1_fake/11752.png,56947,007747b1,74481590126,56852,8,45d0b787e0a8c4817720b49fd1ced31c075086ef463494cf5785eb366ddac9f3
train,progan_train,tvmonitor,1_fake,tvmonitor/1_fake/12151.png,64144,b12c6e1f,73929964022,64144,8,c27c3a7370e39980f2e871e196f8f6ba48ce55982138d791df7095d1507c2793
train,progan_train,tvmonitor,1_fake,tvmonitor/1_fake/12158.png,112346,6e94ee25,74234578385,112311,8,b4e25f04a5052f39da5d0a4422715c4e832aad4fe466c20e827c90381121a762
train,progan_train,tvmonitor,1_fake,tvmonitor/1_fake/12341.png,77548,e8fc49f0,74095614074,77533,8,ee21c8288d6c8175d08a675041b15b126f090588648874b98b1345e5028b2319
train,progan_train,tvmonitor,1_fake,tvmonitor/1_fake/12418.png,57569,a3a19d5b,74518563020,57579,8,6bf1681995490e3c7b21c7bd97f7ce15ff0dc1cc9980fef2ad59f4a554e758d9
train,progan_train,tvmonitor,1_fake,tvmonitor/1_fake/12632.png,67780,19b288e4,74631556030,67770,8,f276ead7480fada1da923578a95e0d33c50fb06e39ced1bacaab1b505e876c42
train,progan_train,tvmonitor,1_fake,tvmonitor/1_fake/12664.png,75708,ac4f447c,74702216319,75723,8,e451356c0badffb10e937249848204bef07a01fdf5540290372d6d44a561d979
train,progan_train,tvmonitor,1_fake,tvmonitor/1_fake/12728.png,56541,35712c98,73931014929,56457,8,ea754f096d8490aea158d03a5c59d5305d36d0e86fff974bd3b89e40ea5a4fd0
train,progan_train,tvmonitor,1_fake,tvmonitor/1_fake/12810.png,71368,9e9a0cd1,73915054252,71330,8,7f1f5d6026282160d8c1b7a711144ff2070f0753b4e6d74804b1161c8630842a
train,progan_train,tvmonitor,1_fake,tvmonitor/1_fake/12830.png,93622,f93b1c6b,74047635712,93608,8,1e706cbfb9215360d605ec8716bfa5dd7c9343b6783d86d4a7ecabfb53560373
train,progan_train,tvmonitor,1_fake,tvmonitor/1_fake/12934.png,82502,990b9575,73964997893,82517,8,dd465b1f16d6fc4a9bfe4e675adca1f4a604815563d06ac470feecae269bf7c4
train,progan_train,tvmonitor,1_fake,tvmonitor/1_fake/13145.png,54679,41652d10,73826559932,54583,8,d96b7667ede8dba1cba7b4338e0351d06a365e297b802d2edad22cccacc07bf1
train,progan_train,tvmonitor,1_fake,tvmonitor/1_fake/13305.png,67285,aa94f961,74794085135,67300,8,853b00b5a2cea1392df9223ea69fecd92a3ea742b46f4604ac3cd180f92e2a35
train,progan_train,tvmonitor,1_fake,tvmonitor/1_fake/13360.png,55780,89d548bb,73589381785,55754,8,60afe20618a36b3e84db72a8dd1e6382d8a6fd5cfbe40d6cd14c1c5d57cb7a02
train,progan_train,tvmonitor,1_fake,tvmonitor/1_fake/13585.png,54307,1976edda,73682373445,54280,8,82450c90f9550db371eba9979d4826f1fed52968b471e5bf44bdf6885a5c4c97
train,progan_train,tvmonitor,1_fake,tvmonitor/1_fake/14704.png,95745,e9603df5,73563549594,95714,8,6d5b815f66d81b12fab9489a2a70f9fd22c48a33b6ccea094f88fc2dbc42ad06
train,progan_train,tvmonitor,1_fake,tvmonitor/1_fake/14759.png,66226,d09e860a,74439425239,66241,8,57082c7618401b65bf729a8d6d3a7117b354d2049c78ff08c0daf354f2f99bff
train,progan_train,tvmonitor,1_fake,tvmonitor/1_fake/14867.png,49689,62472b76,73942598495,49699,8,4ce65931912d82a2485f0dff3e6c6b16399969f43dbae941ddca4a8686d0751a
train,progan_train,tvmonitor,1_fake,tvmonitor/1_fake/15325.png,109976,829a949b,74767593892,109858,8,2f0edab2e988077f12f325cd32fddf1614d0ec4e074ac775f29bcab453b7c405
train,progan_train,tvmonitor,1_fake,tvmonitor/1_fake/15330.png,96687,8ed9b201,74559969081,96702,8,87257e5f324a4201d10d766c0efadde577aaa65edf3b2d19b8e027191a4a88b8
train,progan_train,tvmonitor,1_fake,tvmonitor/1_fake/15590.png,70329,6ba7be0f,74023610121,70273,8,6253619f28b9edd3c01f8e64be73770e0db6f3a7892aa1979561739e0219db81
train,progan_train,tvmonitor,1_fake,tvmonitor/1_fake/15794.png,77019,3275d125,74620132673,76986,8,5f1fe254e7341f943a9954ae6f2ade9374916a816a8835be08c950605112c177
train,progan_train,tvmonitor,1_fake,tvmonitor/1_fake/16128.png,85870,102d8ec5,73629758592,85865,8,bf36b46f634d02f905b5672bdf0318dc0adb331a3919f7762603accd7443d733
train,progan_train,tvmonitor,1_fake,tvmonitor/1_fake/16143.png,93905,1ad01cd1,73655214560,93836,8,859de9e1fd7ac238e234667ffc6d8c6eaea1e0c995918ca77649e958bff5cbea
train,progan_train,tvmonitor,1_fake,tvmonitor/1_fake/16310.png,95945,b88486ae,73948959051,95949,8,4cd1acd988974f9cc7ae34e92f9d7cbfa8ece8c9ab84b6eb63fb01e1a2f050e4
train,progan_train,tvmonitor,1_fake,tvmonitor/1_fake/16355.png,98159,19ede11b,73813320316,98174,8,8a22c83f527eb80bb5482b5550ef0d27b013c0f5b70b3e183154086c58dbacca
train,progan_train,tvmonitor,1_fake,tvmonitor/1_fake/16366.png,59684,9a9d4d00,74548991636,59694,8,6ef0b57a1fac39aaa3fb50e7691561ed185d3ea79de3c9c8cfcd17fc147995d6
train,progan_train,tvmonitor,1_fake,tvmonitor/1_fake/16378.png,74033,247ad2cb,74464467371,74027,8,3df97afd39ecbe086a1f18ec7e96a02bc97ee03646a0a848ffbee0e2fdbe515b
train,progan_train,tvmonitor,1_fake,tvmonitor/1_fake/16804.png,97609,e233ccac,74070531282,97611,8,008438f4b8bac5ff95875b382bfe19ef8e46032c1e840f6d7a35a60ba19abb88
train,progan_train,tvmonitor,1_fake,tvmonitor/1_fake/16930.png,121218,569d438c,74706920523,121152,8,c2f622b15c997ea7e364f0574c5fc1bcdd001a2fd98175de63a0efcc056675a4
train,progan_train,tvmonitor,1_fake,tvmonitor/1_fake/17516.png,85029,93eebd3b,74173819454,85044,8,9526f74401ea1cbd6c0e24a6ce6f0eb5542408eb6519751a66f91d3590564560
train,progan_train,tvmonitor,1_fake,tvmonitor/1_fake/17849.png,89949,dfb1b165,73644480483,89961,8,af032842535aacf44d1a2090fa8151998adce359dce264e609e329e938a28707
train,progan_train,tvmonitor,1_fake,tvmonitor/1_fake/18433.png,101056,76b75469,74421762357,101068,8,0ca4d9b9bc30f9628c715cc1a51ff355b387219b1b3130bfafbeca0d638ea0ab
train,progan_train,tvmonitor,1_fake,tvmonitor/1_fake/18473.png,66834,767d6046,73573862274,66849,8,4acb59735a68e04665a60d95690effcb0d17d62840aa617ce3e535d73791dcec
train,progan_train,tvmonitor,1_fake,tvmonitor/1_fake/18531.png,122625,2bf82614,74735365275,122645,8,b07ef66c6374bcde91fa073347f35da88a9cec56216d3de61033bdcdab457bd1
train,progan_train,tvmonitor,1_fake,tvmonitor/1_fake/18850.png,75672,f7c2c5fb,74801837511,75687,8,c97495a7fda8c6e20de9d1979fc61c6fceb2bd2b92da77601ab70a63bfbf7b7a
train,progan_train,tvmonitor,1_fake,tvmonitor/1_fake/18997.png,57542,62c00cba,73472011824,57552,8,cdbc85251a1c2e7f40ef542a6e55f3a30d87e6ab87a66c990f0a0bba36f18255
train,progan_train,tvmonitor,1_fake,tvmonitor/1_fake/19148.png,94341,b1a9f5d0,73411303112,94342,8,2af1546a6b614ba6923c8f2071961fc272ff90844ae8ba547cebd7105af183f2
train,progan_train,tvmonitor,1_fake,tvmonitor/1_fake/19319.png,101091,3dae6924,73864884624,101107,8,305f28c5f175846564790d4bd7416b9440d69357968b633d5f4c57d3691278f5
train,progan_train,tvmonitor,1_fake,tvmonitor/1_fake/19394.png,90246,4003cab9,73431247928,90261,8,ce1d84189d9c4ebc04d110072435c4a3738d3459216addecc0aa703b4714ec24
train,progan_train,tvmonitor,1_fake,tvmonitor/1_fake/19647.png,67671,6840d102,74259814787,67686,8,9a9cd0ce060a3028753e60903978541f23f1caf52a4e07331ac57404bf490d29
train,progan_train,tvmonitor,1_fake,tvmonitor/1_fake/19771.png,80985,489df01e,73547743030,80981,8,ea6ba6ae0a0f8c581a24d617b993bc8c13ecd6e3ef61d2b7ab619603dffe1c17
