split,source,category,label,name,size,crc,offset,csize,method
train,progan_train,airplane,0_real,airplane/0_real/00190.png,80971,61f19de8,1263442103,80986,8
train,progan_train,airplane,0_real,airplane/0_real/00230.png,39786,6e4967f0,485361108,39461,8
train,progan_train,airplane,0_real,airplane/0_real/00308.png,68582,c8b70812,1256202762,68125,8
train,progan_train,airplane,0_real,airplane/0_real/00564.png,85101,da903028,856767465,85093,8
train,progan_train,airplane,0_real,airplane/0_real/00616.png,53672,c2e2f0f7,82073964,53656,8
train,progan_train,airplane,0_real,airplane/0_real/00693.png,71600,ae7e8b3c,1026815005,71129,8
train,progan_train,airplane,0_real,airplane/0_real/00996.png,71416,e2827435,697724792,71412,8
train,progan_train,airplane,0_real,airplane/0_real/01023.png,68486,88e43410,1148877303,68416,8
train,progan_train,airplane,0_real,airplane/0_real/01071.png,99894,2deb2852,281039910,99731,8
train,progan_train,airplane,0_real,airplane/0_real/01148.png,54374,cb9d6a10,446139333,54202,8
train,progan_train,airplane,0_real,airplane/0_real/01291.png,101671,889b52f0,1359454331,101457,8
train,progan_train,airplane,0_real,airplane/0_real/01830.png,58974,47ebc3e7,277113106,58546,8
train,progan_train,airplane,0_real,airplane/0_real/01864.png,83748,7da74c22,1271145827,83393,8
train,progan_train,airplane,0_real,airplane/0_real/01901.png,51401,e1f05575,308597587,51358,8
train,progan_train,airplane,0_real,airplane/0_real/01931.png,89193,41e735e5,1156378406,89071,8
train,progan_train,airplane,0_real,airplane/0_real/01948.png,50178,aba2ff5e,338008937,50188,8
train,progan_train,airplane,0_real,airplane/0_real/02429.png,44681,ca84b93c,200501872,44598,8
train,progan_train,airplane,0_real,airplane/0_real/02459.png,85339,528e8e8c,981071067,85265,8
train,progan_train,airplane,0_real,airplane/0_real/02720.png,82535,485fb5d4,1145226563,82452,8
train,progan_train,airplane,0_real,airplane/0_real/03272.png,69836,44fcc0c8,405032470,69631,8
train,progan_train,airplane,0_real,airplane/0_real/03326.png,89958,5d351a5e,1264028362,89935,8
train,progan_train,airplane,0_real,airplane/0_real/03563.png,30694,98913755,526657578,30393,8
train,progan_train,airplane,0_real,airplane/0_real/03575.png,78667,18adc059,1132300673,78453,8
train,progan_train,airplane,0_real,airplane/0_real/03732.png,81616,1357469b,1260774245,81538,8
train,progan_train,airplane,0_real,airplane/0_real/03736.png,70363,6ded096f,280750179,70373,8
train,progan_train,airplane,0_real,airplane/0_real/03792.png,70921,51515c58,374500535,70761,8
train,progan_train,airplane,0_real,airplane/0_real/03927.png,114780,682b5ffd,1034661660,114719,8
train,progan_train,airplane,0_real,airplane/0_real/04202.png,33537,c4969112,741772319,33489,8
train,progan_train,airplane,0_real,airplane/0_real/04238.png,48283,98d1208f,1230919492,48293,8
train,progan_train,airplane,0_real,airplane/0_real/04333.png,48863,eb13b5b4,954810633,48873,8
train,progan_train,airplane,0_real,airplane/0_real/04344.png,59962,05869905,1030718428,59946,8
train,progan_train,airplane,0_real,airplane/0_real/04749.png,80270,edb76ac0,274102283,80245,8
train,progan_train,airplane,0_real,airplane/0_real/04861.png,67515,3a8e666b,1088380815,67424,8
train,progan_train,airplane,0_real,airplane/0_real/04893.png,46778,798d53d9,1295744899,46788,8
train,progan_train,airplane,0_real,airplane/0_real/05103.png,49978,2e70951d,600510393,49584,8
train,progan_train,airplane,0_real,airplane/0_real/05233.png,69915,3cf3039a,1327262149,69866,8
train,progan_train,airplane,0_real,airplane/0_real/05264.png,75906,c09a4fca,377856026,75830,8
train,progan_train,airplane,0_real,airplane/0_real/05531.png,32374,501edc31,1258436987,32234,8
train,progan_train,airplane,0_real,airplane/0_real/05592.png,39024,94e503e1,501424495,38959,8
train,progan_train,airplane,0_real,airplane/0_real/05848.png,91185,414a1489,730740661,91133,8
train,progan_train,airplane,0_real,airplane/0_real/06012.png,84276,4fcd0495,474858388,83953,8
train,progan_train,airplane,0_real,airplane/0_real/06057.png,100813,bec94b06,1098803344,100754,8
train,progan_train,airplane,0_real,airplane/0_real/06094.png,114715,a01d9254,94463525,114697,8
train,progan_train,airplane,0_real,airplane/0_real/06137.png,49581,bb8fbbc8,436797610,49448,8
train,progan_train,airplane,0_real,airplane/0_real/06346.png,40498,d78b83e9,160040747,40398,8
train,progan_train,airplane,0_real,airplane/0_real/06347.png,54364,76abfbe1,19954911,54371,8
train,progan_train,airplane,0_real,airplane/0_real/06418.png,59234,b0051dbd,849790945,59225,8
train,progan_train,airplane,0_real,airplane/0_real/06627.png,91227,534cb317,222364272,91147,8
train,progan_train,airplane,0_real,airplane/0_real/06917.png,81254,7db907be,953761876,81245,8
train,progan_train,airplane,0_real,airplane/0_real/06950.png,57998,0ad70991,818702138,58008,8
train,progan_train,airplane,0_real,airplane/0_real/07145.png,55012,ab9fd816,861721504,55004,8
train,progan_train,airplane,0_real,airplane/0_real/07799.png,92726,82df422b,1135960534,92706,8
train,progan_train,airplane,0_real,airplane/0_real/08288.png,82486,0613b684,321362701,82484,8
train,progan_train,airplane,0_real,airplane/0_real/08456.png,127209,5283bed1,975787769,126894,8
train,progan_train,airplane,0_real,airplane/0_real/08616.png,82189,4ef1476f,403952978,82068,8
train,progan_train,airplane,0_real,airplane/0_real/08651.png,112409,6dde36a5,1240996015,111588,8
train,progan_train,airplane,0_real,airplane/0_real/08717.png,44016,b791df43,1291925973,44007,8
train,progan_train,airplane,0_real,airplane/0_real/08906.png,86539,7bf307c1,1382296928,86554,8
train,progan_train,airplane,0_real,airplane/0_real/09058.png,112430,5bcdcd82,180862771,112305,8
train,progan_train,airplane,0_real,airplane/0_real/09169.png,74281,1dbe8f6a,978304933,74014,8
train,progan_train,airplane,0_real,airplane/0_real/09538.png,87557,f73fff72,851415319,86481,8
train,progan_train,airplane,0_real,airplane/0_real/09596.png,85795,1f1e155f,1267726641,85748,8
train,progan_train,airplane,0_real,airplane/0_real/09745.png,95703,3d82a305,12082617,95718,8
train,progan_train,airplane,0_real,airplane/0_real/10262.png,48078,a9c633a8,167286375,47928,8
train,progan_train,airplane,0_real,airplane/0_real/10687.png,72280,686d20a9,909014191,72295,8
train,progan_train,airplane,0_real,airplane/0_real/10824.png,43457,e4d10791,1358230426,43467,8
train,progan_train,airplane,0_real,airplane/0_real/11046.png,76892,40276e59,1340823724,76896,8
train,progan_train,airplane,0_real,airplane/0_real/11151.png,83363,516c3987,1079298305,83342,8
train,progan_train,airplane,0_real,airplane/0_real/11353.png,91467,0238cf02,624533195,91313,8
train,progan_train,airplane,0_real,airplane/0_real/11388.png,97430,4f871c18,684957529,97070,8
train,progan_train,airplane,0_real,airplane/0_real/11640.png,36807,c91ff1c4,307033006,36733,8
train,progan_train,airplane,0_real,airplane/0_real/11809.png,97749,3202e252,1366511166,97741,8
train,progan_train,airplane,0_real,airplane/0_real/11959.png,74098,f2c3bdbf,1292841303,74083,8
train,progan_train,airplane,0_real,airplane/0_real/12295.png,62753,f0c37918,537725260,62561,8
train,progan_train,airplane,0_real,airplane/0_real/12327.png,130978,7876f6c7,634331642,130429,8
train,progan_train,airplane,0_real,airplane/0_real/12450.png,74306,7db3f348,1002126474,73528,8
train,progan_train,airplane,0_real,airplane/0_real/13485.png,42886,08c527a9,188862586,42330,8
train,progan_train,airplane,0_real,airplane/0_real/13842.png,100175,5152b8b6,530407969,100074,8
train,progan_train,airplane,0_real,airplane/0_real/13849.png,86262,a5089346,705549186,86247,8
train,progan_train,airplane,0_real,airplane/0_real/14290.png,43045,e4cf53a9,1254016313,42721,8
train,progan_train,airplane,0_real,airplane/0_real/14473.png,108541,b015e10b,479430869,108488,8
train,progan_train,airplane,0_real,airplane/0_real/14646.png,72273,59ab7402,1237402895,72078,8
train,progan_train,airplane,0_real,airplane/0_real/15082.png,101502,511008b8,1231568303,101320,8
train,progan_train,airplane,0_real,airplane/0_real/15156.png,97637,6c51e7c3,931517625,97480,8
train,progan_train,airplane,0_real,airplane/0_real/15252.png,72979,fac7a779,67766285,72994,8
train,progan_train,airplane,0_real,airplane/0_real/15763.png,76219,61615b01,1325765797,76178,8
train,progan_train,airplane,0_real,airplane/0_real/16055.png,43322,780fd2e5,1310207276,42963,8
train,progan_train,airplane,0_real,airplane/0_real/16158.png,87305,70aaba2a,375989665,87242,8
train,progan_train,airplane,0_real,airplane/0_real/16298.png,130184,c9ef89ab,1000828639,129385,8
train,progan_train,airplane,0_real,airplane/0_real/17040.png,117323,30e4df07,1363293318,117297,8
train,progan_train,airplane,0_real,airplane/0_real/17726.png,60060,d38ecd4c,457716988,60027,8
train,progan_train,airplane,0_real,airplane/0_real/17747.png,39194,c521c218,490498377,39204,8
train,progan_train,airplane,0_real,airplane/0_real/18330.png,90725,c98d65ea,1201428559,90618,8
train,progan_train,airplane,0_real,airplane/0_real/18412.png,113598,abe6012a,1262792129,113177,8
train,progan_train,airplane,0_real,airplane/0_real/18775.png,37620,9283b476,286182527,37392,8
train,progan_train,airplane,0_real,airplane/0_real/19159.png,68065,cf47299e,603493134,67382,8
train,progan_train,airplane,0_real,airplane/0_real/19298.png,73877,99691179,103842498,73876,8
train,progan_train,airplane,0_real,airplane/0_real/19473.png,79367,9f25dfa4,597885737,79349,8
train,progan_train,airplane,0_real,airplane/0_real/19540.png,32418,69ca81a2,255680287,31764,8
train,progan_train,airplane,0_real,airplane/0_real/19658.png,80390,711a1dfd,490300896,79450,8
train,progan_train,airplane,1_fake,airplane/1_fake/00353.png,67887,862ea83e,2707471631,67902,8
train,progan_train,airplane,1_fake,airplane/1_fake/00613.png,95993,d39fe773,2730881714,95926,8
train,progan_train,airplane,1_fake,airplane/1_fake/00666.png,73395,f4b47ccd,1386730599,73410,8
train,progan_train,airplane,1_fake,airplane/1_fake/01088.png,59035,785a9030,1517826651,59022,8
train,progan_train,airplane,1_fake,airplane/1_fake/01104.png,113509,34b022dd,2201602287,113175,8
train,progan_train,airplane,1_fake,airplane/1_fake/01226.png,55787,eb6bd9e2,2378893823,55797,8
train,progan_train,airplane,1_fake,airplane/1_fake/01562.png,100973,21949aa3,2946328025,100969,8
train,progan_train,airplane,1_fake,airplane/1_fake/02059.png,64406,e996a098,2449426215,64416,8
train,progan_train,airplane,1_fake,airplane/1_fake/02286.png,85584,6bbf3029,2175797848,85290,8
train,progan_train,airplane,1_fake,airplane/1_fake/02434.png,44255,82a798f6,2934949550,44221,8
train,progan_train,airplane,1_fake,airplane/1_fake/02492.png,106745,c4ba2ec5,2763877478,106522,8
train,progan_train,airplane,1_fake,airplane/1_fake/02675.png,88715,f4a97d73,1971324061,88705,8
train,progan_train,airplane,1_fake,airplane/1_fake/02755.png,69965,ce4174d6,2045554098,69980,8
train,progan_train,airplane,1_fake,airplane/1_fake/02894.png,64500,1e7ee67b,2057835857,64510,8
train,progan_train,airplane,1_fake,airplane/1_fake/02910.png,81310,198037e1,2898229427,81247,8
train,progan_train,airplane,1_fake,airplane/1_fake/02977.png,116849,1f1c647a,2546393343,116623,8
train,progan_train,airplane,1_fake,airplane/1_fake/03026.png,93903,fc84aefe,2547730342,93810,8
train,progan_train,airplane,1_fake,airplane/1_fake/03399.png,101776,64a72ff0,2503747567,101463,8
train,progan_train,airplane,1_fake,airplane/1_fake/03587.png,54642,85eb36fc,1981065738,54652,8
train,progan_train,airplane,1_fake,airplane/1_fake/04238.png,113715,79085bea,2783000585,113638,8
train,progan_train,airplane,1_fake,airplane/1_fake/04507.png,78054,edaa96cd,2546315277,77983,8
train,progan_train,airplane,1_fake,airplane/1_fake/04729.png,49236,73bd1c06,2835172444,49246,8
train,progan_train,airplane,1_fake,airplane/1_fake/04786.png,60725,78f95f11,1493853111,60735,8
train,progan_train,airplane,1_fake,airplane/1_fake/04884.png,106475,4a3686be,2786178749,106132,8
train,progan_train,airplane,1_fake,airplane/1_fake/05030.png,115423,f0727259,2833259376,115250,8
train,progan_train,airplane,1_fake,airplane/1_fake/05041.png,69429,c2576966,2307621621,69349,8
train,progan_train,airplane,1_fake,airplane/1_fake/05067.png,101395,85d6c70c,2076313089,101072,8
train,progan_train,airplane,1_fake,airplane/1_fake/05075.png,81046,656811e7,2882056940,80893,8
train,progan_train,airplane,1_fake,airplane/1_fake/05315.png,57657,b4a1cb44,1436084710,57667,8
train,progan_train,airplane,1_fake,airplane/1_fake/05378.png,100236,b3cf1985,1957052611,100204,8
train,progan_train,airplane,1_fake,airplane/1_fake/05403.png,55491,e711af56,2391497075,55501,8
train,progan_train,airplane,1_fake,airplane/1_fake/05819.png,86042,e715be8e,2052475563,86055,8
train,progan_train,airplane,1_fake,airplane/1_fake/05876.png,100830,d0c3ffc3,1799138412,100631,8
train,progan_train,airplane,1_fake,airplane/1_fake/06262.png,103749,37b9fa8e,2586641680,103688,8
train,progan_train,airplane,1_fake,airplane/1_fake/06493.png,67458,b6ef5fef,1892568945,67440,8
train,progan_train,airplane,1_fake,airplane/1_fake/06822.png,113767,6710514a,2877099659,113302,8
train,progan_train,airplane,1_fake,airplane/1_fake/06932.png,69686,0e955d53,1498133621,69653,8
train,progan_train,airplane,1_fake,airplane/1_fake/07740.png,73446,3682bd42,2660756119,73451,8
train,progan_train,airplane,1_fake,airplane/1_fake/08078.png,103662,ff37a825,2863780295,103616,8
train,progan_train,airplane,1_fake,airplane/1_fake/08401.png,86807,bc80b809,1648561194,86807,8
train,progan_train,airplane,1_fake,airplane/1_fake/08720.png,75262,b8160d6a,1555646385,75224,8
train,progan_train,airplane,1_fake,airplane/1_fake/08964.png,63840,a6f02f29,2513073168,63850,8
train,progan_train,airplane,1_fake,airplane/1_fake/08984.png,92289,e58e60be,2439216518,92187,8
train,progan_train,airplane,1_fake,airplane/1_fake/09093.png,91579,61bc2fd5,2319666134,91439,8
train,progan_train,airplane,1_fake,airplane/1_fake/09305.png,86640,ef5a6e0c,2759105631,86641,8
train,progan_train,airplane,1_fake,airplane/1_fake/09716.png,73797,715de9a4,1423999272,73812,8
train,progan_train,airplane,1_fake,airplane/1_fake/09718.png,96529,a9212bc1,1863586038,96535,8
train,progan_train,airplane,1_fake,airplane/1_fake/09786.png,66986,213f3006,1466415683,67001,8
train,progan_train,airplane,1_fake,airplane/1_fake/09877.png,72831,338eb7e3,1407558536,72799,8
train,progan_train,airplane,1_fake,airplane/1_fake/09924.png,49816,fd220a7c,2184077409,49796,8
train,progan_train,airplane,1_fake,airplane/1_fake/09945.png,60190,fe78c264,1598579226,60200,8
train,progan_train,airplane,1_fake,airplane/1_fake/10239.png,102604,046074a6,2123497244,102615,8
train,progan_train,airplane,1_fake,airplane/1_fake/10354.png,51058,5833bfd0,1549620899,51045,8
train,progan_train,airplane,1_fake,airplane/1_fake/10781.png,112264,877f6d39,2538579447,111712,8
train,progan_train,airplane,1_fake,airplane/1_fake/10807.png,97886,6feaf82e,2733790832,97275,8
train,progan_train,airplane,1_fake,airplane/1_fake/10964.png,103142,76899aec,2745527620,103156,8
train,progan_train,airplane,1_fake,airplane/1_fake/10980.png,76880,08c065f9,2159503476,76895,8
train,progan_train,airplane,1_fake,airplane/1_fake/11296.png,107011,38526d55,2165955533,106885,8
train,progan_train,airplane,1_fake,airplane/1_fake/11628.png,90136,2f630dd2,2404803918,90106,8
train,progan_train,airplane,1_fake,airplane/1_fake/11730.png,92069,c7df6c92,2895930365,92058,8
train,progan_train,airplane,1_fake,airplane/1_fake/12564.png,119986,77caa573,2797934063,120006,8
train,progan_train,airplane,1_fake,airplane/1_fake/13029.png,46971,09cbc8a7,1766960616,46962,8
train,progan_train,airplane,1_fake,airplane/1_fake/13112.png,82879,65db5384,2357760384,82851,8
train,progan_train,airplane,1_fake,airplane/1_fake/13657.png,92487,a7832172,2717285420,92369,8
train,progan_train,airplane,1_fake,airplane/1_fake/13776.png,73988,09e591b8,2689897703,73962,8
train,progan_train,airplane,1_fake,airplane/1_fake/13806.png,34619,ff1ff587,2187686294,34625,8
train,progan_train,airplane,1_fake,airplane/1_fake/13957.png,53153,729601ea,1582587841,53155,8
train,progan_train,airplane,1_fake,airplane/1_fake/14479.png,105838,f370c67d,2041029943,105809,8
train,progan_train,airplane,1_fake,airplane/1_fake/14486.png,86170,c5caf28a,2410960144,86011,8
train,progan_train,airplane,1_fake,airplane/1_fake/14536.png,59432,e88de6bf,1943251954,59423,8
train,progan_train,airplane,1_fake,airplane/1_fake/14603.png,87988,7f744e2a,2245581734,88003,8
train,progan_train,airplane,1_fake,airplane/1_fake/14698.png,64987,6004073f,2305814600,64969,8
train,progan_train,airplane,1_fake,airplane/1_fake/14734.png,85510,08f6c8e1,1723524338,85525,8
train,progan_train,airplane,1_fake,airplane/1_fake/14772.png,73988,d1c277c6,2100789373,73852,8
train,progan_train,airplane,1_fake,airplane/1_fake/15108.png,157270,943d4ce9,2626637282,157264,8
train,progan_train,airplane,1_fake,airplane/1_fake/15820.png,65323,de2215b8,1542895571,65333,8
train,progan_train,airplane,1_fake,airplane/1_fake/15938.png,116378,3c92f5e5,2229276162,116200,8
train,progan_train,airplane,1_fake,airplane/1_fake/15957.png,85867,d90af66a,1387912677,85745,8
train,progan_train,airplane,1_fake,airplane/1_fake/16345.png,67910,d9e82bc7,2558604520,67925,8
train,progan_train,airplane,1_fake,airplane/1_fake/16368.png,73027,9152aa39,1628960644,73036,8
train,progan_train,airplane,1_fake,airplane/1_fake/16478.png,109979,7887e213,2920690147,109951,8
train,progan_train,airplane,1_fake,airplane/1_fake/16510.png,66040,28316580,1461462253,66000,8
train,progan_train,airplane,1_fake,airplane/1_fake/16843.png,56765,caee80b0,1778129204,56775,8
train,progan_train,airplane,1_fake,airplane/1_fake/16876.png,70630,8384b1ca,1635504316,70631,8
train,progan_train,airplane,1_fake,airplane/1_fake/16911.png,48421,3bf0c84e,1749905850,48381,8
train,progan_train,airplane,1_fake,airplane/1_fake/16946.png,75719,a20f4f96,1669905882,75707,8
train,progan_train,airplane,1_fake,airplane/1_fake/17212.png,83035,f792af29,2337182682,83006,8
train,progan_train,airplane,1_fake,airplane/1_fake/17374.png,78497,1d7371a3,1572803558,78489,8
train,progan_train,airplane,1_fake,airplane/1_fake/17757.png,110259,17be9e4d,2026001127,110014,8
train,progan_train,airplane,1_fake,airplane/1_fake/17987.png,71823,92f8a863,2669782523,71838,8
train,progan_train,airplane,1_fake,airplane/1_fake/18023.png,66619,43d429ec,2269012538,66634,8
train,progan_train,airplane,1_fake,airplane/1_fake/18115.png,118415,bc0589e4,1907627825,118008,8
train,progan_train,airplane,1_fake,airplane/1_fake/18143.png,111604,7fb7f0b6,2886342231,111624,8
train,progan_train,airplane,1_fake,airplane/1_fake/18225.png,116877,4ea73d96,2786864014,116297,8
train,progan_train,airplane,1_fake,airplane/1_fake/18309.png,84816,b3a8eb84,1844319146,84650,8
train,progan_train,airplane,1_fake,airplane/1_fake/19049.png,56877,9857514f,2246307243,56887,8
train,progan_train,airplane,1_fake,airplane/1_fake/19142.png,65282,00d91b0c,2882551260,65292,8
train,progan_train,airplane,1_fake,airplane/1_fake/19396.png,87964,230be069,2269372997,87882,8
train,progan_train,airplane,1_fake,airplane/1_fake/19698.png,131685,4f0b161c,2552190989,131690,8
train,progan_train,airplane,1_fake,airplane/1_fake/19896.png,69096,a99faaab,2170893637,69111,8
train,progan_train,bicycle,0_real,bicycle/0_real/00030.png,91124,791a683a,4437602319,90912,8
train,progan_train,bicycle,0_real,bicycle/0_real/00085.png,159240,a43dffc1,3682725239,158731,8
train,progan_train,bicycle,0_real,bicycle/0_real/00172.png,129257,135c4131,3528469954,129029,8
train,progan_train,bicycle,0_real,bicycle/0_real/00227.png,150036,16290a79,3589198542,150057,8
train,progan_train,bicycle,0_real,bicycle/0_real/01088.png,112918,5324960f,3132115174,112739,8
train,progan_train,bicycle,0_real,bicycle/0_real/01436.png,131623,a044bb94,4333945315,131627,8
train,progan_train,bicycle,0_real,bicycle/0_real/01534.png,124128,0f511726,4531360132,124082,8
train,progan_train,bicycle,0_real,bicycle/0_real/01592.png,97090,84380fdf,4482973043,96883,8
train,progan_train,bicycle,0_real,bicycle/0_real/01999.png,109189,f8be93b7,3702070862,109053,8
train,progan_train,bicycle,0_real,bicycle/0_real/02195.png,129455,ba3c668d,3543117652,129445,8
train,progan_train,bicycle,0_real,bicycle/0_real/02270.png,141984,3cd8cc62,4652807370,141474,8
train,progan_train,bicycle,0_real,bicycle/0_real/02436.png,137688,647c82be,3736537855,137567,8
train,progan_train,bicycle,0_real,bicycle/0_real/02642.png,152680,5d989035,3073394611,152455,8
train,progan_train,bicycle,0_real,bicycle/0_real/02681.png,145528,7350bcee,3618654835,145509,8
train,progan_train,bicycle,0_real,bicycle/0_real/02773.png,91632,14ec1345,3585206642,91615,8
train,progan_train,bicycle,0_real,bicycle/0_real/02959.png,144001,cb62d395,3805163627,143772,8
train,progan_train,bicycle,0_real,bicycle/0_real/03074.png,120654,f1586645,4855190767,120310,8
train,progan_train,bicycle,0_real,bicycle/0_real/03308.png,97940,2fb99213,4998131989,97861,8
train,progan_train,bicycle,0_real,bicycle/0_real/03346.png,141622,4d153f11,4518273423,141614,8
train,progan_train,bicycle,0_real,bicycle/0_real/03425.png,88899,57803c72,3291623582,88726,8
train,progan_train,bicycle,0_real,bicycle/0_real/03665.png,79784,41f2700d,4186004842,79799,8
train,progan_train,bicycle,0_real,bicycle/0_real/03725.png,114274,38dae74d,4808811342,114215,8
train,progan_train,bicycle,0_real,bicycle/0_real/04091.png,147632,df943774,3809744069,147014,8
train,progan_train,bicycle,0_real,bicycle/0_real/04158.png,143725,64cf27ec,4158232993,143410,8
train,progan_train,bicycle,0_real,bicycle/0_real/04212.png,106858,b945839f,4773242138,106642,8
train,progan_train,bicycle,0_real,bicycle/0_real/04496.png,128596,7dac0c56,3307861545,128473,8
train,progan_train,bicycle,0_real,bicycle/0_real/04824.png,92586,20b9a699,3184690578,92269,8
train,progan_train,bicycle,0_real,bicycle/0_real/04835.png,117295,6521ac53,4233249674,117196,8
train,progan_train,bicycle,0_real,bicycle/0_real/04880.png,156072,3f68e8c2,4175447565,155933,8
train,progan_train,bicycle,0_real,bicycle/0_real/05010.png,123755,a1f03d31,4886135827,123752,8
train,progan_train,bicycle,0_real,bicycle/0_real/05271.png,134630,b6884286,3089202941,134601,8
train,progan_train,bicycle,0_real,bicycle/0_real/05301.png,91175,cc5b31ba,3500073389,91116,8
train,progan_train,bicycle,0_real,bicycle/0_real/05526.png,99515,7e1f933f,3183215880,99346,8
train,progan_train,bicycle,0_real,bicycle/0_real/05678.png,67237,7ee434fa,4948408334,66436,8
train,progan_train,bicycle,0_real,bicycle/0_real/05907.png,76276,6d5ce9c8,3446644954,76239,8
train,progan_train,bicycle,0_real,bicycle/0_real/05945.png,70594,5c17348c,3601428620,70598,8
train,progan_train,bicycle,0_real,bicycle/0_real/06110.png,134893,8f110575,4320535620,134765,8
train,progan_train,bicycle,0_real,bicycle/0_real/06376.png,56435,01236c8e,4392672547,56413,8
train,progan_train,bicycle,0_real,bicycle/0_real/06627.png,135868,c75fcae2,3282574637,135839,8
train,progan_train,bicycle,0_real,bicycle/0_real/07016.png,126681,485403bc,3067796557,126687,8
train,progan_train,bicycle,0_real,bicycle/0_real/07065.png,149749,3eb56880,4729895401,149538,8
train,progan_train,bicycle,0_real,bicycle/0_real/07067.png,145334,fe366e9b,3532029127,145104,8
train,progan_train,bicycle,0_real,bicycle/0_real/07208.png,164792,1b3e58a6,3143804129,164822,8
train,progan_train,bicycle,0_real,bicycle/0_real/07343.png,140166,9942228e,4033540377,139988,8
train,progan_train,bicycle,0_real,bicycle/0_real/07393.png,101073,c4a69bad,3420239925,100923,8
train,progan_train,bicycle,0_real,bicycle/0_real/07436.png,162956,1392114c,2966991130,162629,8
train,progan_train,bicycle,0_real,bicycle/0_real/07529.png,78827,2e164b4b,3703789800,78661,8
train,progan_train,bicycle,0_real,bicycle/0_real/07700.png,156143,559b45d0,4231298077,155946,8
train,progan_train,bicycle,0_real,bicycle/0_real/07999.png,106135,84a8907d,4879664576,105798,8
train,progan_train,bicycle,0_real,bicycle/0_real/08128.png,143713,b58de44b,4021905056,143640,8
train,progan_train,bicycle,0_real,bicycle/0_real/09379.png,111022,716fd45a,3747777765,111003,8
train,progan_train,bicycle,0_real,bicycle/0_real/09462.png,115249,df9c7384,4708466396,115004,8
train,progan_train,bicycle,0_real,bicycle/0_real/09596.png,106178,17850bc1,4841524293,106195,8
train,progan_train,bicycle,0_real,bicycle/0_real/09824.png,161614,d7da594c,4211665229,161400,8
train,progan_train,bicycle,0_real,bicycle/0_real/09866.png,112475,b334bb61,3025439399,112428,8
train,progan_train,bicycle,0_real,bicycle/0_real/10013.png,152358,a9a7dca0,3591303050,152201,8
train,progan_train,bicycle,0_real,bicycle/0_real/10283.png,53007,8c7c510c,4687014715,52441,8
train,progan_train,bicycle,0_real,bicycle/0_real/10529.png,82542,4b198542,4111632293,82475,8
train,progan_train,bicycle,0_real,bicycle/0_real/10824.png,94335,5ff72e47,4975800744,94065,8
train,progan_train,bicycle,0_real,bicycle/0_real/10877.png,130900,9292c2a8,3116184632,130688,8
train,progan_train,bicycle,0_real,bicycle/0_real/11050.png,71436,59e3c849,3331135901,71367,8
train,progan_train,bicycle,0_real,bicycle/0_real/11370.png,113488,113b28d7,3637296487,113508,8
train,progan_train,bicycle,0_real,bicycle/0_real/11711.png,122071,39575296,3710184862,122091,8
train,progan_train,bicycle,0_real,bicycle/0_real/11835.png,137652,d5381d79,4972548107,137496,8
train,progan_train,bicycle,0_real,bicycle/0_real/11850.png,129070,1aed2b6a,4346078932,129052,8
train,progan_train,bicycle,0_real,bicycle/0_real/11896.png,156736,3f5afd3c,3272953790,156740,8
train,progan_train,bicycle,0_real,bicycle/0_real/12021.png,145220,01b01c8a,4432623647,145040,8
train,progan_train,bicycle,0_real,bicycle/0_real/12375.png,146164,d7b6c580,4924287109,146101,8
train,progan_train,bicycle,0_real,bicycle/0_real/12516.png,150056,e4b332d6,3007325802,150070,8
train,progan_train,bicycle,0_real,bicycle/0_real/13660.png,123572,55fd2b84,3667898186,123512,8
train,progan_train,bicycle,0_real,bicycle/0_real/13824.png,118363,0f2cd1e1,3760649574,118329,8
train,progan_train,bicycle,0_real,bicycle/0_real/14009.png,139089,040f8c02,4374248761,138259,8
train,progan_train,bicycle,0_real,bicycle/0_real/14192.png,89705,ab607cce,3670385380,89645,8
train,progan_train,bicycle,0_real,bicycle/0_real/14486.png,120295,4545e9d5,4295500605,120315,8
train,progan_train,bicycle,0_real,bicycle/0_real/14713.png,109593,ee7a7d0e,4189560728,109610,8
train,progan_train,bicycle,0_real,bicycle/0_real/14805.png,127073,693c390e,3637738787,126931,8
train,progan_train,bicycle,0_real,bicycle/0_real/14935.png,126579,d9b3d7e6,4793149078,126566,8
train,progan_train,bicycle,0_real,bicycle/0_real/15172.png,118535,935fa148,3213678425,117554,8
train,progan_train,bicycle,0_real,bicycle/0_real/15253.png,68426,d2635a8b,3414942821,67782,8
train,progan_train,bicycle,0_real,bicycle/0_real/15496.png,103783,0cf4acb5,4185901168,103592,8
train,progan_train,bicycle,0_real,bicycle/0_real/15543.png,119428,66aef625,4165437766,118473,8
train,progan_train,bicycle,0_real,bicycle/0_real/15566.png,126130,80c4839d,4952609404,126001,8
train,progan_train,bicycle,0_real,bicycle/0_real/15792.png,79528,26c842c5,3099234582,79340,8
train,progan_train,bicycle,0_real,bicycle/0_real/15957.png,121399,5e16b9db,2962295609,121201,8
train,progan_train,bicycle,0_real,bicycle/0_real/15962.png,113633,4de27d2e,4987099051,113288,8
train,progan_train,bicycle,0_real,bicycle/0_real/15975.png,67410,dd797c14,3158742914,67005,8
train,progan_train,bicycle,0_real,bicycle/0_real/16199.png,95161,440c234a,4159526178,95176,8
train,progan_train,bicycle,0_real,bicycle/0_real/16456.png,103371,265f17cf,3177227758,103391,8
train,progan_train,bicycle,0_real,bicycle/0_real/16470.png,177174,ae92317a,3749618569,177132,8
train,progan_train,bicycle,0_real,bicycle/0_real/16761.png,110893,2f090047,4503311754,110677,8
train,progan_train,bicycle,0_real,bicycle/0_real/16843.png,72850,2996e731,3468972081,72179,8
train,progan_train,bicycle,0_real,bicycle/0_real/17501.png,131859,053749ed,3731933918,131709,8
train,progan_train,bicycle,0_real,bicycle/0_real/17741.png,146283,5127fd63,3018038400,146272,8
train,progan_train,bicycle,0_real,bicycle/0_real/18025.png,76256,b47a375b,4064108739,75769,8
train,progan_train,bicycle,0_real,bicycle/0_real/18183.png,111351,5bba8661,3301153053,111161,8
train,progan_train,bicycle,0_real,bicycle/0_real/18843.png,125306,4c541741,3509993028,125000,8
train,progan_train,bicycle,0_real,bicycle/0_real/19286.png,140584,db5789cb,4915880516,140323,8
train,progan_train,bicycle,0_real,bicycle/0_real/19490.png,140107,82a909c9,4452860563,140053,8
train,progan_train,bicycle,0_real,bicycle/0_real/19592.png,129884,1b9a0195,4434375069,129874,8
train,progan_train,bicycle,0_real,bicycle/0_real/19661.png,75730,9d44616a,3249602033,75548,8
train,progan_train,bicycle,1_fake,bicycle/1_fake/00371.png,97131,1260fa43,6815642245,97025,8
train,progan_train,bicycle,1_fake,bicycle/1_fake/00571.png,126182,2a11e48e,6972769273,126202,8
train,progan_train,bicycle,1_fake,bicycle/1_fake/00827.png,123626,ef5e3bbb,6403896576,123552,8
train,progan_train,bicycle,1_fake,bicycle/1_fake/01099.png,146360,6dbb49d9,6568081302,146252,8
train,progan_train,bicycle,1_fake,bicycle/1_fake/01691.png,102028,dd2a6d3d,6408543542,102048,8
train,progan_train,bicycle,1_fake,bicycle/1_fake/01860.png,102001,e96a3312,6600405216,102021,8
train,progan_train,bicycle,1_fake,bicycle/1_fake/01902.png,153455,379d9469,5072265009,153373,8
train,progan_train,bicycle,1_fake,bicycle/1_fake/02235.png,129582,128a2fdb,6868172797,129421,8
train,progan_train,bicycle,1_fake,bicycle/1_fake/02312.png,123882,f91ee0cb,6869541375,123893,8
train,progan_train,bicycle,1_fake,bicycle/1_fake/02474.png,103337,93cc6953,5624525485,103172,8
train,progan_train,bicycle,1_fake,bicycle/1_fake/02722.png,135408,6d023bc2,6658402457,135292,8
train,progan_train,bicycle,1_fake,bicycle/1_fake/03170.png,101672,588b80b0,6558134475,101455,8
train,progan_train,bicycle,1_fake,bicycle/1_fake/03638.png,137928,b46fe0ee,6124507635,137846,8
train,progan_train,bicycle,1_fake,bicycle/1_fake/03906.png,107639,2c657574,5056913840,107537,8
train,progan_train,bicycle,1_fake,bicycle/1_fake/04000.png,105455,8ee01337,6978630884,105337,8
train,progan_train,bicycle,1_fake,bicycle/1_fake/04098.png,113184,2a7cad45,5672111575,113204,8
train,progan_train,bicycle,1_fake,bicycle/1_fake/04283.png,72275,67a83413,5305552322,72097,8
train,progan_train,bicycle,1_fake,bicycle/1_fake/04374.png,153739,89ea8de3,6832444016,153500,8
train,progan_train,bicycle,1_fake,bicycle/1_fake/04383.png,111982,efe858da,5620290331,112002,8
train,progan_train,bicycle,1_fake,bicycle/1_fake/04716.png,152817,7766b604,5966882709,152280,8
train,progan_train,bicycle,1_fake,bicycle/1_fake/05179.png,92535,3c9a7324,5259610105,92459,8
train,progan_train,bicycle,1_fake,bicycle/1_fake/05265.png,87851,b8e51529,7122918618,87847,8
train,progan_train,bicycle,1_fake,bicycle/1_fake/05285.png,164568,ebd665bf,5627213543,164589,8
train,progan_train,bicycle,1_fake,bicycle/1_fake/05468.png,153143,0d9c0a6f,5261742803,153151,8
train,progan_train,bicycle,1_fake,bicycle/1_fake/05655.png,113339,5af3ed68,5604244876,113359,8
train,progan_train,bicycle,1_fake,bicycle/1_fake/05777.png,120565,5532b980,6201226926,120407,8
train,progan_train,bicycle,1_fake,bicycle/1_fake/05785.png,135628,4f3d89d9,6406418148,135130,8
train,progan_train,bicycle,1_fake,bicycle/1_fake/06635.png,83800,75e4ef3e,5607049213,83704,8
train,progan_train,bicycle,1_fake,bicycle/1_fake/06793.png,156738,cdab79b6,6152848450,156496,8
train,progan_train,bicycle,1_fake,bicycle/1_fake/07037.png,86764,41929c49,5120362521,86588,8
train,progan_train,bicycle,1_fake,bicycle/1_fake/07115.png,119700,6c57d34a,6226621503,119599,8
train,progan_train,bicycle,1_fake,bicycle/1_fake/07135.png,118859,26454a73,6633970073,118799,8
train,progan_train,bicycle,1_fake,bicycle/1_fake/07509.png,134836,9efb0271,5867484108,134733,8
train,progan_train,bicycle,1_fake,bicycle/1_fake/07726.png,99677,bf7bd534,6593505350,99669,8
train,progan_train,bicycle,1_fake,bicycle/1_fake/07806.png,95304,1f971777,6118689249,95319,8
train,progan_train,bicycle,1_fake,bicycle/1_fake/07905.png,156875,0ad229f5,7095574582,156862,8
train,progan_train,bicycle,1_fake,bicycle/1_fake/07928.png,106908,c4716def,5452714567,106789,8
train,progan_train,bicycle,1_fake,bicycle/1_fake/07966.png,114958,d5f39369,5900321950,114879,8
train,progan_train,bicycle,1_fake,bicycle/1_fake/07976.png,137575,35be8e5f,6616052205,137566,8
train,progan_train,bicycle,1_fake,bicycle/1_fake/08012.png,90996,b584d590,6743583818,91011,8
train,progan_train,bicycle,1_fake,bicycle/1_fake/08155.png,109472,15c9c7d6,6079431818,109492,8
train,progan_train,bicycle,1_fake,bicycle/1_fake/08361.png,125707,316be122,6426866558,125711,8
train,progan_train,bicycle,1_fake,bicycle/1_fake/08382.png,150145,9488675f,6630373601,150170,8
train,progan_train,bicycle,1_fake,bicycle/1_fake/08703.png,96984,77c896f6,5536560383,96542,8
train,progan_train,bicycle,1_fake,bicycle/1_fake/08823.png,81787,8a6f9549,6702670163,81636,8
train,progan_train,bicycle,1_fake,bicycle/1_fake/08937.png,156500,a606cb1f,6364857768,156478,8
train,progan_train,bicycle,1_fake,bicycle/1_fake/09201.png,135827,2c26f495,5170202426,135518,8
train,progan_train,bicycle,1_fake,bicycle/1_fake/09370.png,82184,db297412,6602627416,82199,8
train,progan_train,bicycle,1_fake,bicycle/1_fake/09512.png,68214,c39ca687,7049342720,68196,8
train,progan_train,bicycle,1_fake,bicycle/1_fake/09669.png,104185,0344ec9c,6162421570,103960,8
train,progan_train,bicycle,1_fake,bicycle/1_fake/09780.png,106628,a6e9189f,5205357580,106312,8
train,progan_train,bicycle,1_fake,bicycle/1_fake/10476.png,122441,87866edf,5628613535,122358,8
train,progan_train,bicycle,1_fake,bicycle/1_fake/10750.png,132983,f7a64ac6,5793671560,132270,8
train,progan_train,bicycle,1_fake,bicycle/1_fake/10846.png,157716,be009922,5054740298,157662,8
train,progan_train,bicycle,1_fake,bicycle/1_fake/11039.png,136201,8ec90000,6184423812,135766,8
train,progan_train,bicycle,1_fake,bicycle/1_fake/11062.png,124585,a1e9d77d,6188990621,124553,8
train,progan_train,bicycle,1_fake,bicycle/1_fake/11452.png,157113,9273bb73,6848208593,157000,8
train,progan_train,bicycle,1_fake,bicycle/1_fake/11549.png,120165,2773974a,5265110309,120185,8
train,progan_train,bicycle,1_fake,bicycle/1_fake/11893.png,105960,6417dc38,5369847423,105980,8
train,progan_train,bicycle,1_fake,bicycle/1_fake/11894.png,122969,c6eb3079,5389213309,122488,8
train,progan_train,bicycle,1_fake,bicycle/1_fake/11899.png,140685,58ae92db,6712755568,140692,8
train,progan_train,bicycle,1_fake,bicycle/1_fake/12038.png,103347,7d8a6b36,5367549100,103215,8
train,progan_train,bicycle,1_fake,bicycle/1_fake/12348.png,122472,1d3d7a4d,5078875996,122160,8
train,progan_train,bicycle,1_fake,bicycle/1_fake/12670.png,144530,bf352048,5407571934,144291,8
train,progan_train,bicycle,1_fake,bicycle/1_fake/13370.png,135397,571155e2,6911866969,135126,8
train,progan_train,bicycle,1_fake,bicycle/1_fake/13460.png,76950,55596ead,6366830367,76884,8
train,progan_train,bicycle,1_fake,bicycle/1_fake/13661.png,67731,d85c0329,5780213169,67723,8
train,progan_train,bicycle,1_fake,bicycle/1_fake/13784.png,126574,a90735cb,6138951581,126507,8
train,progan_train,bicycle,1_fake,bicycle/1_fake/13908.png,74209,0ad5fa5b,6643923635,74153,8
train,progan_train,bicycle,1_fake,bicycle/1_fake/14230.png,140282,4f404178,5550612145,139776,8
train,progan_train,bicycle,1_fake,bicycle/1_fake/14287.png,84806,f3a62918,6621680533,84821,8
train,progan_train,bicycle,1_fake,bicycle/1_fake/14378.png,129300,68ef33d2,5081053171,129281,8
train,progan_train,bicycle,1_fake,bicycle/1_fake/14698.png,103650,41c86200,6270051376,103522,8
train,progan_train,bicycle,1_fake,bicycle/1_fake/14937.png,73794,819c49cd,5453423463,73653,8
train,progan_train,bicycle,1_fake,bicycle/1_fake/15101.png,108097,e35e6ab2,6080596838,108117,8
train,progan_train,bicycle,1_fake,bicycle/1_fake/15119.png,137405,08a25e9a,7162260427,137190,8
train,progan_train,bicycle,1_fake,bicycle/1_fake/15176.png,119516,ce1cec5c,6791500365,119475,8
train,progan_train,bicycle,1_fake,bicycle/1_fake/15661.png,144973,c804d3da,6287635704,144792,8
train,progan_train,bicycle,1_fake,bicycle/1_fake/15706.png,99274,ff88e439,6825589074,99001,8
train,progan_train,bicycle,1_fake,bicycle/1_fake/15874.png,123583,90f580fc,5388898587,123375,8
train,progan_train,bicycle,1_fake,bicycle/1_fake/16585.png,154257,72a252f4,6312770265,154078,8
train,progan_train,bicycle,1_fake,bicycle/1_fake/16658.png,132743,7d0c4c8e,6216503342,132340,8
train,progan_train,bicycle,1_fake,bicycle/1_fake/16684.png,132543,052d094b,6709895150,132568,8
train,progan_train,bicycle,1_fake,bicycle/1_fake/16718.png,120195,d97888f0,6605710246,119671,8
train,progan_train,bicycle,1_fake,bicycle/1_fake/16984.png,92012,77615f69,6555597579,91651,8
train,progan_train,bicycle,1_fake,bicycle/1_fake/17336.png,97902,c03a5f21,5755618264,97917,8
train,progan_train,bicycle,1_fake,bicycle/1_fake/17430.png,133655,1e32f02f,5101436331,133488,8
train,progan_train,bicycle,1_fake,bicycle/1_fake/17438.png,127486,daec7fab,6628318343,127447,8
train,progan_train,bicycle,1_fake,bicycle/1_fake/17905.png,139029,5b2f8b10,5303212262,138977,8
train,progan_train,bicycle,1_fake,bicycle/1_fake/17908.png,129113,15edd022,7046116645,129120,8
train,progan_train,bicycle,1_fake,bicycle/1_fake/18272.png,131582,eb4c4e5b,6674113001,131554,8
train,progan_train,bicycle,1_fake,bicycle/1_fake/18372.png,98847,5628ef4f,7104391643,98779,8
train,progan_train,bicycle,1_fake,bicycle/1_fake/18794.png,104263,12024035,6895440523,103797,8
train,progan_train,bicycle,1_fake,bicycle/1_fake/19017.png,152471,56d17442,6965913660,152320,8
train,progan_train,bicycle,1_fake,bicycle/1_fake/19052.png,99271,f1118c5b,6775227115,99188,8
train,progan_train,bicycle,1_fake,bicycle/1_fake/19326.png,143963,e5ff8e01,6776924069,143716,8
train,progan_train,bicycle,1_fake,bicycle/1_fake/19385.png,59226,71280ef1,5155403112,59001,8
train,progan_train,bicycle,1_fake,bicycle/1_fake/19430.png,95483,ef082e8a,7038564905,95469,8
train,progan_train,bicycle,1_fake,bicycle/1_fake/19446.png,102054,0381725f,6107618996,101706,8
train,progan_train,bicycle,1_fake,bicycle/1_fake/19561.png,107618,d3eac798,6023059122,107107,8
train,progan_train,bird,0_real,bird/0_real/00527.png,110159,42ca8cf0,7862115265,110179,8
train,progan_train,bird,0_real,bird/0_real/00636.png,77380,7ff893bc,8612705748,77306,8
train,progan_train,bird,0_real,bird/0_real/00667.png,114754,58720b2f,7298815478,114255,8
train,progan_train,bird,0_real,bird/0_real/00797.png,70856,c910b97f,8567125465,70534,8
train,progan_train,bird,0_real,bird/0_real/00837.png,57953,1dbf109b,7226700307,57920,8
train,progan_train,bird,0_real,bird/0_real/00985.png,94018,db2afa3a,8147294273,94033,8
train,progan_train,bird,0_real,bird/0_real/01011.png,125038,a8da1730,8175052168,124986,8
train,progan_train,bird,0_real,bird/0_real/01016.png,134448,00d8d73d,7289802531,134261,8
train,progan_train,bird,0_real,bird/0_real/01192.png,89905,02f56cce,8551978462,89911,8
train,progan_train,bird,0_real,bird/0_real/01729.png,127775,93e8baf2,8272272369,127731,8
train,progan_train,bird,0_real,bird/0_real/02434.png,53030,b12be61d,8954697776,53006,8
train,progan_train,bird,0_real,bird/0_real/02469.png,99236,45f4995e,8243304920,98968,8
train,progan_train,bird,0_real,bird/0_real/03967.png,118149,14d714b8,7788078767,118069,8
train,progan_train,bird,0_real,bird/0_real/04050.png,123081,e4c50945,7855097653,123087,8
train,progan_train,bird,0_real,bird/0_real/04260.png,65610,dbb83bc4,7738455618,65620,8
train,progan_train,bird,0_real,bird/0_real/04358.png,115930,021a1b8d,7922612780,115576,8
train,progan_train,bird,0_real,bird/0_real/04381.png,99074,fd947f7a,8313406111,99094,8
train,progan_train,bird,0_real,bird/0_real/04677.png,103718,f7c25858,7508531546,103738,8
train,progan_train,bird,0_real,bird/0_real/05003.png,72858,83fb8e02,8132916105,72663,8
train,progan_train,bird,0_real,bird/0_real/05465.png,76146,d400e634,7943242519,75680,8
train,progan_train,bird,0_real,bird/0_real/05645.png,125602,65cae264,7356833682,125502,8
train,progan_train,bird,0_real,bird/0_real/05843.png,140721,c07107f2,8873971862,140721,8
train,progan_train,bird,0_real,bird/0_real/05962.png,121819,1e828ca2,7944356934,121750,8
train,progan_train,bird,0_real,bird/0_real/06379.png,100464,3a2db93d,8666346947,100413,8
train,progan_train,bird,0_real,bird/0_real/06484.png,159977,7eb3eeaa,7925758558,160002,8
train,progan_train,bird,0_real,bird/0_real/06763.png,127516,daee2a5f,8676436852,127302,8
train,progan_train,bird,0_real,bird/0_real/06936.png,28295,37509574,8554046602,28272,8
train,progan_train,bird,0_real,bird/0_real/07238.png,63258,f927ee95,8494201338,63264,8
train,progan_train,bird,0_real,bird/0_real/07477.png,86380,afdf9cdb,8278565228,86334,8
train,progan_train,bird,0_real,bird/0_real/07808.png,111481,5c8f4d04,8828920950,111004,8
train,progan_train,bird,0_real,bird/0_real/08242.png,110543,b0e2e65f,7616320349,110563,8
train,progan_train,bird,0_real,bird/0_real/08702.png,110015,721ec2b3,7236795982,109816,8
train,progan_train,bird,0_real,bird/0_real/08909.png,137630,5ddb68e0,7278344588,137608,8
train,progan_train,bird,0_real,bird/0_real/08970.png,102048,905d622d,8020248172,102040,8
train,progan_train,bird,0_real,bird/0_real/09267.png,88518,ed2b89e3,7383211750,88525,8
train,progan_train,bird,0_real,bird/0_real/09268.png,94189,f331defb,8065742631,94166,8
train,progan_train,bird,0_real,bird/0_real/09286.png,69882,d964682b,7389633273,69897,8
train,progan_train,bird,0_real,bird/0_real/09387.png,43531,69dadce9,7176184788,43541,8
train,progan_train,bird,0_real,bird/0_real/09936.png,33107,aef786d2,7228686721,33028,8
train,progan_train,bird,0_real,bird/0_real/10019.png,75416,6619ae6d,8359766629,75431,8
train,progan_train,bird,0_real,bird/0_real/10167.png,125239,c5d575d3,7898359265,125227,8
train,progan_train,bird,0_real,bird/0_real/10220.png,87231,4cb562e2,8933217196,87107,8
train,progan_train,bird,0_real,bird/0_real/10617.png,124070,048de1bd,8528327067,124079,8
train,progan_train,bird,0_real,bird/0_real/10752.png,108883,0dd6a0cb,8434076743,108828,8
train,progan_train,bird,0_real,bird/0_real/10824.png,102397,897853fe,8946550369,102209,8
train,progan_train,bird,0_real,bird/0_real/11215.png,119357,0071bd39,7253418979,119025,8
train,progan_train,bird,0_real,bird/0_real/11340.png,65147,a804308f,8032207629,65157,8
train,progan_train,bird,0_real,bird/0_real/11500.png,89953,3d5db84a,8109115900,89900,8
train,progan_train,bird,0_real,bird/0_real/11742.png,128756,19cd0c01,7947837957,128717,8
train,progan_train,bird,0_real,bird/0_real/11949.png,120304,49461abe,7465262910,120239,8
train,progan_train,bird,0_real,bird/0_real/12227.png,161999,e0f27037,8098599677,161879,8
train,progan_train,bird,0_real,bird/0_real/12543.png,44987,d8251182,7775145368,44983,8
train,progan_train,bird,0_real,bird/0_real/12853.png,132222,37350b87,7632155272,132064,8
train,progan_train,bird,0_real,bird/0_real/12923.png,129835,4ff19ab8,8544999874,129832,8
train,progan_train,bird,0_real,bird/0_real/12968.png,86480,f26c673f,7716478033,86396,8
train,progan_train,bird,0_real,bird/0_real/13189.png,63146,40936106,8374971676,63156,8
train,progan_train,bird,0_real,bird/0_real/13248.png,90803,d87e5a81,8471705174,90818,8
train,progan_train,bird,0_real,bird/0_real/13496.png,38670,4a5997e4,7576310108,38672,8
train,progan_train,bird,0_real,bird/0_real/13695.png,143414,b7a0e97e,8907669840,143439,8
train,progan_train,bird,0_real,bird/0_real/13748.png,118245,f4ce44c4,8936281105,118183,8
train,progan_train,bird,0_real,bird/0_real/13840.png,107980,1336a090,7811728422,108000,8
train,progan_train,bird,0_real,bird/0_real/13862.png,112262,8b6afe7c,7996932871,112161,8
train,progan_train,bird,0_real,bird/0_real/13983.png,162458,61d4b978,8418448677,162483,8
train,progan_train,bird,0_real,bird/0_real/14125.png,105333,b2a21dc3,7408037140,105322,8
train,progan_train,bird,0_real,bird/0_real/14187.png,100787,d7f36b17,7383461893,100517,8
train,progan_train,bird,0_real,bird/0_real/14719.png,92635,f7a448e1,8817298086,92391,8
train,progan_train,bird,0_real,bird/0_real/14751.png,111861,4a87b447,8826465248,111605,8
train,progan_train,bird,0_real,bird/0_real/14966.png,103415,4a971875,8861470742,102924,8
train,progan_train,bird,0_real,bird/0_real/15040.png,135499,9088fcc8,8382012751,134640,8
train,progan_train,bird,0_real,bird/0_real/15052.png,75098,7fd351ed,8395303676,75072,8
train,progan_train,bird,0_real,bird/0_real/15117.png,39330,65046f32,8284085307,39340,8
train,progan_train,bird,0_real,bird/0_real/15234.png,63042,79ae2570,8787017307,62888,8
train,progan_train,bird,0_real,bird/0_real/15634.png,47290,4777d42c,7915623480,47128,8
train,progan_train,bird,0_real,bird/0_real/16183.png,112517,0964ca29,8141703857,112392,8
train,progan_train,bird,0_real,bird/0_real/16369.png,90017,499bc7b0,7546835812,89967,8
train,progan_train,bird,0_real,bird/0_real/16387.png,75116,b71bfd47,8081804690,74808,8
train,progan_train,bird,0_real,bird/0_real/16532.png,107326,58d11c6a,8168670428,107139,8
train,progan_train,bird,0_real,bird/0_real/16598.png,121818,829c9ec3,8140939066,121533,8
train,progan_train,bird,0_real,bird/0_real/16703.png,82032,df4a776c,8416721258,82047,8
train,progan_train,bird,0_real,bird/0_real/16831.png,98130,187d86eb,8759295381,97920,8
train,progan_train,bird,0_real,bird/0_real/16993.png,93012,b2c22dcd,8704953409,92990,8
train,progan_train,bird,0_real,bird/0_real/17136.png,124523,fe339835,7344727993,124328,8
train,progan_train,bird,0_real,bird/0_real/17200.png,47984,97e0a7ac,8443146960,47887,8
train,progan_train,bird,0_real,bird/0_real/17326.png,147206,10a01857,7271139022,147087,8
train,progan_train,bird,0_real,bird/0_real/17340.png,126727,2e3b16ac,8203278187,126695,8
train,progan_train,bird,0_real,bird/0_real/17778.png,88289,c6e478d7,7876952919,88284,8
train,progan_train,bird,0_real,bird/0_real/17821.png,111221,b333eec9,7993663887,111147,8
train,progan_train,bird,0_real,bird/0_real/17913.png,123731,7d331088,8945983707,123230,8
train,progan_train,bird,0_real,bird/0_real/18003.png,15803,051400b5,8406351323,15260,8
train,progan_train,bird,0_real,bird/0_real/18673.png,53433,80ccae97,7446832963,53409,8
train,progan_train,bird,0_real,bird/0_real/18684.png,50526,a57e8b6c,7833260260,50501,8
train,progan_train,bird,0_real,bird/0_real/18796.png,117021,2b927322,8393429868,116800,8
train,progan_train,bird,0_real,bird/0_real/18855.png,106542,edce12a6,8012654598,106506,8
train,progan_train,bird,0_real,bird/0_real/18980.png,134759,38e95c1d,7851685537,134614,8
train,progan_train,bird,0_real,bird/0_real/19016.png,160598,70068caa,8693365334,160623,8
train,progan_train,bird,0_real,bird/0_real/19077.png,135262,e8b75c93,8654773177,134572,8
train,progan_train,bird,0_real,bird/0_real/19214.png,101341,a305a962,7923297851,101270,8
train,progan_train,bird,0_real,bird/0_real/19743.png,106698,4e09d991,8078307869,106570,8
train,progan_train,bird,0_real,bird/0_real/19950.png,121360,4c6fc368,8722862249,121281,8
train,progan_train,bird,0_real,bird/0_real/19965.png,103723,26f25137,7672056560,103743,8
train,progan_train,bird,1_fake,bird/1_fake/00108.png,84509,83463953,10394947118,84421,8
train,progan_train,bird,1_fake,bird/1_fake/00250.png,124689,9a6a6afe,10504077410,124634,8
train,progan_train,bird,1_fake,bird/1_fake/00792.png,87339,c7701af9,10529594464,87207,8
train,progan_train,bird,1_fake,bird/1_fake/00874.png,103181,9875a5fc,10646895231,103158,8
train,progan_train,bird,1_fake,bird/1_fake/01503.png,113688,4b3aca85,9038444499,113663,8
train,progan_train,bird,1_fake,bird/1_fake/01554.png,128814,6afe5087,9574554100,128786,8
train,progan_train,bird,1_fake,bird/1_fake/01632.png,128800,a3b669bf,9646355796,128325,8
train,progan_train,bird,1_fake,bird/1_fake/02134.png,95922,91091ee0,10134798813,95745,8
train,progan_train,bird,1_fake,bird/1_fake/02315.png,159338,33ba5828,10834449691,159253,8
train,progan_train,bird,1_fake,bird/1_fake/02328.png,109225,8a111a0a,10174725355,109245,8
train,progan_train,bird,1_fake,bird/1_fake/02378.png,145817,a34b0128,10071166981,145599,8
train,progan_train,bird,1_fake,bird/1_fake/02461.png,84381,4ed51728,10558177521,84396,8
train,progan_train,bird,1_fake,bird/1_fake/02577.png,146026,325d14a3,9058466643,145645,8
train,progan_train,bird,1_fake,bird/1_fake/02935.png,151455,0daf75e0,9388463127,151415,8
train,progan_train,bird,1_fake,bird/1_fake/03013.png,81547,67fafe77,9414228806,81556,8
train,progan_train,bird,1_fake,bird/1_fake/03154.png,139240,33417fe1,10340941414,139122,8
train,progan_train,bird,1_fake,bird/1_fake/03345.png,86180,f859ff4e,9203239861,86195,8
train,progan_train,bird,1_fake,bird/1_fake/03660.png,98189,0a754735,10791564341,98204,8
train,progan_train,bird,1_fake,bird/1_fake/03823.png,72504,10d0cf45,10042655302,72519,8
train,progan_train,bird,1_fake,bird/1_fake/03925.png,121878,de5b6c52,9096669517,121815,8
train,progan_train,bird,1_fake,bird/1_fake/04291.png,101252,8b8b5d00,10623522705,101272,8
train,progan_train,bird,1_fake,bird/1_fake/04301.png,116717,ccbe601b,9704999925,116479,8
train,progan_train,bird,1_fake,bird/1_fake/05609.png,77957,ca75ed3a,10128923129,77972,8
train,progan_train,bird,1_fake,bird/1_fake/05744.png,105711,2db53286,9467811498,105731,8
train,progan_train,bird,1_fake,bird/1_fake/05822.png,69167,caf95e15,10344858264,69182,8
train,progan_train,bird,1_fake,bird/1_fake/05923.png,63647,8d9daf18,9953434566,63657,8
train,progan_train,bird,1_fake,bird/1_fake/06171.png,126657,df6c7cbb,10666843450,126467,8
train,progan_train,bird,1_fake,bird/1_fake/06355.png,39192,ddb3324c,9020952160,39177,8
train,progan_train,bird,1_fake,bird/1_fake/06549.png,105508,ba85d57f,10369070750,105429,8
train,progan_train,bird,1_fake,bird/1_fake/06867.png,101586,ca4e75ac,9102183781,101606,8
train,progan_train,bird,1_fake,bird/1_fake/07131.png,126504,39a065dc,10289061846,126083,8
train,progan_train,bird,1_fake,bird/1_fake/07255.png,124003,e7b4d13f,9733428985,123990,8
train,progan_train,bird,1_fake,bird/1_fake/07272.png,124810,df8c5fae,10482065756,124425,8
train,progan_train,bird,1_fake,bird/1_fake/07538.png,150218,6032f00c,9605580067,150171,8
train,progan_train,bird,1_fake,bird/1_fake/07610.png,67528,a5e40548,10282920871,67543,8
train,progan_train,bird,1_fake,bird/1_fake/07622.png,108873,7abc59b9,10604507167,108798,8
train,progan_train,bird,1_fake,bird/1_fake/07627.png,104561,28d6522f,10404334944,104581,8
train,progan_train,bird,1_fake,bird/1_fake/08261.png,93307,f537c976,10097229657,93289,8
train,progan_train,bird,1_fake,bird/1_fake/08509.png,109046,cac930ff,10186311264,109066,8
train,progan_train,bird,1_fake,bird/1_fake/08660.png,104090,e3d3c2d7,9667038598,103997,8
train,progan_train,bird,1_fake,bird/1_fake/09019.png,126934,c44a9df8,10283724505,126639,8
train,progan_train,bird,1_fake,bird/1_fake/09033.png,110637,7942d87d,9542292955,110608,8
train,progan_train,bird,1_fake,bird/1_fake/09879.png,90425,9f9ceac4,9727686748,90440,8
train,progan_train,bird,1_fake,bird/1_fake/09894.png,94814,a2922348,10093928846,94809,8
train,progan_train,bird,1_fake,bird/1_fake/09907.png,86116,6da3439b,9761135944,85995,8
train,progan_train,bird,1_fake,bird/1_fake/09912.png,103984,ca032411,10346679156,103969,8
train,progan_train,bird,1_fake,bird/1_fake/09959.png,102421,e4c4ee50,8995500651,102441,8
train,progan_train,bird,1_fake,bird/1_fake/09981.png,102370,3b79964d,9873954390,102353,8
train,progan_train,bird,1_fake,bird/1_fake/10015.png,100483,d1751dea,9694826547,100503,8
train,progan_train,bird,1_fake,bird/1_fake/10161.png,131996,6abadf61,9716331992,132014,8
train,progan_train,bird,1_fake,bird/1_fake/10232.png,114184,259d694b,10448817925,114074,8
train,progan_train,bird,1_fake,bird/1_fake/10392.png,53058,818a9523,9710990631,53068,8
train,progan_train,bird,1_fake,bird/1_fake/10610.png,88078,00cad33a,9331625466,88087,8
train,progan_train,bird,1_fake,bird/1_fake/10787.png,111090,6a56f218,10412242813,110826,8
train,progan_train,bird,1_fake,bird/1_fake/10809.png,122017,c263696a,10685005243,121489,8
train,progan_train,bird,1_fake,bird/1_fake/11138.png,141344,7ba6453d,9898870990,141175,8
train,progan_train,bird,1_fake,bird/1_fake/11152.png,82080,6ef0a270,9133878838,82095,8
train,progan_train,bird,1_fake,bird/1_fake/11277.png,100529,cfb8e2e1,9982799172,100526,8
train,progan_train,bird,1_fake,bird/1_fake/11925.png,56689,925b3506,9783897554,56699,8
train,progan_train,bird,1_fake,bird/1_fake/11977.png,84559,6d2c4568,9666510424,84574,8
train,progan_train,bird,1_fake,bird/1_fake/12043.png,111825,5acd7d58,9614487602,111836,8
train,progan_train,bird,1_fake,bird/1_fake/12119.png,117734,0f3b654f,10706672429,117577,8
train,progan_train,bird,1_fake,bird/1_fake/12124.png,151479,67aac82e,10628373721,151268,8
train,progan_train,bird,1_fake,bird/1_fake/12259.png,65123,9464888a,9119709217,65123,8
train,progan_train,bird,1_fake,bird/1_fake/12377.png,88067,9050fb42,9245877145,87927,8
train,progan_train,bird,1_fake,bird/1_fake/12605.png,87468,d73768f9,9388897528,87406,8
train,progan_train,bird,1_fake,bird/1_fake/12697.png,82319,bc043bef,10073095335,82334,8
train,progan_train,bird,1_fake,bird/1_fake/12844.png,145597,fec70ef4,10262647177,145541,8
train,progan_train,bird,1_fake,bird/1_fake/13092.png,134999,1ea9106d,10670672333,134983,8
train,progan_train,bird,1_fake,bird/1_fake/13257.png,82703,cdb038e5,9423463318,82718,8
train,progan_train,bird,1_fake,bird/1_fake/13305.png,165961,092be8fb,10821086869,165991,8
train,progan_train,bird,1_fake,bird/1_fake/13375.png,43880,0fd859fd,10636736117,43890,8
train,progan_train,bird,1_fake,bird/1_fake/13411.png,124922,3b5b7e90,10602340112,124895,8
train,progan_train,bird,1_fake,bird/1_fake/13630.png,165971,dc19967d,10068263813,165947,8
train,progan_train,bird,1_fake,bird/1_fake/13881.png,95296,48dbedfb,9812575513,95264,8
train,progan_train,bird,1_fake,bird/1_fake/14107.png,89512,8e477f30,9092039440,89433,8
train,progan_train,bird,1_fake,bird/1_fake/14191.png,124316,8dcfc014,10800744016,124273,8
train,progan_train,bird,1_fake,bird/1_fake/14231.png,84873,4e28b489,9786427740,84888,8
train,progan_train,bird,1_fake,bird/1_fake/14310.png,156162,7e830632,10114239965,156187,8
train,progan_train,bird,1_fake,bird/1_fake/14778.png,100383,72eb9d36,9140844130,100282,8
train,progan_train,bird,1_fake,bird/1_fake/14956.png,86107,b23b0e1b,9801687880,85967,8
train,progan_train,bird,1_fake,bird/1_fake/14983.png,69882,e78d8078,10450497427,69897,8
train,progan_train,bird,1_fake,bird/1_fake/15082.png,141665,3481baf0,10681354688,141612,8
train,progan_train,bird,1_fake,bird/1_fake/15111.png,146640,87968056,10366099403,146326,8
train,progan_train,bird,1_fake,bird/1_fake/15489.png,127734,3606048c,10731236725,127514,8
train,progan_train,bird,1_fake,bird/1_fake/15634.png,137558,db7eb1f0,9767271521,137545,8
train,progan_train,bird,1_fake,bird/1_fake/15742.png,61352,1178b904,10149766432,61362,8
train,progan_train,bird,1_fake,bird/1_fake/15855.png,137189,efaf2d8f,9496505699,137210,8
train,progan_train,bird,1_fake,bird/1_fake/16887.png,85407,98d2cfd2,10030871337,85422,8
train,progan_train,bird,1_fake,bird/1_fake/17096.png,86463,ca779eb9,10388487214,86441,8
train,progan_train,bird,1_fake,bird/1_fake/17140.png,153090,3ac322cd,10717961444,153003,8
train,progan_train,bird,1_fake,bird/1_fake/17698.png,110268,9eb41c98,9068562827,110254,8
train,progan_train,bird,1_fake,bird/1_fake/17796.png,118610,770e03de,9285911027,118622,8
train,progan_train,bird,1_fake,bird/1_fake/18150.png,113137,b7aeab09,9344594413,113049,8
train,progan_train,bird,1_fake,bird/1_fake/18522.png,101242,63ff4e86,9584236699,101242,8
train,progan_train,bird,1_fake,bird/1_fake/18893.png,93534,0ae821ff,10263386960,93549,8
train,progan_train,bird,1_fake,bird/1_fake/19065.png,116078,a5fc4cbd,9609092928,115990,8
train,progan_train,bird,1_fake,bird/1_fake/19097.png,87284,a1737b49,9944095195,87299,8
train,progan_train,bird,1_fake,bird/1_fake/19622.png,100792,a1382abd,10092186125,100651,8
train,progan_train,bird,1_fake,bird/1_fake/19881.png,100767,0360a207,10181243338,100652,8
train,progan_train,boat,0_real,boat/0_real/00147.png,101185,1a429cd2,11917364695,101097,8
train,progan_train,boat,0_real,boat/0_real/00373.png,107647,0b58b56b,11471942776,107514,8
train,progan_train,boat,0_real,boat/0_real/00412.png,112611,6e289b1b,10897677619,112537,8
train,progan_train,boat,0_real,boat/0_real/00505.png,104210,27e9a19b,11789452245,104121,8
train,progan_train,boat,0_real,boat/0_real/00597.png,53916,9f913f0d,11556871019,53691,8
train,progan_train,boat,0_real,boat/0_real/00930.png,102510,71cf1e1f,10949618566,101845,8
train,progan_train,boat,0_real,boat/0_real/01168.png,72496,96051fdb,11070602096,71571,8
train,progan_train,boat,0_real,boat/0_real/01242.png,114755,10f554b5,11042282796,114430,8
train,progan_train,boat,0_real,boat/0_real/01262.png,93339,360c43bb,11888691767,93176,8
train,progan_train,boat,0_real,boat/0_real/01667.png,62587,32754208,11078090412,62587,8
train,progan_train,boat,0_real,boat/0_real/01959.png,70917,b0bb8a9b,11499739330,70900,8
train,progan_train,boat,0_real,boat/0_real/02111.png,113001,5d32f80f,10932485702,112946,8
train,progan_train,boat,0_real,boat/0_real/02133.png,84578,ccdfcd18,12006383552,84549,8
train,progan_train,boat,0_real,boat/0_real/02573.png,116257,95ac9ad9,12706529605,116119,8
train,progan_train,boat,0_real,boat/0_real/02590.png,89142,139001ce,12065686386,89137,8
train,progan_train,boat,0_real,boat/0_real/02808.png,91945,c2a19c74,12436988113,91853,8
train,progan_train,boat,0_real,boat/0_real/02941.png,82109,fbe29916,11816164411,82093,8
train,progan_train,boat,0_real,boat/0_real/03248.png,67525,02c4aaf0,12294506847,67540,8
train,progan_train,boat,0_real,boat/0_real/03297.png,91474,48e02f7d,11995557709,91489,8
train,progan_train,boat,0_real,boat/0_real/03500.png,88520,1a66480b,12413964631,88465,8
train,progan_train,boat,0_real,boat/0_real/03697.png,105626,63454786,11494353985,105445,8
train,progan_train,boat,0_real,boat/0_real/03756.png,101418,8d219cc6,11774661717,101288,8
train,progan_train,boat,0_real,boat/0_real/04273.png,103582,5b10c8e7,12504459881,103506,8
train,progan_train,boat,0_real,boat/0_real/04923.png,91173,f1e8d34f,11230184962,91175,8
train,progan_train,boat,0_real,boat/0_real/04985.png,91797,5e21a5aa,11038099024,91696,8
train,progan_train,boat,0_real,boat/0_real/05413.png,134615,d133698c,11216238586,134284,8
train,progan_train,boat,0_real,boat/0_real/05459.png,74774,ccca55ca,11740226139,74525,8
train,progan_train,boat,0_real,boat/0_real/05498.png,128311,352e5842,12531933674,128110,8
train,progan_train,boat,0_real,boat/0_real/05978.png,103162,65ab2b47,12628099061,102996,8
train,progan_train,boat,0_real,boat/0_real/06299.png,120613,b6cceafd,11563710562,120154,8
train,progan_train,boat,0_real,boat/0_real/06446.png,167449,6c4d4e45,11172241446,167176,8
train,progan_train,boat,0_real,boat/0_real/06577.png,97334,5a0c30d7,11124429653,97214,8
train,progan_train,boat,0_real,boat/0_real/06737.png,89719,36dc91f8,12063209521,89668,8
train,progan_train,boat,0_real,boat/0_real/06758.png,82934,db7c8ed9,12052116985,82472,8
train,progan_train,boat,0_real,boat/0_real/06861.png,134454,a7897436,11760129603,133919,8
train,progan_train,boat,0_real,boat/0_real/06983.png,114666,b9a8852f,11509318098,114659,8
train,progan_train,boat,0_real,boat/0_real/07142.png,82411,45158a6d,11637733555,82182,8
train,progan_train,boat,0_real,boat/0_real/07321.png,117729,b8a6d797,12587568832,117368,8
train,progan_train,boat,0_real,boat/0_real/07476.png,135883,113e19a4,11467757576,135312,8
train,progan_train,boat,0_real,boat/0_real/07479.png,104538,c8cbf704,11213834419,104403,8
train,progan_train,boat,0_real,boat/0_real/07658.png,99212,d41b1163,11286034073,99182,8
train,progan_train,boat,0_real,boat/0_real/07743.png,75087,b140f139,12279986424,75096,8
train,progan_train,boat,0_real,boat/0_real/08029.png,135236,7e5d4de1,12646858368,134200,8
train,progan_train,boat,0_real,boat/0_real/08034.png,102324,c484c053,11955446591,102260,8
train,progan_train,boat,0_real,boat/0_real/08121.png,139256,62d3ed7c,11349278317,139271,8
train,progan_train,boat,0_real,boat/0_real/08232.png,100365,8bd7fcea,11764895818,100372,8
train,progan_train,boat,0_real,boat/0_real/08304.png,115833,842a81e9,12347838575,115701,8
train,progan_train,boat,0_real,boat/0_real/08329.png,85672,56971dde,12435423083,85523,8
train,progan_train,boat,0_real,boat/0_real/08659.png,137812,16b21262,12496943435,137105,8
train,progan_train,boat,0_real,boat/0_real/08796.png,94964,52da11fc,11048298146,94682,8
train,progan_train,boat,0_real,boat/0_real/08820.png,119572,6839047f,11501136280,119407,8
train,progan_train,boat,0_real,boat/0_real/08850.png,75753,e58dbdf1,10897013695,75682,8
train,progan_train,boat,0_real,boat/0_real/08858.png,132988,b23db5c8,12639727920,132605,8
train,progan_train,boat,0_real,boat/0_real/09408.png,65376,5541ceeb,11709501143,65386,8
train,progan_train,boat,0_real,boat/0_real/09536.png,88201,26c9ff7f,11512770734,88086,8
train,progan_train,boat,0_real,boat/0_real/09881.png,109959,7c074b20,10964333040,109797,8
train,progan_train,boat,0_real,boat/0_real/09892.png,81478,fbeb7861,11279615037,81337,8
train,progan_train,boat,0_real,boat/0_real/10372.png,113274,5bebae1e,11986485902,113108,8
train,progan_train,boat,0_real,boat/0_real/11014.png,43721,63af8239,11577772962,43512,8
train,progan_train,boat,0_real,boat/0_real/11093.png,91900,0736c2e5,11656588588,91821,8
train,progan_train,boat,0_real,boat/0_real/11180.png,162769,f2b566d1,11162105552,161916,8
train,progan_train,boat,0_real,boat/0_real/11397.png,116342,33e32ad1,12669879029,115352,8
train,progan_train,boat,0_real,boat/0_real/11435.png,87184,417a8f9e,11732121198,87114,8
train,progan_train,boat,0_real,boat/0_real/11673.png,81933,4ed872f0,11372027091,81703,8
train,progan_train,boat,0_real,boat/0_real/11775.png,95598,6bc205a9,10953576923,95554,8
train,progan_train,boat,0_real,boat/0_real/11847.png,57745,f2cb4a73,11990237637,57627,8
train,progan_train,boat,0_real,boat/0_real/12223.png,113798,4e07375b,11639819785,113818,8
train,progan_train,boat,0_real,boat/0_real/12273.png,101034,3ea3ecf3,12077028465,100996,8
train,progan_train,boat,0_real,boat/0_real/12339.png,104332,03faae0c,11259362349,103840,8
train,progan_train,boat,0_real,boat/0_real/12443.png,74957,f8cb0254,11307425539,74904,8
train,progan_train,boat,0_real,boat/0_real/12732.png,116857,4dd24ac9,11190958153,116692,8
train,progan_train,boat,0_real,boat/0_real/12794.png,117836,a2eab9c9,11681253848,117753,8
train,progan_train,boat,0_real,boat/0_real/13334.png,51260,9698fdf5,11567012773,51173,8
train,progan_train,boat,0_real,boat/0_real/13451.png,131878,a0658e15,12696833154,131794,8
train,progan_train,boat,0_real,boat/0_real/13505.png,68919,c217c273,12089703306,68930,8
train,progan_train,boat,0_real,boat/0_real/13881.png,89945,eef5d51d,11684400528,89871,8
train,progan_train,boat,0_real,boat/0_real/13997.png,62074,77babe61,11894216671,61999,8
train,progan_train,boat,0_real,boat/0_real/14223.png,168204,b2a607aa,12018542077,168118,8
train,progan_train,boat,0_real,boat/0_real/14867.png,123767,22ef5fa2,11574086580,123693,8
train,progan_train,boat,0_real,boat/0_real/14896.png,122524,93ca2834,12527496594,121890,8
train,progan_train,boat,0_real,boat/0_real/15659.png,77050,5ba8cbbd,12334769266,77005,8
train,progan_train,boat,0_real,boat/0_real/16223.png,57817,c751429a,12542970689,57821,8
train,progan_train,boat,0_real,boat/0_real/16326.png,81872,73fc088c,11382992492,81607,8
train,progan_train,boat,0_real,boat/0_real/16583.png,117097,97bf2996,12664804648,116615,8
train,progan_train,boat,0_real,boat/0_real/16597.png,97030,b669d6ae,12126353613,97002,8
train,progan_train,boat,0_real,boat/0_real/16974.png,103624,abc9d5bc,12631690718,103638,8
train,progan_train,boat,0_real,boat/0_real/17414.png,135191,019bb5ec,12243031363,134773,8
train,progan_train,boat,0_real,boat/0_real/17435.png,140518,cd328e1c,11149104910,140543,8
train,progan_train,boat,0_real,boat/0_real/17730.png,127025,d1c5b777,12162157008,126716,8
train,progan_train,boat,0_real,boat/0_real/17836.png,111779,2c219882,11221488536,111797,8
train,progan_train,boat,0_real,boat/0_real/18012.png,96717,304254f1,11507588709,96581,8
train,progan_train,boat,0_real,boat/0_real/18034.png,89527,42826875,11131869292,89514,8
train,progan_train,boat,0_real,boat/0_real/18248.png,119846,072b08fa,11310561033,119668,8
train,progan_train,boat,0_real,boat/0_real/18402.png,120808,d7e56689,11818653483,120626,8
train,progan_train,boat,0_real,boat/0_real/19193.png,135381,35c3fbc4,11158241245,134776,8
train,progan_train,boat,0_real,boat/0_real/19484.png,106994,8e57c9f5,12404749779,106728,8
train,progan_train,boat,0_real,boat/0_real/19660.png,106549,d65fce7f,11806410256,106569,8
train,progan_train,boat,0_real,boat/0_real/19725.png,75814,71453b1e,12295707947,75447,8
train,progan_train,boat,0_real,boat/0_real/19979.png,102282,0a5d774d,10992904327,101809,8
train,progan_train,boat,0_real,boat/0_real/19989.png,122990,0431f3b8,11747013716,122789,8
train,progan_train,boat,1_fake,boat/1_fake/00255.png,97263,0dd7f0b6,13786615906,97069,8
train,progan_train,boat,1_fake,boat/1_fake/00330.png,95453,e2aa7061,14520453370,95437,8
train,progan_train,boat,1_fake,boat/1_fake/00351.png,151688,3795234a,13819635097,151701,8
train,progan_train,boat,1_fake,boat/1_fake/00376.png,103261,9f87543e,12822797426,103270,8
train,progan_train,boat,1_fake,boat/1_fake/00665.png,102203,abbaa822,12840395065,102012,8
train,progan_train,boat,1_fake,boat/1_fake/01188.png,139280,982cb98c,14410918404,138778,8
train,progan_train,boat,1_fake,boat/1_fake/01203.png,65114,36f44581,12764433931,65068,8
train,progan_train,boat,1_fake,boat/1_fake/02350.png,106731,ae949d8b,14352086789,106614,8
train,progan_train,boat,1_fake,boat/1_fake/03307.png,105124,f2265d88,14079898243,104983,8
train,progan_train,boat,1_fake,boat/1_fake/03741.png,111435,5faff752,13592355139,111400,8
train,progan_train,boat,1_fake,boat/1_fake/03744.png,117925,abf14004,13752155072,117551,8
train,progan_train,boat,1_fake,boat/1_fake/03907.png,81885,37a60c4a,14587579801,81896,8
train,progan_train,boat,1_fake,boat/1_fake/04210.png,96776,ae1f8abf,14590132526,96736,8
train,progan_train,boat,1_fake,boat/1_fake/04392.png,92358,449aed1b,13062749778,92175,8
train,progan_train,boat,1_fake,boat/1_fake/04459.png,124290,912da1d7,12714148516,124146,8
train,progan_train,boat,1_fake,boat/1_fake/04465.png,84743,abea0e4a,13054800564,84733,8
train,progan_train,boat,1_fake,boat/1_fake/04737.png,116797,4dec96e4,13811555732,116596,8
train,progan_train,boat,1_fake,boat/1_fake/04879.png,112030,8c735462,13402538318,111701,8
train,progan_train,boat,1_fake,boat/1_fake/04971.png,102679,50fa924c,14617149201,102594,8
train,progan_train,boat,1_fake,boat/1_fake/04984.png,103990,1ca4ca74,13849344216,103975,8
train,progan_train,boat,1_fake,boat/1_fake/05062.png,121719,48a3e191,14303004024,121604,8
train,progan_train,boat,1_fake,boat/1_fake/05077.png,98517,a8bae2b4,14004344681,98404,8
train,progan_train,boat,1_fake,boat/1_fake/05130.png,123003,fda07acd,13408003857,122953,8
train,progan_train,boat,1_fake,boat/1_fake/05213.png,125889,0f1cfbf5,14411057261,125775,8
train,progan_train,boat,1_fake,boat/1_fake/05400.png,88781,fb6d5175,14565273883,88712,8
train,progan_train,boat,1_fake,boat/1_fake/05458.png,109063,dae5c839,14200797770,108201,8
train,progan_train,boat,1_fake,boat/1_fake/06027.png,121523,367f8637,13938453295,121246,8
train,progan_train,boat,1_fake,boat/1_fake/06680.png,115789,203cd0da,14392434006,115331,8
train,progan_train,boat,1_fake,boat/1_fake/06848.png,100627,f463547c,12994819300,100563,8
train,progan_train,boat,1_fake,boat/1_fake/06857.png,53820,2b58be25,14613855152,53815,8
train,progan_train,boat,1_fake,boat/1_fake/07274.png,91734,57732db5,14439038724,91673,8
train,progan_train,boat,1_fake,boat/1_fake/07753.png,104728,7143b5b8,13356664211,104571,8
train,progan_train,boat,1_fake,boat/1_fake/07977.png,82086,f7309454,12973135535,81982,8
train,progan_train,boat,1_fake,boat/1_fake/08084.png,136546,f6cb1f3a,13374761472,136394,8
train,progan_train,boat,1_fake,boat/1_fake/08096.png,126822,bfb4cff7,13309256907,126810,8
train,progan_train,boat,1_fake,boat/1_fake/08299.png,115742,22f902a7,14565892464,115730,8
train,progan_train,boat,1_fake,boat/1_fake/08312.png,105809,1233fabe,13848997870,105774,8
train,progan_train,boat,1_fake,boat/1_fake/08746.png,106490,3ca5dca7,13369391662,106510,8
train,progan_train,boat,1_fake,boat/1_fake/08779.png,81579,d0dd2c70,13020357302,81594,8
train,progan_train,boat,1_fake,boat/1_fake/09025.png,118297,ed0b5739,14426967842,118129,8
train,progan_train,boat,1_fake,boat/1_fake/09124.png,136894,e3fa0e67,13267540894,136807,8
train,progan_train,boat,1_fake,boat/1_fake/09349.png,120526,c7bd93ae,13053057940,120385,8
train,progan_train,boat,1_fake,boat/1_fake/09415.png,113498,b0804ab5,14266710796,113343,8
train,progan_train,boat,1_fake,boat/1_fake/09679.png,104829,a9eaa9ed,13954983059,104843,8
train,progan_train,boat,1_fake,boat/1_fake/09686.png,109722,56c5d17c,13536085054,109680,8
train,progan_train,boat,1_fake,boat/1_fake/09758.png,147586,cb05151f,14105173000,147541,8
train,progan_train,boat,1_fake,boat/1_fake/09914.png,118085,f84a1332,12848553693,117889,8
train,progan_train,boat,1_fake,boat/1_fake/10009.png,103669,99ec9408,14256276687,103537,8
train,progan_train,boat,1_fake,boat/1_fake/10122.png,134283,06ac2bbd,13135884557,133396,8
train,progan_train,boat,1_fake,boat/1_fake/10161.png,155420,115d2792,13457391626,155407,8
train,progan_train,boat,1_fake,boat/1_fake/10466.png,106331,6f7c3557,12756059592,106101,8
train,progan_train,boat,1_fake,boat/1_fake/10619.png,92864,f78fed27,13900119005,92798,8
train,progan_train,boat,1_fake,boat/1_fake/10633.png,90428,b9e19142,14476806719,90251,8
train,progan_train,boat,1_fake,boat/1_fake/10841.png,103990,c2c62749,14052299410,104005,8
train,progan_train,boat,1_fake,boat/1_fake/10872.png,90003,3f96aada,12786197256,89985,8
train,progan_train,boat,1_fake,boat/1_fake/10884.png,110625,96f0d4e0,14361940218,110516,8
train,progan_train,boat,1_fake,boat/1_fake/11346.png,93401,41e28edd,14529956627,93380,8
train,progan_train,boat,1_fake,boat/1_fake/11507.png,72702,7f1bc602,13519365422,72706,8
train,progan_train,boat,1_fake,boat/1_fake/12208.png,108680,0fb56989,14292597932,108397,8
train,progan_train,boat,1_fake,boat/1_fake/12447.png,97478,16980bb8,14433061939,97420,8
train,progan_train,boat,1_fake,boat/1_fake/12543.png,103814,fcd92eb3,13357679288,103708,8
train,progan_train,boat,1_fake,boat/1_fake/12795.png,104707,33d7b57b,14639473046,104704,8
train,progan_train,boat,1_fake,boat/1_fake/13000.png,79340,fd9d6a33,13235462196,79338,8
train,progan_train,boat,1_fake,boat/1_fake/13985.png,133140,6fee2451,14380818294,133058,8
train,progan_train,boat,1_fake,boat/1_fake/14018.png,106349,8010d0fc,12915279061,106299,8
train,progan_train,boat,1_fake,boat/1_fake/14614.png,145482,7fee3a67,14076759986,144956,8
train,progan_train,boat,1_fake,boat/1_fake/14647.png,126949,91919310,12879360127,126933,8
train,progan_train,boat,1_fake,boat/1_fake/14774.png,86292,d4d6cd61,13588467517,86241,8
train,progan_train,boat,1_fake,boat/1_fake/14854.png,133572,f82059f2,13317570545,133264,8
train,progan_train,boat,1_fake,boat/1_fake/15196.png,98779,20645314,14284473270,98656,8
train,progan_train,boat,1_fake,boat/1_fake/15215.png,92348,80b376e7,13666144705,92323,8
train,progan_train,boat,1_fake,boat/1_fake/15726.png,116849,0afb5601,13665253623,116666,8
train,progan_train,boat,1_fake,boat/1_fake/15813.png,101893,a7c26c0f,13790868307,101730,8
train,progan_train,boat,1_fake,boat/1_fake/15914.png,87273,39ecdead,12867670435,87142,8
train,progan_train,boat,1_fake,boat/1_fake/16091.png,106066,212d5513,13356295971,105784,8
train,progan_train,boat,1_fake,boat/1_fake/16098.png,123262,eb1fe947,14045299092,123222,8
train,progan_train,boat,1_fake,boat/1_fake/16301.png,95556,b02bc3b1,13047873931,95484,8
train,progan_train,boat,1_fake,boat/1_fake/16306.png,95718,3affda7b,13587593124,95502,8
train,progan_train,boat,1_fake,boat/1_fake/16333.png,115909,05305d4a,12989880661,115695,8
train,progan_train,boat,1_fake,boat/1_fake/16338.png,93369,31f94ceb,14375096976,93227,8
train,progan_train,boat,1_fake,boat/1_fake/16389.png,63435,b305e74a,14131995487,63445,8
train,progan_train,boat,1_fake,boat/1_fake/16458.png,161023,f943d725,12797264039,161048,8
train,progan_train,boat,1_fake,boat/1_fake/16766.png,103141,67c99a5d,12872970230,102940,8
train,progan_train,boat,1_fake,boat/1_fake/16798.png,151275,ff694041,14570332341,151250,8
train,progan_train,boat,1_fake,boat/1_fake/17436.png,124548,e56f0275,14487530236,124273,8
train,progan_train,boat,1_fake,boat/1_fake/17543.png,105202,8552b6ef,13003961674,105191,8
train,progan_train,boat,1_fake,boat/1_fake/17615.png,103199,b7b999e7,13604387049,103144,8
train,progan_train,boat,1_fake,boat/1_fake/17654.png,125374,705e67d6,14635418250,125167,8
train,progan_train,boat,1_fake,boat/1_fake/17724.png,100219,0f8c5359,13712867261,100200,8
train,progan_train,boat,1_fake,boat/1_fake/18227.png,85568,f73d911f,14038951584,85517,8
train,progan_train,boat,1_fake,boat/1_fake/18262.png,152996,2d14fbec,14333862872,152760,8
train,progan_train,boat,1_fake,boat/1_fake/18463.png,103788,afa71a3d,14599424617,103745,8
train,progan_train,boat,1_fake,boat/1_fake/18556.png,98002,4391268d,12788622637,97864,8
train,progan_train,boat,1_fake,boat/1_fake/18557.png,101270,754e35e0,14493930768,101263,8
train,progan_train,boat,1_fake,boat/1_fake/18779.png,106595,835d9b05,13380763725,106541,8
train,progan_train,boat,1_fake,boat/1_fake/19027.png,144283,4cce90b3,13015117487,144188,8
train,progan_train,boat,1_fake,boat/1_fake/19306.png,108189,b1de204d,13298542318,108152,8
train,progan_train,boat,1_fake,boat/1_fake/19357.png,134261,392143ab,13645877091,134225,8
train,progan_train,boat,1_fake,boat/1_fake/19380.png,124595,cd40a733,14093582819,124430,8
train,progan_train,boat,1_fake,boat/1_fake/19492.png,131538,7d4f616f,14548021002,131538,8
train,progan_train,bottle,0_real,bottle/0_real/00363.png,26736,7f6404d2,15527006831,26608,8
train,progan_train,bottle,0_real,bottle/0_real/00671.png,38047,ea1e09a4,14915922920,37968,8
train,progan_train,bottle,0_real,bottle/0_real/00835.png,67888,f9330e95,15055882242,67888,8
train,progan_train,bottle,0_real,bottle/0_real/00930.png,54875,cef7a41f,14697992830,54731,8
train,progan_train,bottle,0_real,bottle/0_real/00962.png,34158,71a650f4,15665150314,34143,8
train,progan_train,bottle,0_real,bottle/0_real/01216.png,135415,5af68b78,14890081599,135400,8
train,progan_train,bottle,0_real,bottle/0_real/01433.png,62737,18170430,14682955986,62737,8
train,progan_train,bottle,0_real,bottle/0_real/01448.png,25423,d839c9b0,15119441443,25235,8
train,progan_train,bottle,0_real,bottle/0_real/01449.png,106015,f25119bc,15309971965,106026,8
train,progan_train,bottle,0_real,bottle/0_real/01606.png,77283,65193857,15676813923,77160,8
train,progan_train,bottle,0_real,bottle/0_real/01731.png,64184,6da9da6a,14791368855,64177,8
train,progan_train,bottle,0_real,bottle/0_real/01913.png,47768,bc065b99,15345716807,47387,8
train,progan_train,bottle,0_real,bottle/0_real/02417.png,149623,77c69619,14998285501,149643,8
train,progan_train,bottle,0_real,bottle/0_real/02451.png,60461,d961a967,15621822807,60415,8
train,progan_train,bottle,0_real,bottle/0_real/02518.png,40264,f135ba6d,15410615795,40112,8
train,progan_train,bottle,0_real,bottle/0_real/02606.png,88577,dcb6fce9,15007667187,88571,8
train,progan_train,bottle,0_real,bottle/0_real/03052.png,53389,24e5b274,15686652912,53349,8
train,progan_train,bottle,0_real,bottle/0_real/03220.png,105603,ce3e621a,14971164063,105604,8
train,progan_train,bottle,0_real,bottle/0_real/03270.png,83213,fc584652,14693038576,83204,8
train,progan_train,bottle,0_real,bottle/0_real/03578.png,55774,a865f171,15341569666,55765,8
train,progan_train,bottle,0_real,bottle/0_real/03618.png,82653,b890aa7c,15744564658,82573,8
train,progan_train,bottle,0_real,bottle/0_real/03656.png,124639,e9352cc2,14682405956,124589,8
train,progan_train,bottle,0_real,bottle/0_real/03882.png,45555,369b993e,16016719395,45355,8
train,progan_train,bottle,0_real,bottle/0_real/03921.png,81544,ea9aef36,14946464763,81508,8
train,progan_train,bottle,0_real,bottle/0_real/04036.png,38022,05430fdb,15439838885,37978,8
train,progan_train,bottle,0_real,bottle/0_real/04239.png,54434,7067f933,15662767877,54444,8
train,progan_train,bottle,0_real,bottle/0_real/04697.png,109164,bc0c56e1,14810548123,109069,8
train,progan_train,bottle,0_real,bottle/0_real/05108.png,25259,feccdcab,14973928865,25247,8
train,progan_train,bottle,0_real,bottle/0_real/05831.png,101940,a5fb326d,15972953046,101926,8
train,progan_train,bottle,0_real,bottle/0_real/06386.png,25317,38003ee5,15285682409,25206,8
train,progan_train,bottle,0_real,bottle/0_real/06479.png,55592,8010d03d,15501559965,55407,8
train,progan_train,bottle,0_real,bottle/0_real/06539.png,98655,1267f5f0,14831027537,98670,8
train,progan_train,bottle,0_real,bottle/0_real/06777.png,130565,91895d10,14966554755,130571,8
train,progan_train,bottle,0_real,bottle/0_real/06807.png,80099,e3565af6,15195175192,80033,8
train,progan_train,bottle,0_real,bottle/0_real/06824.png,44738,ab2a8901,15789637492,44720,8
train,progan_train,bottle,0_real,bottle/0_real/06833.png,70346,8f9b0f08,15412072398,70352,8
train,progan_train,bottle,0_real,bottle/0_real/06928.png,103512,1dd9c723,15141309742,103483,8
train,progan_train,bottle,0_real,bottle/0_real/07032.png,26329,a95d2917,15613881046,26228,8
train,progan_train,bottle,0_real,bottle/0_real/07360.png,10245,fc2b7652,15422802630,10118,8
train,progan_train,bottle,0_real,bottle/0_real/07414.png,93650,47f351c2,14687907732,93612,8
train,progan_train,bottle,0_real,bottle/0_real/07416.png,106872,b5d0c862,15696488789,106708,8
train,progan_train,bottle,0_real,bottle/0_real/07431.png,88057,ff189a76,14770825799,87923,8
train,progan_train,bottle,0_real,bottle/0_real/07573.png,104371,0df36e2e,14909675636,104391,8
train,progan_train,bottle,0_real,bottle/0_real/07603.png,60532,dd500238,15775231913,60463,8
train,progan_train,bottle,0_real,bottle/0_real/07710.png,96185,3b239880,14786552665,96183,8
train,progan_train,bottle,0_real,bottle/0_real/07932.png,50322,99765cb0,15669855857,50296,8
train,progan_train,bottle,0_real,bottle/0_real/08050.png,121133,a2817a33,14830389124,121017,8
train,progan_train,bottle,0_real,bottle/0_real/08548.png,110177,efbda7c1,15099063848,110175,8
train,progan_train,bottle,0_real,bottle/0_real/09452.png,57485,0f01df1d,15146267612,57495,8
train,progan_train,bottle,0_real,bottle/0_real/10712.png,93172,de2ce64a,15630376416,93187,8
train,progan_train,bottle,0_real,bottle/0_real/10723.png,34344,d66331b8,15909082307,34341,8
train,progan_train,bottle,0_real,bottle/0_real/10744.png,85835,774f0d36,15783421661,85781,8
train,progan_train,bottle,0_real,bottle/0_real/10800.png,56706,eda84da1,15940635617,56716,8
train,progan_train,bottle,0_real,bottle/0_real/10816.png,70911,9224fa02,15276549327,70926,8
train,progan_train,bottle,0_real,bottle/0_real/11135.png,57335,813aaa54,15386705107,57342,8
train,progan_train,bottle,0_real,bottle/0_real/11237.png,65401,99044efb,15786058852,65411,8
train,progan_train,bottle,0_real,bottle/0_real/11313.png,117485,5158cd44,15239029603,117497,8
train,progan_train,bottle,0_real,bottle/0_real/11385.png,125843,b401fd9e,15069133181,125829,8
train,progan_train,bottle,0_real,bottle/0_real/11461.png,71747,dc7d95d4,14832826683,71749,8
train,progan_train,bottle,0_real,bottle/0_real/11549.png,26076,cc56c009,14818716350,25661,8
train,progan_train,bottle,0_real,bottle/0_real/11794.png,41241,2261cee5,15392795515,41251,8
train,progan_train,bottle,0_real,bottle/0_real/11948.png,18247,abfc6e8a,15751256394,18087,8
train,progan_train,bottle,0_real,bottle/0_real/12000.png,36524,2abb676f,14964007113,36424,8
train,progan_train,bottle,0_real,bottle/0_real/12213.png,105851,56cdc4be,15971829718,105871,8
train,progan_train,bottle,0_real,bottle/0_real/12345.png,71379,6de28b2c,15216605941,71367,8
train,progan_train,bottle,0_real,bottle/0_real/12493.png,94841,e90a3767,15486204311,94856,8
train,progan_train,bottle,0_real,bottle/0_real/12534.png,87650,f88cc18b,15805873263,87660,8
train,progan_train,bottle,0_real,bottle/0_real/12649.png,109549,dad14621,15765332669,109558,8
train,progan_train,bottle,0_real,bottle/0_real/12668.png,108362,30c3d825,15724068393,108370,8
train,progan_train,bottle,0_real,bottle/0_real/13353.png,65804,a68afec8,14660586587,65707,8
train,progan_train,bottle,0_real,bottle/0_real/13651.png,53115,1f94d931,14793075733,52970,8
train,progan_train,bottle,0_real,bottle/0_real/13847.png,109644,f1e5bedf,14995658620,109458,8
train,progan_train,bottle,0_real,bottle/0_real/14300.png,92680,d89ed98d,15498444429,92679,8
train,progan_train,bottle,0_real,bottle/0_real/14419.png,15491,3e6e8ae4,15406373201,15491,0
train,progan_train,bottle,0_real,bottle/0_real/14553.png,133171,54378a6e,15024440346,133157,8
train,progan_train,bottle,0_real,bottle/0_real/14649.png,111309,88723bd9,14812805408,111289,8
train,progan_train,bottle,0_real,bottle/0_real/14860.png,34592,ecef5dab,15134575547,34125,8
train,progan_train,bottle,0_real,bottle/0_real/14985.png,41923,071ce57f,15406388773,41933,8
train,progan_train,bottle,0_real,bottle/0_real/15445.png,75948,510f5aa3,14750387994,75963,8
train,progan_train,bottle,0_real,bottle/0_real/15449.png,97822,c4b8c422,15622561836,97800,8
train,progan_train,bottle,0_real,bottle/0_real/15769.png,25590,7ed763c8,15126149484,25329,8
train,progan_train,bottle,0_real,bottle/0_real/15782.png,98030,b1b0906c,14923426104,98045,8
train,progan_train,bottle,0_real,bottle/0_real/15818.png,41854,1cae8808,14695168826,41636,8
train,progan_train,bottle,0_real,bottle/0_real/16429.png,90246,0dd0f3c7,15097968688,90261,8
train,progan_train,bottle,0_real,bottle/0_real/16660.png,68824,9214eafe,15485493521,68826,8
train,progan_train,bottle,0_real,bottle/0_real/16834.png,44822,e992cfcd,15144079921,44832,8
train,progan_train,bottle,0_real,bottle/0_real/17258.png,69938,96984b4f,15673695458,69913,8
train,progan_train,bottle,0_real,bottle/0_real/17382.png,40047,d54bfa5d,15863207308,40057,8
train,progan_train,bottle,0_real,bottle/0_real/17585.png,65373,87852bba,15046216155,65302,8
train,progan_train,bottle,0_real,bottle/0_real/17821.png,57602,0edaf0f4,15287601160,57566,8
train,progan_train,bottle,0_real,bottle/0_real/18488.png,53273,cf7eb285,15385081115,53116,8
train,progan_train,bottle,0_real,bottle/0_real/18609.png,64144,b9313417,15978279909,64154,8
train,progan_train,bottle,0_real,bottle/0_real/18652.png,24007,3ed7c6b3,15995962779,23839,8
train,progan_train,bottle,0_real,bottle/0_real/18717.png,134359,4f968bc8,15536679067,133442,8
train,progan_train,bottle,0_real,bottle/0_real/19293.png,101253,0ae44589,15456923166,101270,8
train,progan_train,bottle,0_real,bottle/0_real/19307.png,85340,a9ba63fe,15918186470,85306,8
train,progan_train,bottle,0_real,bottle/0_real/19313.png,114437,6a4b4e8b,15154787975,114439,8
train,progan_train,bottle,0_real,bottle/0_real/19440.png,53642,785e2a9a,15465983972,53491,8
train,progan_train,bottle,0_real,bottle/0_real/19577.png,84285,eb78be69,14742470815,84131,8
train,progan_train,bottle,0_real,bottle/0_real/19903.png,59830,f7c6d356,14790311391,59840,8
train,progan_train,bottle,1_fake,bottle/1_fake/00239.png,37102,80e5ec28,17146477581,37105,8
train,progan_train,bottle,1_fake,bottle/1_fake/00490.png,77108,9709e768,16317402686,77123,8
train,progan_train,bottle,1_fake,bottle/1_fake/00822.png,110749,aabf8895,16488971242,110753,8
train,progan_train,bottle,1_fake,bottle/1_fake/01243.png,31072,6d4fab7e,16190119928,31072,0
train,progan_train,bottle,1_fake,bottle/1_fake/01385.png,33132,5a93276f,17401256146,33132,8
train,progan_train,bottle,1_fake,bottle/1_fake/01614.png,64125,4552b53e,17362433588,64107,8
train,progan_train,bottle,1_fake,bottle/1_fake/01873.png,38734,b1092044,16324019727,38744,8
train,progan_train,bottle,1_fake,bottle/1_fake/02262.png,140330,b0cf61f0,16689510685,139776,8
train,progan_train,bottle,1_fake,bottle/1_fake/02671.png,84628,50e2996c,16563703692,84622,8
train,progan_train,bottle,1_fake,bottle/1_fake/02714.png,68771,215bf08f,16965446116,68786,8
train,progan_train,bottle,1_fake,bottle/1_fake/03405.png,84293,1820d4fc,16338197744,84302,8
train,progan_train,bottle,1_fake,bottle/1_fake/03950.png,68905,93b17f1f,16686100659,68920,8
train,progan_train,bottle,1_fake,bottle/1_fake/04060.png,89025,a9ef9233,16056702550,88962,8
train,progan_train,bottle,1_fake,bottle/1_fake/04199.png,124488,f58f2b1b,16680222840,124508,8
train,progan_train,bottle,1_fake,bottle/1_fake/04280.png,34990,5e1c6fc1,16289447679,35000,8
train,progan_train,bottle,1_fake,bottle/1_fake/04345.png,73963,9de0282b,16887763098,73978,8
train,progan_train,bottle,1_fake,bottle/1_fake/04397.png,114641,40fe21df,17555559844,114414,8
train,progan_train,bottle,1_fake,bottle/1_fake/04443.png,89246,d0a5c385,16460647723,89261,8
train,progan_train,bottle,1_fake,bottle/1_fake/04766.png,107096,6a252af5,17430630594,107045,8
train,progan_train,bottle,1_fake,bottle/1_fake/05056.png,95376,6689af53,16726494381,95334,8
train,progan_train,bottle,1_fake,bottle/1_fake/05204.png,104415,6ff6376a,16409680536,104435,8
train,progan_train,bottle,1_fake,bottle/1_fake/05366.png,120453,addd3084,16695854235,120473,8
train,progan_train,bottle,1_fake,bottle/1_fake/05410.png,144327,b8308374,16808680379,143961,8
train,progan_train,bottle,1_fake,bottle/1_fake/05499.png,63816,515b0dc3,16822939428,63826,8
train,progan_train,bottle,1_fake,bottle/1_fake/05765.png,106919,92f11ac6,17561144566,106926,8
train,progan_train,bottle,1_fake,bottle/1_fake/05996.png,115956,f7d209f6,17064152906,115976,8
train,progan_train,bottle,1_fake,bottle/1_fake/06432.png,28027,91ec1014,17402143325,28027,0
train,progan_train,bottle,1_fake,bottle/1_fake/06512.png,118188,9f0d6276,16871640703,118111,8
train,progan_train,bottle,1_fake,bottle/1_fake/06753.png,120353,9da55188,16383918381,120312,8
train,progan_train,bottle,1_fake,bottle/1_fake/06814.png,90116,931abaf5,17323033164,90131,8
train,progan_train,bottle,1_fake,bottle/1_fake/07090.png,68616,20d50d86,16902106882,68594,8
train,progan_train,bottle,1_fake,bottle/1_fake/07468.png,38314,e0c624bf,16291212095,38324,8
train,progan_train,bottle,1_fake,bottle/1_fake/07622.png,123311,1428b268,17344385042,123222,8
train,progan_train,bottle,1_fake,bottle/1_fake/08043.png,99277,2c84964c,16393955637,99162,8
train,progan_train,bottle,1_fake,bottle/1_fake/08699.png,97420,52fbef55,16702687983,97435,8
train,progan_train,bottle,1_fake,bottle/1_fake/08728.png,108943,d9723f4e,17064760962,108955,8
train,progan_train,bottle,1_fake,bottle/1_fake/08742.png,62712,97e648c6,16713844757,62722,8
train,progan_train,bottle,1_fake,bottle/1_fake/08892.png,112573,5ed3dd53,16727252525,112561,8
train,progan_train,bottle,1_fake,bottle/1_fake/08964.png,81214,e49f479d,17144141940,81223,8
train,progan_train,bottle,1_fake,bottle/1_fake/09198.png,23915,0fe6587b,17323620149,23915,0
train,progan_train,bottle,1_fake,bottle/1_fake/09516.png,112278,3eb8f84d,16049426556,111978,8
train,progan_train,bottle,1_fake,bottle/1_fake/10283.png,103870,1e527daf,17332887652,103890,8
train,progan_train,bottle,1_fake,bottle/1_fake/10291.png,71088,91343b45,17114609626,71103,8
train,progan_train,bottle,1_fake,bottle/1_fake/10313.png,119830,4bb1d750,16441276867,119836,8
train,progan_train,bottle,1_fake,bottle/1_fake/10362.png,77648,ed22b1d6,16263298287,77484,8
train,progan_train,bottle,1_fake,bottle/1_fake/10483.png,83873,2cfa31ef,17353559939,83861,8
train,progan_train,bottle,1_fake,bottle/1_fake/10564.png,83303,3cbee1d7,17317957226,83311,8
train,progan_train,bottle,1_fake,bottle/1_fake/10766.png,98157,c7f1977a,16594270691,98159,8
train,progan_train,bottle,1_fake,bottle/1_fake/10893.png,123337,0ea34b39,17142751910,123341,8
train,progan_train,bottle,1_fake,bottle/1_fake/11027.png,121679,0b792010,16313697550,121699,8
train,progan_train,bottle,1_fake,bottle/1_fake/11043.png,79323,54ce0e16,16659439080,79338,8
train,progan_train,bottle,1_fake,bottle/1_fake/11156.png,83977,3b08c9a2,16064697976,83992,8
train,progan_train,bottle,1_fake,bottle/1_fake/11192.png,26939,60a84867,17573644084,26939,0
train,progan_train,bottle,1_fake,bottle/1_fake/11328.png,109038,de1851ba,16362094142,109058,8
train,progan_train,bottle,1_fake,bottle/1_fake/11475.png,119944,b2c896aa,16879821553,119873,8
train,progan_train,bottle,1_fake,bottle/1_fake/11622.png,92502,1e897f9c,17532343563,92517,8
train,progan_train,bottle,1_fake,bottle/1_fake/11652.png,118371,f50dbe42,16818670208,118382,8
train,progan_train,bottle,1_fake,bottle/1_fake/11879.png,53103,e3249a6f,16915757817,53113,8
train,progan_train,bottle,1_fake,bottle/1_fake/12001.png,109149,e3580344,17013211610,108746,8
train,progan_train,bottle,1_fake,bottle/1_fake/12088.png,105293,ce52aaaf,16830195763,105261,8
train,progan_train,bottle,1_fake,bottle/1_fake/12149.png,81456,eaecd758,16445195662,81471,8
train,progan_train,bottle,1_fake,bottle/1_fake/12547.png,81590,fb4e93c5,16213452780,81573,8
train,progan_train,bottle,1_fake,bottle/1_fake/12932.png,64674,5840fcb9,17107550378,64684,8
train,progan_train,bottle,1_fake,bottle/1_fake/13016.png,121620,4240de20,17208630462,121439,8
train,progan_train,bottle,1_fake,bottle/1_fake/13082.png,56194,aea2880e,16482994472,55986,8
train,progan_train,bottle,1_fake,bottle/1_fake/13105.png,79157,50c50a02,16776594013,79172,8
train,progan_train,bottle,1_fake,bottle/1_fake/13266.png,105979,8d341a47,16272391822,105999,8
train,progan_train,bottle,1_fake,bottle/1_fake/13458.png,96069,a0312121,17424235542,96084,8
train,progan_train,bottle,1_fake,bottle/1_fake/13915.png,97302,3816aea5,17102439201,97257,8
train,progan_train,bottle,1_fake,bottle/1_fake/14009.png,126318,0774d2a5,17102083199,126338,8
train,progan_train,bottle,1_fake,bottle/1_fake/14066.png,96163,6ed2b7be,16803490173,96074,8
train,progan_train,bottle,1_fake,bottle/1_fake/14417.png,48401,2ead0e71,17214852647,48389,8
train,progan_train,bottle,1_fake,bottle/1_fake/14447.png,83269,493f896c,16637573991,83284,8
train,progan_train,bottle,1_fake,bottle/1_fake/14884.png,147857,7ad4211a,16075481975,147785,8
train,progan_train,bottle,1_fake,bottle/1_fake/15199.png,141164,35f99bef,17168390576,141156,8
train,progan_train,bottle,1_fake,bottle/1_fake/15850.png,104600,c40a8d7c,17205087826,104620,8
train,progan_train,bottle,1_fake,bottle/1_fake/15977.png,96997,b8f1f044,16091628576,97012,8
train,progan_train,bottle,1_fake,bottle/1_fake/16083.png,56402,02655eca,16982437278,56412,8
train,progan_train,bottle,1_fake,bottle/1_fake/16469.png,119839,779fbcf1,16317681862,119842,8
train,progan_train,bottle,1_fake,bottle/1_fake/16777.png,98147,62a10dad,17289723812,98136,8
train,progan_train,bottle,1_fake,bottle/1_fake/17070.png,104896,41738872,16824000757,104916,8
train,progan_train,bottle,1_fake,bottle/1_fake/17155.png,63367,3d81d408,16549242564,63377,8
train,progan_train,bottle,1_fake,bottle/1_fake/17462.png,83095,0db2b99c,16835003109,83100,8
train,progan_train,bottle,1_fake,bottle/1_fake/17552.png,108835,d51e7652,16140791026,108797,8
train,progan_train,bottle,1_fake,bottle/1_fake/17719.png,134905,4fcdf20c,16608825399,134884,8
train,progan_train,bottle,1_fake,bottle/1_fake/17836.png,25880,acac2186,16325929895,25880,0
train,progan_train,bottle,1_fake,bottle/1_fake/17853.png,80723,34cf9af1,17058189796,80617,8
train,progan_train,bottle,1_fake,bottle/1_fake/17947.png,105210,c7fdcdad,17557907614,105230,8
train,progan_train,bottle,1_fake,bottle/1_fake/17999.png,55018,32cfec7b,17457839946,55028,8
train,progan_train,bottle,1_fake,bottle/1_fake/18167.png,35207,84e0e95f,17287519945,35217,8
train,progan_train,bottle,1_fake,bottle/1_fake/18176.png,74754,68170d4f,16718612592,74769,8
train,progan_train,bottle,1_fake,bottle/1_fake/18287.png,27627,6fbc964b,16969063798,27627,0
train,progan_train,bottle,1_fake,bottle/1_fake/18533.png,80309,217162d8,16171287325,80313,8
train,progan_train,bottle,1_fake,bottle/1_fake/18647.png,114045,50e6cf54,16834889225,113803,8
train,progan_train,bottle,1_fake,bottle/1_fake/18717.png,97722,f6f8b238,17016668581,97737,8
train,progan_train,bottle,1_fake,bottle/1_fake/18972.png,111423,bbe54dfd,17192107515,111422,8
train,progan_train,bottle,1_fake,bottle/1_fake/19047.png,59537,183d17c3,16322365360,59547,8
train,progan_train,bottle,1_fake,bottle/1_fake/19189.png,132873,49905899,16312219346,132898,8
train,progan_train,bottle,1_fake,bottle/1_fake/19294.png,115943,8a3ae41e,17088316990,115957,8
train,progan_train,bottle,1_fake,bottle/1_fake/19518.png,99852,ebd531e8,16319422931,99813,8
train,progan_train,bus,0_real,bus/0_real/00075.png,114455,dae86d2d,19079688138,114292,8
train,progan_train,bus,0_real,bus/0_real/00086.png,138195,e11bec23,19150965932,137989,8
train,progan_train,bus,0_real,bus/0_real/00160.png,104441,c6734781,18635458618,104444,8
train,progan_train,bus,0_real,bus/0_real/00208.png,114328,6b9030c1,18670966736,114120,8
train,progan_train,bus,0_real,bus/0_real/00460.png,93980,1fed7cb3,18094247111,93953,8
train,progan_train,bus,0_real,bus/0_real/00477.png,127182,a17e9ecb,19156842018,126997,8
train,progan_train,bus,0_real,bus/0_real/00510.png,100579,421c3829,17943681773,100260,8
train,progan_train,bus,0_real,bus/0_real/00839.png,129313,b1aa46ff,19339490125,129311,8
train,progan_train,bus,0_real,bus/0_real/01308.png,98744,3d9ec8ae,17766487731,98675,8
train,progan_train,bus,0_real,bus/0_real/01447.png,131155,dc5e5f7d,19110958076,130374,8
train,progan_train,bus,0_real,bus/0_real/01851.png,105642,3ceac067,18633987119,105662,8
train,progan_train,bus,0_real,bus/0_real/02064.png,107079,18ae389c,19051095580,107099,8
train,progan_train,bus,0_real,bus/0_real/02713.png,117852,b6796f43,17622080405,117849,8
train,progan_train,bus,0_real,bus/0_real/02761.png,61563,ebee4b38,19113763467,61480,8
train,progan_train,bus,0_real,bus/0_real/02863.png,107602,d8fe3cf0,17628068587,107441,8
train,progan_train,bus,0_real,bus/0_real/02886.png,55753,481727ab,19417908110,55324,8
train,progan_train,bus,0_real,bus/0_real/03020.png,85932,bd06f7fc,18476870067,85658,8
train,progan_train,bus,0_real,bus/0_real/03335.png,112185,13375d84,18284671921,112112,8
train,progan_train,bus,0_real,bus/0_real/03836.png,109309,64aa7f59,18576982393,109286,8
train,progan_train,bus,0_real,bus/0_real/04434.png,118346,7fd34964,17708611323,118224,8
train,progan_train,bus,0_real,bus/0_real/04692.png,123167,f898e59b,18754317576,122930,8
train,progan_train,bus,0_real,bus/0_real/04936.png,78880,d616d238,19107365088,78880,8
train,progan_train,bus,0_real,bus/0_real/05666.png,118251,a1725c31,19053999847,118247,8
train,progan_train,bus,0_real,bus/0_real/05800.png,151108,e515594c,19140775238,151105,8
train,progan_train,bus,0_real,bus/0_real/05929.png,134501,13222a0c,18166424922,134434,8
train,progan_train,bus,0_real,bus/0_real/06010.png,123748,0ec66c50,18623987450,123724,8
train,progan_train,bus,0_real,bus/0_real/06164.png,86776,a30e1070,18798501002,86673,8
train,progan_train,bus,0_real,bus/0_real/06340.png,126015,545de6d3,17603693514,125997,8
train,progan_train,bus,0_real,bus/0_real/06544.png,111708,dc8b11b2,18815328940,111669,8
train,progan_train,bus,0_real,bus/0_real/06731.png,78419,cc0f9b43,18324290427,78275,8
train,progan_train,bus,0_real,bus/0_real/06851.png,133268,90fa3c0f,18635224237,132934,8
train,progan_train,bus,0_real,bus/0_real/06898.png,104877,cfc8c517,18264784589,104783,8
train,progan_train,bus,0_real,bus/0_real/06927.png,116200,249c3eca,18817702552,116215,8
train,progan_train,bus,0_real,bus/0_real/07424.png,62471,d4f8322c,18229911386,62174,8
train,progan_train,bus,0_real,bus/0_real/07449.png,104575,c83c4644,19326420471,104532,8
train,progan_train,bus,0_real,bus/0_real/07985.png,84134,95b5d3f4,18806173205,83931,8
train,progan_train,bus,0_real,bus/0_real/08389.png,86253,d7469897,18983492312,86211,8
train,progan_train,bus,0_real,bus/0_real/08693.png,106587,44043b34,19436863613,106570,8
train,progan_train,bus,0_real,bus/0_real/08991.png,86128,fd521ff3,18126985392,86110,8
train,progan_train,bus,0_real,bus/0_real/09112.png,107279,b02da35b,17775327851,107118,8
train,progan_train,bus,0_real,bus/0_real/09177.png,108448,2e2beafa,17651981969,108421,8
train,progan_train,bus,0_real,bus/0_real/09394.png,119522,2fddfd27,19170450390,119322,8
train,progan_train,bus,0_real,bus/0_real/09648.png,126208,5adafe59,17680301095,126216,8
train,progan_train,bus,0_real,bus/0_real/09773.png,101974,e6c6ab45,17802990466,101749,8
train,progan_train,bus,0_real,bus/0_real/09975.png,132879,a3a01d86,18534425856,132904,8
train,progan_train,bus,0_real,bus/0_real/10149.png,93871,c7002cd6,17652090468,93497,8
train,progan_train,bus,0_real,bus/0_real/10414.png,142675,d7b8f17a,18125233546,142669,8
train,progan_train,bus,0_real,bus/0_real/10498.png,40327,be2c6f6c,18746308990,40219,8
train,progan_train,bus,0_real,bus/0_real/10894.png,129546,97eab42b,19007509030,129493,8
train,progan_train,bus,0_real,bus/0_real/11010.png,83347,10465ac0,18617919377,82977,8
train,progan_train,bus,0_real,bus/0_real/11137.png,81070,3d26ed61,18788988806,80656,8
train,progan_train,bus,0_real,bus/0_real/11150.png,105040,b77b53bf,19103374453,104810,8
train,progan_train,bus,0_real,bus/0_real/11165.png,118553,8de43954,17878902097,118502,8
train,progan_train,bus,0_real,bus/0_real/11263.png,104734,afdcba2f,18491096365,104729,8
train,progan_train,bus,0_real,bus/0_real/11305.png,139470,b24568ce,18683273707,139175,8
train,progan_train,bus,0_real,bus/0_real/11309.png,132654,4349ae52,17715182194,132499,8
train,progan_train,bus,0_real,bus/0_real/11627.png,121610,6fdad8fc,19096755520,121602,8
train,progan_train,bus,0_real,bus/0_real/11703.png,79049,afe68ae5,18008056727,78838,8
train,progan_train,bus,0_real,bus/0_real/11724.png,104262,80e8d827,17786409234,104242,8
train,progan_train,bus,0_real,bus/0_real/11897.png,119176,300ef207,19324620408,119152,8
train,progan_train,bus,0_real,bus/0_real/12031.png,111561,8cbff7fb,18904462324,111537,8
train,progan_train,bus,0_real,bus/0_real/12230.png,76708,9c22cfff,18994522935,76323,8
train,progan_train,bus,0_real,bus/0_real/12235.png,91990,34cb7fb2,18604969824,92005,8
train,progan_train,bus,0_real,bus/0_real/12610.png,103633,fd989f76,19199845276,103459,8
train,progan_train,bus,0_real,bus/0_real/12671.png,89670,da5d68fd,18252917676,89685,8
train,progan_train,bus,0_real,bus/0_real/12795.png,91901,cfd67e8b,19429167472,91838,8
train,progan_train,bus,0_real,bus/0_real/12843.png,133440,f5da0488,19369808090,133234,8
train,progan_train,bus,0_real,bus/0_real/12869.png,55680,bac4a413,17969514056,55182,8
train,progan_train,bus,0_real,bus/0_real/12877.png,107800,cdf3c570,18625272452,107786,8
train,progan_train,bus,0_real,bus/0_real/13181.png,142652,42f82991,18674684963,142266,8
train,progan_train,bus,0_real,bus/0_real/13701.png,131554,c50acf40,18426418304,131461,8
train,progan_train,bus,0_real,bus/0_real/13729.png,141341,26af9ead,19192195196,141325,8
train,progan_train,bus,0_real,bus/0_real/13754.png,150691,2a011c2a,18448227330,150649,8
train,progan_train,bus,0_real,bus/0_real/13767.png,98290,2ef1b910,19412612137,98234,8
train,progan_train,bus,0_real,bus/0_real/13812.png,127371,482ed098,18020984633,127293,8
train,progan_train,bus,0_real,bus/0_real/13981.png,108592,78f2ee04,18345611842,108552,8
train,progan_train,bus,0_real,bus/0_real/14002.png,82336,195c8b09,18014714658,82351,8
train,progan_train,bus,0_real,bus/0_real/14151.png,124588,3b61daf6,18094754270,124581,8
train,progan_train,bus,0_real,bus/0_real/14225.png,84527,f06e138f,18366659422,84405,8
train,progan_train,bus,0_real,bus/0_real/14397.png,102034,2bdb7150,17778141349,102052,8
train,progan_train,bus,0_real,bus/0_real/15056.png,103052,398cd764,17897689815,103050,8
train,progan_train,bus,0_real,bus/0_real/15163.png,82946,d862e3e4,18252268185,82946,8
train,progan_train,bus,0_real,bus/0_real/15174.png,75683,042ac44b,19296583690,75636,8
train,progan_train,bus,0_real,bus/0_real/15252.png,100069,44bcca19,17669210708,99922,8
train,progan_train,bus,0_real,bus/0_real/15298.png,111584,a874ef49,19265361033,111588,8
train,progan_train,bus,0_real,bus/0_real/15896.png,91365,86aa36e4,18953412959,91363,8
train,progan_train,bus,0_real,bus/0_real/16036.png,147751,86f2b9f1,17612724814,147475,8
train,progan_train,bus,0_real,bus/0_real/16211.png,105656,9053018d,18151561896,105634,8
train,progan_train,bus,0_real,bus/0_real/16321.png,86990,bc87447f,18356120581,86977,8
train,progan_train,bus,0_real,bus/0_real/17050.png,113580,ce156be4,17948949141,113291,8
train,progan_train,bus,0_real,bus/0_real/17781.png,100314,1c0c4986,19254639158,100319,8
train,progan_train,bus,0_real,bus/0_real/17830.png,157835,7d22df53,19066879191,157664,8
train,progan_train,bus,0_real,bus/0_real/18043.png,108393,2eea082c,19211203116,108405,8
train,progan_train,bus,0_real,bus/0_real/18841.png,109049,893553c5,19443027631,109022,8
train,progan_train,bus,0_real,bus/0_real/18939.png,65876,31078ac3,18669283182,65588,8
train,progan_train,bus,0_real,bus/0_real/18961.png,148366,a81e1806,18173871855,148257,8
train,progan_train,bus,0_real,bus/0_real/19163.png,85062,59f82b61,18215324230,84964,8
train,progan_train,bus,0_real,bus/0_real/19236.png,107547,3420e255,18091636783,107567,8
train,progan_train,bus,0_real,bus/0_real/19554.png,75422,f36cf493,17585110147,75437,8
train,progan_train,bus,0_real,bus/0_real/19956.png,107016,af93baf2,18350168014,106991,8
train,progan_train,bus,1_fake,bus/1_fake/00128.png,106633,c78ce01d,20300599108,106583,8
train,progan_train,bus,1_fake,bus/1_fake/00376.png,117316,3ec338af,19560361408,117331,8
train,progan_train,bus,1_fake,bus/1_fake/00510.png,118265,b2a83b96,19832852115,118013,8
train,progan_train,bus,1_fake,bus/1_fake/00806.png,93680,14fbb3a4,20570656750,93484,8
train,progan_train,bus,1_fake,bus/1_fake/00825.png,107337,bdb1171b,19897623248,107357,8
train,progan_train,bus,1_fake,bus/1_fake/01077.png,93663,f4ca67af,20656126679,93660,8
train,progan_train,bus,1_fake,bus/1_fake/01456.png,91015,c2e6d1cd,19750492498,90993,8
train,progan_train,bus,1_fake,bus/1_fake/01482.png,125557,55ef318d,19489270173,125476,8
train,progan_train,bus,1_fake,bus/1_fake/01888.png,143956,20238f2c,20489515222,143878,8
train,progan_train,bus,1_fake,bus/1_fake/02083.png,125607,994ea2e8,20855071240,125180,8
train,progan_train,bus,1_fake,bus/1_fake/02344.png,115090,6da73be3,20139302508,115041,8
train,progan_train,bus,1_fake,bus/1_fake/02375.png,121881,53f16ede,20595907345,121753,8
train,progan_train,bus,1_fake,bus/1_fake/02457.png,81881,51867d65,21382356159,81769,8
train,progan_train,bus,1_fake,bus/1_fake/02821.png,129251,1784f93a,20777640629,129198,8
train,progan_train,bus,1_fake,bus/1_fake/03007.png,127175,6e504d27,19841689019,127166,8
train,progan_train,bus,1_fake,bus/1_fake/03059.png,108293,bc08bfbc,20248535769,108296,8
train,progan_train,bus,1_fake,bus/1_fake/03156.png,98594,5e22ac41,21152918909,98582,8
train,progan_train,bus,1_fake,bus/1_fake/03281.png,121961,9615a5b8,20401950571,121938,8
train,progan_train,bus,1_fake,bus/1_fake/03550.png,156384,d2a59d16,20545430566,156388,8
train,progan_train,bus,1_fake,bus/1_fake/03855.png,109404,6b98ac40,19472328353,109405,8
train,progan_train,bus,1_fake,bus/1_fake/03862.png,85903,6fc4d8e3,19952399327,85888,8
train,progan_train,bus,1_fake,bus/1_fake/03984.png,125993,de25154c,20830114907,125994,8
train,progan_train,bus,1_fake,bus/1_fake/04567.png,150762,408396a8,20306315981,150354,8
train,progan_train,bus,1_fake,bus/1_fake/04701.png,126003,0e8539d6,20312407345,125878,8
train,progan_train,bus,1_fake,bus/1_fake/04930.png,109292,60eae698,20895525426,109312,8
train,progan_train,bus,1_fake,bus/1_fake/05123.png,101146,42c92d19,21214609596,100947,8
train,progan_train,bus,1_fake,bus/1_fake/05354.png,93275,b7457c1f,19850138759,93285,8
train,progan_train,bus,1_fake,bus/1_fake/05475.png,94603,af3ac253,19630991927,94520,8
train,progan_train,bus,1_fake,bus/1_fake/05973.png,128388,1b01ae93,20353708280,128135,8
train,progan_train,bus,1_fake,bus/1_fake/06246.png,98337,4336a87c,20734145813,98324,8
train,progan_train,bus,1_fake,bus/1_fake/06271.png,116184,440b3305,20077902886,116204,8
train,progan_train,bus,1_fake,bus/1_fake/06577.png,84173,35f3e759,19697059320,84098,8
train,progan_train,bus,1_fake,bus/1_fake/06884.png,84291,5e8b83b6,19447808178,84223,8
train,progan_train,bus,1_fake,bus/1_fake/07154.png,101294,0a2007ef,20691756448,101283,8
train,progan_train,bus,1_fake,bus/1_fake/07334.png,108552,25f74e0b,20955720602,108566,8
train,progan_train,bus,1_fake,bus/1_fake/07524.png,121324,5f5faf71,19466847860,121344,8
train,progan_train,bus,1_fake,bus/1_fake/07537.png,100526,21a15179,20299982081,100527,8
train,progan_train,bus,1_fake,bus/1_fake/07734.png,96947,6cd397ea,19498434139,96851,8
train,progan_train,bus,1_fake,bus/1_fake/07744.png,90301,82742b03,20574393660,90313,8
train,progan_train,bus,1_fake,bus/1_fake/08497.png,116197,f3f48d3d,19959504741,116034,8
train,progan_train,bus,1_fake,bus/1_fake/08543.png,93470,2e51c2b3,20871886039,93485,8
train,progan_train,bus,1_fake,bus/1_fake/08883.png,79267,2cd1b3a4,20300198671,79282,8
train,progan_train,bus,1_fake,bus/1_fake/08919.png,115816,127f078c,20434372856,115737,8
train,progan_train,bus,1_fake,bus/1_fake/09030.png,105379,52f5cb25,21361270318,105387,8
train,progan_train,bus,1_fake,bus/1_fake/09049.png,99314,e241f331,21086720317,99327,8
train,progan_train,bus,1_fake,bus/1_fake/09097.png,133700,a03458d4,19508141888,133695,8
train,progan_train,bus,1_fake,bus/1_fake/09374.png,96013,858a057a,19882644470,96024,8
train,progan_train,bus,1_fake,bus/1_fake/09594.png,101157,8f447010,20968214471,101177,8
train,progan_train,bus,1_fake,bus/1_fake/09848.png,118807,bd745b08,20756347101,118763,8
train,progan_train,bus,1_fake,bus/1_fake/10150.png,132348,c95437cc,19772869775,132089,8
train,progan_train,bus,1_fake,bus/1_fake/10195.png,121316,d4c3712b,19628873110,120884,8
train,progan_train,bus,1_fake,bus/1_fake/10220.png,97465,53743a32,21369787523,97426,8
train,progan_train,bus,1_fake,bus/1_fake/10280.png,103750,c2400936,20384445970,103618,8
train,progan_train,bus,1_fake,bus/1_fake/10298.png,107315,0d02955a,20005807521,107335,8
train,progan_train,bus,1_fake,bus/1_fake/10322.png,108924,809d4e18,20376939184,108764,8
train,progan_train,bus,1_fake,bus/1_fake/10340.png,121505,ac7aa46f,21169022426,121211,8
train,progan_train,bus,1_fake,bus/1_fake/10424.png,99660,7e09811f,20835640090,99680,8
train,progan_train,bus,1_fake,bus/1_fake/10434.png,109964,8e97bf64,20747743364,109946,8
train,progan_train,bus,1_fake,bus/1_fake/10685.png,123263,c3889c0e,19691462008,123026,8
train,progan_train,bus,1_fake,bus/1_fake/11293.png,121119,88132858,20891165148,121119,8
train,progan_train,bus,1_fake,bus/1_fake/11472.png,80608,d0dd55f2,19532006840,80616,8
train,progan_train,bus,1_fake,bus/1_fake/11585.png,93845,e2bb4707,20551908355,93827,8
train,progan_train,bus,1_fake,bus/1_fake/11716.png,99636,0bef3b9e,20138852723,99542,8
train,progan_train,bus,1_fake,bus/1_fake/12498.png,87295,89b637f9,20542846215,87243,8
train,progan_train,bus,1_fake,bus/1_fake/12524.png,123185,575b0202,21229215447,122908,8
train,progan_train,bus,1_fake,bus/1_fake/12813.png,101065,9d734872,21113034596,100819,8
train,progan_train,bus,1_fake,bus/1_fake/12857.png,105576,92eae541,20953493263,105596,8
train,progan_train,bus,1_fake,bus/1_fake/13142.png,91650,aa69c3b8,21014062407,91647,8
train,progan_train,bus,1_fake,bus/1_fake/13146.png,92093,929bd49c,19763644398,92108,8
train,progan_train,bus,1_fake,bus/1_fake/13563.png,97007,1e93021a,19575590164,97008,8
train,progan_train,bus,1_fake,bus/1_fake/13842.png,113327,2fc204b3,20202728753,113326,8
train,progan_train,bus,1_fake,bus/1_fake/13888.png,134688,b6ab77a3,20312533301,134063,8
train,progan_train,bus,1_fake,bus/1_fake/14177.png,117180,562a2d71,21198247564,117037,8
train,progan_train,bus,1_fake,bus/1_fake/14266.png,109801,6097299d,20205187503,109746,8
train,progan_train,bus,1_fake,bus/1_fake/14736.png,124112,76993f80,20907657283,123968,8
train,progan_train,bus,1_fake,bus/1_fake/15337.png,112028,1ae9b2a2,20515567910,111967,8
train,progan_train,bus,1_fake,bus/1_fake/15564.png,110101,ad2b7100,19995793590,110121,8
train,progan_train,bus,1_fake,bus/1_fake/15608.png,109902,75c00484,20808436722,109762,8
train,progan_train,bus,1_fake,bus/1_fake/15879.png,108675,f2ab1ebe,21208858552,108679,8
train,progan_train,bus,1_fake,bus/1_fake/15945.png,121514,4c12446e,20821679200,121461,8
train,progan_train,bus,1_fake,bus/1_fake/16117.png,80906,af5311d0,20481020009,80921,8
train,progan_train,bus,1_fake,bus/1_fake/16413.png,100836,8c63a774,20584595776,100856,8
train,progan_train,bus,1_fake,bus/1_fake/16764.png,113215,09e31897,20243381115,113221,8
train,progan_train,bus,1_fake,bus/1_fake/16861.png,120662,95044462,20955941591,120652,8
train,progan_train,bus,1_fake,bus/1_fake/17055.png,113220,fe277de6,20374760499,113223,8
train,progan_train,bus,1_fake,bus/1_fake/17108.png,121821,92b5a10f,20042893548,121805,8
train,progan_train,bus,1_fake,bus/1_fake/17717.png,100201,f1d9e219,20048550807,100221,8
train,progan_train,bus,1_fake,bus/1_fake/17867.png,118307,7042e38a,20680022078,118327,8
train,progan_train,bus,1_fake,bus/1_fake/18025.png,115727,fbd1e182,20511176694,115692,8
train,progan_train,bus,1_fake,bus/1_fake/18077.png,130048,dd67ae63,20159125745,130068,8
train,progan_train,bus,1_fake,bus/1_fake/18320.png,107810,e92e82bb,21086893679,107808,8
train,progan_train,bus,1_fake,bus/1_fake/18529.png,97639,e3829e94,20664272842,97650,8
train,progan_train,bus,1_fake,bus/1_fake/18733.png,88551,04537c51,20143943565,88385,8
train,progan_train,bus,1_fake,bus/1_fake/18938.png,110386,862857da,21236162865,110402,8
train,progan_train,bus,1_fake,bus/1_fake/18982.png,129315,1baf8dac,20821550073,129049,8
train,progan_train,bus,1_fake,bus/1_fake/19024.png,113393,02999065,21418448193,113182,8
train,progan_train,bus,1_fake,bus/1_fake/19609.png,111211,516d1ce0,20091693589,111231,8
train,progan_train,bus,1_fake,bus/1_fake/19649.png,121687,5005b40c,20206209195,121592,8
train,progan_train,bus,1_fake,bus/1_fake/19884.png,86441,d31c8bbb,20384756225,86379,8
train,progan_train,bus,1_fake,bus/1_fake/19962.png,138545,27b824f8,21222188723,138521,8
train,progan_train,car,0_real,car/0_real/00070.png,115005,8ce18a7f,22300169976,114909,8
train,progan_train,car,0_real,car/0_real/00502.png,91492,2020b854,22748828316,91424,8
train,progan_train,car,0_real,car/0_real/00881.png,144161,54b1400b,21664666128,143730,8
train,progan_train,car,0_real,car/0_real/01289.png,99179,6812829a,22481955804,99132,8
train,progan_train,car,0_real,car/0_real/01382.png,91345,79bb3adc,22676217610,91360,8
train,progan_train,car,0_real,car/0_real/01392.png,77976,277c3d07,22892954501,77959,8
train,progan_train,car,0_real,car/0_real/01399.png,98010,bb6495e7,21621777454,97976,8
train,progan_train,car,0_real,car/0_real/01585.png,97136,10c6e010,21758146067,97151,8
train,progan_train,car,0_real,car/0_real/01682.png,77975,ec8ff73a,22855641169,77761,8
train,progan_train,car,0_real,car/0_real/02058.png,60221,6a3d61bd,22490506297,60075,8
train,progan_train,car,0_real,car/0_real/02290.png,128630,ca06967a,23202639416,128593,8
train,progan_train,car,0_real,car/0_real/02327.png,116735,afd91504,21635948143,116582,8
train,progan_train,car,0_real,car/0_real/02386.png,146990,045861fe,21523539433,147015,8
train,progan_train,car,0_real,car/0_real/02833.png,98236,a6cefe0a,22854186643,98111,8
train,progan_train,car,0_real,car/0_real/02862.png,103325,ebc52cee,22745175723,103074,8
train,progan_train,car,0_real,car/0_real/02972.png,64747,80d0576b,21695897768,64376,8
train,progan_train,car,0_real,car/0_real/03091.png,106971,e58d8a26,22740833502,106647,8
train,progan_train,car,0_real,car/0_real/03410.png,79156,35ec7c95,21527828049,79134,8
train,progan_train,car,0_real,car/0_real/03616.png,96481,426b7946,22579793774,96458,8
train,progan_train,car,0_real,car/0_real/03644.png,69747,424e32cf,21700285396,69506,8
train,progan_train,car,0_real,car/0_real/03722.png,76947,5479df66,23191009637,76801,8
train,progan_train,car,0_real,car/0_real/04057.png,80284,2b9aed2f,22691044798,80289,8
train,progan_train,car,0_real,car/0_real/04083.png,142940,49a57aa1,21474029931,142310,8
train,progan_train,car,0_real,car/0_real/04121.png,107985,2b67c242,21905111873,107856,8
train,progan_train,car,0_real,car/0_real/04329.png,83474,99c525e9,22699680186,83485,8
train,progan_train,car,0_real,car/0_real/04659.png,68510,cf044762,21595639039,68188,8
train,progan_train,car,0_real,car/0_real/04856.png,110476,3f054838,21792473904,110381,8
train,progan_train,car,0_real,car/0_real/04864.png,109963,c2445843,23088016351,109703,8
train,progan_train,car,0_real,car/0_real/05116.png,132836,660e3d0d,22380827857,132725,8
train,progan_train,car,0_real,car/0_real/05142.png,97290,6e95381b,22181694292,97262,8
train,progan_train,car,0_real,car/0_real/05486.png,142193,64c7753c,22660294585,141721,8
train,progan_train,car,0_real,car/0_real/05636.png,87197,ef10144e,21925640422,86760,8
train,progan_train,car,0_real,car/0_real/05820.png,90475,1ee1769b,22393223448,90455,8
train,progan_train,car,0_real,car/0_real/05875.png,98361,1c27a77b,22659114347,98265,8
train,progan_train,car,0_real,car/0_real/05995.png,135926,cdb3dfa2,22463053661,135767,8
train,progan_train,car,0_real,car/0_real/06055.png,86174,b2dc6a6d,22215102400,86069,8
train,progan_train,car,0_real,car/0_real/06121.png,118063,273af256,22176575580,117424,8
train,progan_train,car,0_real,car/0_real/06256.png,108098,315b77e1,22455977619,107789,8
train,progan_train,car,0_real,car/0_real/06759.png,101923,8afb0ce8,21545139819,101831,8
train,progan_train,car,0_real,car/0_real/06876.png,95988,cb5d2734,22303195754,95717,8
train,progan_train,car,0_real,car/0_real/07177.png,99342,0b4cef9f,23028156963,99233,8
train,progan_train,car,0_real,car/0_real/07319.png,77589,07d433ed,22976231857,77563,8
train,progan_train,car,0_real,car/0_real/07620.png,93050,faac92fc,22320195189,92812,8
train,progan_train,car,0_real,car/0_real/07805.png,79276,85444878,21524028030,79022,8
train,progan_train,car,0_real,car/0_real/08099.png,100829,5039bbd2,21582095290,100605,8
train,progan_train,car,0_real,car/0_real/08263.png,77507,6a56b0ed,21669871540,77176,8
train,progan_train,car,0_real,car/0_real/08434.png,72554,7a3b1f4d,22233915106,72569,8
train,progan_train,car,0_real,car/0_real/08512.png,84812,389b4f4b,22856782600,84490,8
train,progan_train,car,0_real,car/0_real/08545.png,117667,37f5986b,21711110313,117622,8
train,progan_train,car,0_real,car/0_real/08984.png,79041,b8bc2c24,22631700837,79025,8
train,progan_train,car,0_real,car/0_real/09127.png,88361,3b376582,21670761681,88107,8
train,progan_train,car,0_real,car/0_real/09242.png,78532,0135c27e,22922556876,78543,8
train,progan_train,car,0_real,car/0_real/09893.png,93278,38d629ab,22764979783,93012,8
train,progan_train,car,0_real,car/0_real/10203.png,116808,0053d844,22553534903,116768,8
train,progan_train,car,0_real,car/0_real/10612.png,78386,ad53946d,21865571494,77122,8
train,progan_train,car,0_real,car/0_real/11183.png,102573,6ce3208e,22260663391,102579,8
train,progan_train,car,0_real,car/0_real/11271.png,117130,e025812c,23118766022,116452,8
train,progan_train,car,0_real,car/0_real/11331.png,100894,47fcdd32,21808831174,100719,8
train,progan_train,car,0_real,car/0_real/11849.png,83466,7845312b,22949165240,83448,8
train,progan_train,car,0_real,car/0_real/11887.png,72974,b94144a3,22389177333,72894,8
train,progan_train,car,0_real,car/0_real/12189.png,111039,bb74a3a3,22796333446,110792,8
train,progan_train,car,0_real,car/0_real/12370.png,140253,e5249b43,22174763701,140071,8
train,progan_train,car,0_real,car/0_real/12404.png,105306,8ada1a0e,21894696736,105195,8
train,progan_train,car,0_real,car/0_real/12443.png,125202,f4cfba21,21833863674,125087,8
train,progan_train,car,0_real,car/0_real/12460.png,122626,6f5e6e98,22899994430,122454,8
train,progan_train,car,0_real,car/0_real/13278.png,99267,737922d9,22436287974,99051,8
train,progan_train,car,0_real,car/0_real/13323.png,72768,502fff55,22863878215,72757,8
train,progan_train,car,0_real,car/0_real/13780.png,107406,ecdb44e5,22517983622,107331,8
train,progan_train,car,0_real,car/0_real/13933.png,87655,93dda8d3,21992312383,87599,8
train,progan_train,car,0_real,car/0_real/14228.png,39994,6b7dd89d,22069637624,39697,8
train,progan_train,car,0_real,car/0_real/14356.png,123461,bc3a2231,22392658014,122863,8
train,progan_train,car,0_real,car/0_real/14441.png,92441,caa54469,21502190795,92020,8
train,progan_train,car,0_real,car/0_real/14475.png,114575,33a98e1b,22226370015,114595,8
train,progan_train,car,0_real,car/0_real/14554.png,111413,1c4a4400,22005133282,111377,8
train,progan_train,car,0_real,car/0_real/14561.png,85483,c1664710,21845884810,85473,8
train,progan_train,car,0_real,car/0_real/14590.png,66559,51ca8e52,22745692433,66195,8
train,progan_train,car,0_real,car/0_real/14739.png,86180,ac12c087,21892968164,86195,8
train,progan_train,car,0_real,car/0_real/14854.png,66119,63c000b2,21986573034,66095,8
train,progan_train,car,0_real,car/0_real/14995.png,82107,860dc7a0,22741969359,82118,8
train,progan_train,car,0_real,car/0_real/15131.png,90803,f98d6f84,22906058141,88973,8
train,progan_train,car,0_real,car/0_real/15231.png,108717,c52259aa,22337221713,108262,8
train,progan_train,car,0_real,car/0_real/15339.png,98632,2cc700cb,22048544586,98594,8
train,progan_train,car,0_real,car/0_real/15516.png,81571,2df558e6,22088068805,81565,8
train,progan_train,car,0_real,car/0_real/15853.png,113454,5d922bec,22416069421,111498,8
train,progan_train,car,0_real,car/0_real/16034.png,84972,70b0394c,21597844852,84972,8
train,progan_train,car,0_real,car/0_real/16311.png,45659,4f78c2c8,22894658107,45669,8
train,progan_train,car,0_real,car/0_real/16334.png,111628,e23484ea,21893939301,111367,8
train,progan_train,car,0_real,car/0_real/16706.png,76889,bd05ad45,21777475372,76711,8
train,progan_train,car,0_real,car/0_real/16735.png,100834,b9f91983,21960138219,100539,8
train,progan_train,car,0_real,car/0_real/16990.png,134145,b59ed377,21516189197,133777,8
train,progan_train,car,0_real,car/0_real/17402.png,104632,cdedf86f,22447484199,104465,8
train,progan_train,car,0_real,car/0_real/17891.png,105407,563bddbb,23026732817,105115,8
train,progan_train,car,0_real,car/0_real/18188.png,114603,bc44c2a3,22815812266,114337,8
train,progan_train,car,0_real,car/0_real/18552.png,137967,36dbeaba,22816572935,137832,8
train,progan_train,car,0_real,car/0_real/18685.png,88523,4aa547ed,22039830553,88502,8
train,progan_train,car,0_real,car/0_real/18903.png,63342,6debb557,22273691449,63109,8
train,progan_train,car,0_real,car/0_real/18918.png,114648,8b26f70c,22892496802,114280,8
train,progan_train,car,0_real,car/0_real/18930.png,92963,4f7f9f57,21944669208,92678,8
train,progan_train,car,0_real,car/0_real/19621.png,107198,625fc4bc,22496279902,106985,8
train,progan_train,car,0_real,car/0_real/19675.png,102361,339bc8f5,21726028275,102291,8
train,progan_train,car,1_fake,car/1_fake/00169.png,98431,c788d908,25128598655,98446,8
train,progan_train,car,1_fake,car/1_fake/00397.png,98807,391d8e1c,24014295298,98827,8
train,progan_train,car,1_fake,car/1_fake/00410.png,116097,aad1c645,24377934987,116117,8
train,progan_train,car,1_fake,car/1_fake/00470.png,124617,b95fa159,24295039625,124401,8
train,progan_train,car,1_fake,car/1_fake/00495.png,94195,e6891a83,23960001991,94019,8
train,progan_train,car,1_fake,car/1_fake/00870.png,87027,f7705500,24187898343,87042,8
train,progan_train,car,1_fake,car/1_fake/00914.png,109750,06e240c2,23262666614,109756,8
train,progan_train,car,1_fake,car/1_fake/01216.png,109542,564933a6,23550848297,109483,8
train,progan_train,car,1_fake,car/1_fake/01247.png,109938,78f3ffa2,23788571644,109923,8
train,progan_train,car,1_fake,car/1_fake/01568.png,77027,26ee9476,24316844264,76909,8
train,progan_train,car,1_fake,car/1_fake/01684.png,150326,730053f3,24192248939,150271,8
train,progan_train,car,1_fake,car/1_fake/01888.png,113740,a59cfeaf,24243332151,113583,8
train,progan_train,car,1_fake,car/1_fake/02056.png,108651,ec042800,23434752756,108510,8
train,progan_train,car,1_fake,car/1_fake/02271.png,76714,2857fa8e,24451835004,76659,8
train,progan_train,car,1_fake,car/1_fake/02275.png,108610,06c743fe,23865638951,108558,8
train,progan_train,car,1_fake,car/1_fake/02711.png,134790,f81d7dec,24375942608,134570,8
train,progan_train,car,1_fake,car/1_fake/02731.png,82810,87c51a74,23506379907,82825,8
train,progan_train,car,1_fake,car/1_fake/02934.png,90886,e60cb0bf,23702561212,90870,8
train,progan_train,car,1_fake,car/1_fake/03421.png,122806,1a2b1b40,23371813282,122826,8
train,progan_train,car,1_fake,car/1_fake/03487.png,103030,ec4167d1,24051965171,103042,8
train,progan_train,car,1_fake,car/1_fake/03689.png,114347,cf0138da,23274475115,114299,8
train,progan_train,car,1_fake,car/1_fake/03804.png,109644,57740513,23798217858,109567,8
train,progan_train,car,1_fake,car/1_fake/04008.png,90263,a0ac32d1,24963387677,90201,8
train,progan_train,car,1_fake,car/1_fake/04241.png,140784,b535bf49,24476512859,140690,8
train,progan_train,car,1_fake,car/1_fake/04296.png,138356,01863972,23246455318,138060,8
train,progan_train,car,1_fake,car/1_fake/04568.png,136618,4b8fce1d,24808795248,136606,8
train,progan_train,car,1_fake,car/1_fake/04816.png,89441,5290d802,23602959692,89437,8
train,progan_train,car,1_fake,car/1_fake/04820.png,76839,3666df54,24488345030,76755,8
train,progan_train,car,1_fake,car/1_fake/05273.png,72617,e5a1f920,23504612464,72475,8
train,progan_train,car,1_fake,car/1_fake/05315.png,51239,aa8c3632,23292114587,51188,8
train,progan_train,car,1_fake,car/1_fake/05383.png,127894,56d7e530,24044418131,127441,8
train,progan_train,car,1_fake,car/1_fake/05491.png,113238,af6d7b81,24682357176,113224,8
train,progan_train,car,1_fake,car/1_fake/05582.png,123067,61625208,24426378665,122996,8
train,progan_train,car,1_fake,car/1_fake/05774.png,111711,2791832c,25141616912,111731,8
train,progan_train,car,1_fake,car/1_fake/06143.png,145785,564c00e8,24146674514,145605,8
train,progan_train,car,1_fake,car/1_fake/06530.png,120962,7e506097,23705571503,120982,8
train,progan_train,car,1_fake,car/1_fake/06797.png,111349,2e80d76a,23376004591,111041,8
train,progan_train,car,1_fake,car/1_fake/07178.png,88252,dcce18f6,23712676869,88195,8
train,progan_train,car,1_fake,car/1_fake/07345.png,97078,86b18279,24480627090,97084,8
train,progan_train,car,1_fake,car/1_fake/07409.png,100169,cbd81186,24765021016,100153,8
train,progan_train,car,1_fake,car/1_fake/07553.png,133022,679a835a,24068990803,132866,8
train,progan_train,car,1_fake,car/1_fake/07808.png,95825,03695ff5,24989598294,95770,8
train,progan_train,car,1_fake,car/1_fake/09228.png,112962,239214df,24774048737,112927,8
train,progan_train,car,1_fake,car/1_fake/09231.png,83679,d8a207ad,24653174452,83621,8
train,progan_train,car,1_fake,car/1_fake/09332.png,117989,57ab009b,23602555223,117662,8
train,progan_train,car,1_fake,car/1_fake/09340.png,70987,a9b71079,24804315246,70985,8
train,progan_train,car,1_fake,car/1_fake/09609.png,85603,695d32ea,24024657239,85509,8
train,progan_train,car,1_fake,car/1_fake/09650.png,119394,caa49c34,23955238150,119414,8
train,progan_train,car,1_fake,car/1_fake/09760.png,106486,dfff568d,23975067061,106335,8
train,progan_train,car,1_fake,car/1_fake/10295.png,48362,23a42053,24477436784,48372,8
train,progan_train,car,1_fake,car/1_fake/10598.png,115508,1f4186bc,24255954854,115475,8
train,progan_train,car,1_fake,car/1_fake/10699.png,72041,79942326,24218687883,72012,8
train,progan_train,car,1_fake,car/1_fake/11196.png,60642,0f6fea9e,23465206988,60642,8
train,progan_train,car,1_fake,car/1_fake/11256.png,115565,404c2d81,23965978741,115539,8
train,progan_train,car,1_fake,car/1_fake/11348.png,85153,a3069144,24425913698,85040,8
train,progan_train,car,1_fake,car/1_fake/11389.png,106350,07ff90d2,24501040157,106231,8
train,progan_train,car,1_fake,car/1_fake/11407.png,138347,eee575a0,24423354834,138083,8
train,progan_train,car,1_fake,car/1_fake/11508.png,89292,a1f3229c,23600446205,89256,8
train,progan_train,car,1_fake,car/1_fake/11537.png,78484,ea85dc1c,23844843101,78434,8
train,progan_train,car,1_fake,car/1_fake/11614.png,104422,e0c57d7f,25140551487,104394,8
train,progan_train,car,1_fake,car/1_fake/11977.png,123714,e1850347,23916180252,123726,8
train,progan_train,car,1_fake,car/1_fake/12319.png,98244,af55f9fb,24265296340,98259,8
train,progan_train,car,1_fake,car/1_fake/12323.png,104872,38e0e724,25021717799,104892,8
train,progan_train,car,1_fake,car/1_fake/12533.png,123110,9e6dd14c,24303759527,122988,8
train,progan_train,car,1_fake,car/1_fake/12738.png,99907,096dd863,24356742910,99927,8
train,progan_train,car,1_fake,car/1_fake/13402.png,119046,a61acbc5,25109129567,119066,8
train,progan_train,car,1_fake,car/1_fake/13429.png,87684,88bb405c,23822292467,87699,8
train,progan_train,car,1_fake,car/1_fake/13456.png,111935,e82f3cce,25053468913,111770,8
train,progan_train,car,1_fake,car/1_fake/13607.png,127584,6067f9be,24377482466,127590,8
train,progan_train,car,1_fake,car/1_fake/13613.png,96186,bad8fa9d,24412782533,96161,8
train,progan_train,car,1_fake,car/1_fake/13994.png,116037,b61a46d2,23778617332,115672,8
train,progan_train,car,1_fake,car/1_fake/13999.png,135705,eb602ea6,23301757727,135600,8
train,progan_train,car,1_fake,car/1_fake/14048.png,110346,ffb83aa8,24695772822,110132,8
train,progan_train,car,1_fake,car/1_fake/14140.png,117015,73482c29,23927245149,116892,8
train,progan_train,car,1_fake,car/1_fake/14385.png,104830,65d1d511,23566498279,104795,8
train,progan_train,car,1_fake,car/1_fake/14423.png,99116,29637eb9,23622371494,99133,8
train,progan_train,car,1_fake,car/1_fake/14538.png,124473,419912b4,25030012767,124355,8
train,progan_train,car,1_fake,car/1_fake/14765.png,74801,a1b71e4a,24777357866,74816,8
train,progan_train,car,1_fake,car/1_fake/14778.png,93696,4b9d2654,23387869267,93692,8
train,progan_train,car,1_fake,car/1_fake/14858.png,132471,5e535c68,24774723362,132350,8
train,progan_train,car,1_fake,car/1_fake/14992.png,96259,efd0cce5,24100684479,96213,8
train,progan_train,car,1_fake,car/1_fake/15027.png,90718,e3ccb0d6,24098706347,90685,8
train,progan_train,car,1_fake,car/1_fake/15201.png,117989,881df5ff,24002522674,117937,8
train,progan_train,car,1_fake,car/1_fake/15445.png,97530,d6d46349,23357911481,97431,8
train,progan_train,car,1_fake,car/1_fake/15672.png,107160,ba61acc6,23375786485,107130,8
train,progan_train,car,1_fake,car/1_fake/16023.png,109330,32811c64,24733802486,109331,8
train,progan_train,car,1_fake,car/1_fake/16679.png,108061,c0c69b4a,24327990703,108044,8
train,progan_train,car,1_fake,car/1_fake/16839.png,122701,92a46397,24641843874,122699,8
train,progan_train,car,1_fake,car/1_fake/17285.png,82709,42a2c7a5,23855684907,82707,8
train,progan_train,car,1_fake,car/1_fake/17391.png,76669,bfe9c83e,24934616014,76646,8
train,progan_train,car,1_fake,car/1_fake/17526.png,126067,a148cd59,24741205340,125850,8
train,progan_train,car,1_fake,car/1_fake/17774.png,131075,0b10bb63,23625783110,130822,8
train,progan_train,car,1_fake,car/1_fake/17832.png,94485,ec0fc663,23313298460,94500,8
train,progan_train,car,1_fake,car/1_fake/18094.png,122519,bd6e035a,24967163603,122402,8
train,progan_train,car,1_fake,car/1_fake/18501.png,107640,83f4a237,24134207628,107660,8
train,progan_train,car,1_fake,car/1_fake/18619.png,135549,94428af1,23767314890,135455,8
train,progan_train,car,1_fake,car/1_fake/18974.png,87282,644d42d3,24885955279,87293,8
train,progan_train,car,1_fake,car/1_fake/19287.png,119013,333fb999,23796498516,119018,8
train,progan_train,car,1_fake,car/1_fake/19648.png,103620,d4e7c7cf,24421824482,103518,8
train,progan_train,car,1_fake,car/1_fake/19984.png,122972,7f06e47f,24739225673,122856,8
train,progan_train,cat,0_real,cat/0_real/00571.png,95353,280be2c6,26778283294,95210,8
train,progan_train,cat,0_real,cat/0_real/00623.png,121350,54f47e50,25882908653,121194,8
train,progan_train,cat,0_real,cat/0_real/00900.png,77736,e8f924c2,26026597100,77319,8
train,progan_train,cat,0_real,cat/0_real/00956.png,123928,b427a4ee,25472048133,123852,8
train,progan_train,cat,0_real,cat/0_real/01002.png,143610,9c283a98,25943434924,143366,8
train,progan_train,cat,0_real,cat/0_real/01024.png,74157,3d8b0452,25879115093,74137,8
train,progan_train,cat,0_real,cat/0_real/01047.png,116500,b26830c5,25873111500,116510,8
train,progan_train,cat,0_real,cat/0_real/01704.png,87616,c365565f,25535038651,87586,8
train,progan_train,cat,0_real,cat/0_real/02477.png,137506,7ee790bc,26902992859,137429,8
train,progan_train,cat,0_real,cat/0_real/02809.png,136210,3d974827,25807842450,136173,8
train,progan_train,cat,0_real,cat/0_real/02831.png,103637,3f7f428d,26276570617,103473,8
train,progan_train,cat,0_real,cat/0_real/02886.png,66093,5149e92d,26911658686,65499,8
train,progan_train,cat,0_real,cat/0_real/03042.png,112068,859b0fab,25512316066,111311,8
train,progan_train,cat,0_real,cat/0_real/03472.png,139593,3bb4aa48,25675047840,139611,8
train,progan_train,cat,0_real,cat/0_real/03482.png,101356,83cd708c,26277883805,100817,8
train,progan_train,cat,0_real,cat/0_real/03545.png,123489,f494e4f2,26115317234,122936,8
train,progan_train,cat,0_real,cat/0_real/03661.png,129186,dbd37329,26728661537,128429,8
train,progan_train,cat,0_real,cat/0_real/03919.png,90064,8e19cd27,26784989376,90079,8
train,progan_train,cat,0_real,cat/0_real/04027.png,94035,e2627d1b,25222407321,93869,8
train,progan_train,cat,0_real,cat/0_real/04110.png,134521,db8a8cb2,26309984021,133587,8
train,progan_train,cat,0_real,cat/0_real/04471.png,105634,142b5c75,25995782417,105439,8
train,progan_train,cat,0_real,cat/0_real/04510.png,71139,e1b32815,26269260097,70821,8
train,progan_train,cat,0_real,cat/0_real/04751.png,138594,89bfd5c8,25414411317,138309,8
train,progan_train,cat,0_real,cat/0_real/04765.png,46418,8350e3d8,26836186442,46185,8
train,progan_train,cat,0_real,cat/0_real/04766.png,124349,aa893e70,26767056637,123862,8
train,progan_train,cat,0_real,cat/0_real/05033.png,62702,e223ed6a,25223321153,62696,8
train,progan_train,cat,0_real,cat/0_real/05065.png,65529,14325b22,25899955253,65352,8
train,progan_train,cat,0_real,cat/0_real/05129.png,130809,77af080d,26308915897,130596,8
train,progan_train,cat,0_real,cat/0_real/05793.png,100035,abf1abec,26318442834,99954,8
train,progan_train,cat,0_real,cat/0_real/05918.png,129914,71bff48f,25310499901,129389,8
train,progan_train,cat,0_real,cat/0_real/06039.png,79658,3f75e6c5,26083924844,79563,8
train,progan_train,cat,0_real,cat/0_real/06257.png,66483,adc6dd79,26383861188,66321,8
train,progan_train,cat,0_real,cat/0_real/06453.png,95746,d887898d,25489826486,95711,8
train,progan_train,cat,0_real,cat/0_real/07077.png,114318,39c87539,26129122670,114129,8
train,progan_train,cat,0_real,cat/0_real/07475.png,110687,d59cb4a4,25667503989,110101,8
train,progan_train,cat,0_real,cat/0_real/07862.png,111628,2e65755b,26833161447,111424,8
train,progan_train,cat,0_real,cat/0_real/07894.png,95114,77bc46af,26838798579,94966,8
train,progan_train,cat,0_real,cat/0_real/07981.png,76089,6ffc2f2d,26439820570,76104,8
train,progan_train,cat,0_real,cat/0_real/08233.png,136059,548ee018,26423432056,135886,8
train,progan_train,cat,0_real,cat/0_real/08581.png,96889,141caeb9,26026500207,96815,8
train,progan_train,cat,0_real,cat/0_real/08750.png,109516,5ecfc39b,25656662975,109371,8
train,progan_train,cat,0_real,cat/0_real/08782.png,97789,8a009f57,26510221046,97804,8
train,progan_train,cat,0_real,cat/0_real/09190.png,104465,39ab70d0,25752741124,104361,8
train,progan_train,cat,0_real,cat/0_real/09612.png,87927,df77bd1f,25332611145,87882,8
train,progan_train,cat,0_real,cat/0_real/09947.png,52235,480731bc,26479807651,52243,8
train,progan_train,cat,0_real,cat/0_real/10706.png,98837,36248175,25805687542,98807,8
train,progan_train,cat,0_real,cat/0_real/10968.png,90400,d989cf2c,25459368047,90415,8
train,progan_train,cat,0_real,cat/0_real/11091.png,111483,388768de,26190578917,111364,8
train,progan_train,cat,0_real,cat/0_real/11125.png,69291,d792ef97,26896309866,69107,8
train,progan_train,cat,0_real,cat/0_real/11389.png,122042,7885d6b5,26335814873,121617,8
train,progan_train,cat,0_real,cat/0_real/11569.png,55049,044d3408,26498490319,54860,8
train,progan_train,cat,0_real,cat/0_real/12006.png,94347,6db87d90,26780772402,94312,8
train,progan_train,cat,0_real,cat/0_real/12457.png,66252,a8a15fe9,25896286234,66192,8
train,progan_train,cat,0_real,cat/0_real/12648.png,146098,5b083b61,26408902250,145997,8
train,progan_train,cat,0_real,cat/0_real/13051.png,93804,47e30304,25664448680,93523,8
train,progan_train,cat,0_real,cat/0_real/13285.png,134151,6b9c6937,25472294935,133600,8
train,progan_train,cat,0_real,cat/0_real/13291.png,103035,1aac8496,26010291496,102983,8
train,progan_train,cat,0_real,cat/0_real/13336.png,132223,ea3191ab,26578568348,131388,8
train,progan_train,cat,0_real,cat/0_real/13371.png,105619,9c3a1d39,26646902663,105411,8
train,progan_train,cat,0_real,cat/0_real/13429.png,73591,ef8f028e,25702130597,73483,8
train,progan_train,cat,0_real,cat/0_real/13497.png,65534,cafdd4e2,25759064261,65431,8
train,progan_train,cat,0_real,cat/0_real/13584.png,109231,d7dfba7a,26663453404,108856,8
train,progan_train,cat,0_real,cat/0_real/13622.png,106218,5051e79b,26504417184,106101,8
train,progan_train,cat,0_real,cat/0_real/13722.png,124861,b40a9dd1,26282532073,124447,8
train,progan_train,cat,0_real,cat/0_real/13890.png,140954,b6330b42,25551504356,140803,8
train,progan_train,cat,0_real,cat/0_real/13989.png,88628,906df2c7,25565250249,88505,8
train,progan_train,cat,0_real,cat/0_real/14025.png,61290,50bce0d4,25379241192,61260,8
train,progan_train,cat,0_real,cat/0_real/14700.png,106428,b6ba5ead,26366695785,106306,8
train,progan_train,cat,0_real,cat/0_real/14746.png,110217,c82f6872,25678802458,110127,8
train,progan_train,cat,0_real,cat/0_real/14907.png,98881,7a944315,26552416531,98678,8
train,progan_train,cat,0_real,cat/0_real/15216.png,114390,db0e76fd,25913002775,113852,8
train,progan_train,cat,0_real,cat/0_real/15510.png,79858,4a96f074,25556793630,79770,8
train,progan_train,cat,0_real,cat/0_real/15561.png,67357,a8a573e6,26411756542,67290,8
train,progan_train,cat,0_real,cat/0_real/15600.png,108532,eec3c957,26915095868,108248,8
train,progan_train,cat,0_real,cat/0_real/15689.png,96947,ea0a8ba0,26488304792,96597,8
train,progan_train,cat,0_real,cat/0_real/15770.png,120049,8ec7c72b,26582129978,119791,8
train,progan_train,cat,0_real,cat/0_real/16189.png,64612,4051ac6d,26353152128,64610,8
train,progan_train,cat,0_real,cat/0_real/16459.png,105343,eec81af9,26272290135,105113,8
train,progan_train,cat,0_real,cat/0_real/16531.png,141259,87e0554f,25527195008,141151,8
train,progan_train,cat,0_real,cat/0_real/16720.png,115022,c016bd50,25427694201,114880,8
train,progan_train,cat,0_real,cat/0_real/16807.png,89471,8b780e94,26373619940,89470,8
train,progan_train,cat,0_real,cat/0_real/17074.png,98238,a273ba60,25868447787,98010,8
train,progan_train,cat,0_real,cat/0_real/17105.png,126388,24688bf1,26039315939,125445,8
train,progan_train,cat,0_real,cat/0_real/17123.png,108143,bba3a394,26416358453,108023,8
train,progan_train,cat,0_real,cat/0_real/17413.png,86169,0ebe2b3f,26521095221,86144,8
train,progan_train,cat,0_real,cat/0_real/17569.png,40105,1434a935,26572824179,40079,8
train,progan_train,cat,0_real,cat/0_real/17850.png,122209,0326c9c7,26129599379,121937,8
train,progan_train,cat,0_real,cat/0_real/17854.png,98866,928e47c1,26666308919,98565,8
train,progan_train,cat,0_real,cat/0_real/17865.png,118870,df847754,26768534705,118613,8
train,progan_train,cat,0_real,cat/0_real/17887.png,62193,32768684,25810188772,62203,8
train,progan_train,cat,0_real,cat/0_real/18032.png,63854,88dfdf94,25428538885,63861,8
train,progan_train,cat,0_real,cat/0_real/18229.png,102938,f5720943,25182902378,102939,8
train,progan_train,cat,0_real,cat/0_real/18678.png,99842,711eadd2,26525315550,99752,8
train,progan_train,cat,0_real,cat/0_real/18983.png,58604,4f42e29d,26584129746,58434,8
train,progan_train,cat,0_real,cat/0_real/19153.png,118582,9ae37c40,26002798796,118578,8
train,progan_train,cat,0_real,cat/0_real/19496.png,89175,1df9be0b,26327394659,89130,8
train,progan_train,cat,0_real,cat/0_real/19692.png,88574,1f581523,25297184335,88589,8
train,progan_train,cat,0_real,cat/0_real/19883.png,100804,8de970ee,26525415380,100768,8
train,progan_train,cat,0_real,cat/0_real/19920.png,82541,b3cef7b9,25951425982,82309,8
train,progan_train,cat,0_real,cat/0_real/19979.png,92517,44f3551d,25245658418,92229,8
train,progan_train,cat,1_fake,cat/1_fake/00039.png,98070,97f54177,28676709871,98022,8
train,progan_train,cat,1_fake,cat/1_fake/00676.png,115859,3584726b,27622785211,115862,8
train,progan_train,cat,1_fake,cat/1_fake/00921.png,88627,e0e49845,27547273102,88642,8
train,progan_train,cat,1_fake,cat/1_fake/01101.png,120483,2a1696ca,27019830496,119676,8
train,progan_train,cat,1_fake,cat/1_fake/01165.png,93469,76d8cf5c,28513400217,93440,8
train,progan_train,cat,1_fake,cat/1_fake/01490.png,138168,f29212cf,27518846714,137987,8
train,progan_train,cat,1_fake,cat/1_fake/02001.png,92047,f6e102b6,27279481724,92062,8
train,progan_train,cat,1_fake,cat/1_fake/02171.png,111580,dba09874,28284845981,111434,8
train,progan_train,cat,1_fake,cat/1_fake/02304.png,85747,bcfe3768,28480829766,85616,8
train,progan_train,cat,1_fake,cat/1_fake/02379.png,104923,680347da,27955053258,104429,8
train,progan_train,cat,1_fake,cat/1_fake/02527.png,138001,69b45adb,28305969625,137157,8
train,progan_train,cat,1_fake,cat/1_fake/02790.png,116579,95072382,27509494033,116599,8
train,progan_train,cat,1_fake,cat/1_fake/02886.png,94348,0cc4911a,28833566822,94294,8
train,progan_train,cat,1_fake,cat/1_fake/02942.png,115757,dd76ae21,27645551666,114904,8
train,progan_train,cat,1_fake,cat/1_fake/03245.png,156578,abe7b09a,27593213886,155929,8
train,progan_train,cat,1_fake,cat/1_fake/03270.png,89284,31d9ef36,26990079403,89236,8
train,progan_train,cat,1_fake,cat/1_fake/03300.png,110350,46f337c3,27546488279,109900,8
train,progan_train,cat,1_fake,cat/1_fake/03336.png,129608,199d50e2,28450443206,128995,8
train,progan_train,cat,1_fake,cat/1_fake/03352.png,123414,11c0d259,27095369955,123413,8
train,progan_train,cat,1_fake,cat/1_fake/03402.png,84203,cf8e6785,28195968447,84113,8
train,progan_train,cat,1_fake,cat/1_fake/03537.png,164655,6270e76a,27959822752,164661,8
train,progan_train,cat,1_fake,cat/1_fake/03569.png,128774,c3e91918,27268145472,128551,8
train,progan_train,cat,1_fake,cat/1_fake/04018.png,100234,e4ae141a,27598051453,100239,8
train,progan_train,cat,1_fake,cat/1_fake/04110.png,80258,1f0ec122,28187100507,80224,8
train,progan_train,cat,1_fake,cat/1_fake/04219.png,120717,73253713,28549239482,120660,8
train,progan_train,cat,1_fake,cat/1_fake/04382.png,91615,e512bf37,27389051942,91428,8
train,progan_train,cat,1_fake,cat/1_fake/04601.png,73214,95a964d4,28089411002,73211,8
train,progan_train,cat,1_fake,cat/1_fake/04955.png,94190,a3a36776,27570132933,93906,8
train,progan_train,cat,1_fake,cat/1_fake/05161.png,101200,4f6cfe30,27984719150,100951,8
train,progan_train,cat,1_fake,cat/1_fake/05173.png,111777,43d42392,27616626948,111503,8
train,progan_train,cat,1_fake,cat/1_fake/05402.png,121209,477b287e,28177943610,121105,8
train,progan_train,cat,1_fake,cat/1_fake/05463.png,111350,4df755ff,28049650258,110673,8
train,progan_train,cat,1_fake,cat/1_fake/05802.png,87236,a33d8c81,27137145885,87251,8
train,progan_train,cat,1_fake,cat/1_fake/06076.png,76744,35927f3b,27581872978,76603,8
train,progan_train,cat,1_fake,cat/1_fake/06160.png,122603,9b8c5617,28129917536,122551,8
train,progan_train,cat,1_fake,cat/1_fake/06197.png,113839,1984b723,27047306264,113859,8
train,progan_train,cat,1_fake,cat/1_fake/06826.png,124232,20f0d752,28669434190,124129,8
train,progan_train,cat,1_fake,cat/1_fake/07245.png,102744,35a17cb1,27772882713,102419,8
train,progan_train,cat,1_fake,cat/1_fake/07309.png,120995,288e8c1c,28652390443,120802,8
train,progan_train,cat,1_fake,cat/1_fake/07351.png,112880,172c992a,27048851864,112836,8
train,progan_train,cat,1_fake,cat/1_fake/07755.png,85436,11f346fc,28589552333,85387,8
train,progan_train,cat,1_fake,cat/1_fake/08000.png,74132,63cc0c1f,28570648556,74098,8
train,progan_train,cat,1_fake,cat/1_fake/08537.png,107741,f4d46957,28296862058,107436,8
train,progan_train,cat,1_fake,cat/1_fake/08707.png,94816,101d497e,27418565705,94587,8
train,progan_train,cat,1_fake,cat/1_fake/08789.png,68451,dd79d9cf,28426763145,68463,8
train,progan_train,cat,1_fake,cat/1_fake/08813.png,93185,b17a1e75,27720896861,93148,8
train,progan_train,cat,1_fake,cat/1_fake/09021.png,143486,e00854d6,28018764055,143044,8
train,progan_train,cat,1_fake,cat/1_fake/09581.png,118710,4ebf0cd2,27595662545,118730,8
train,progan_train,cat,1_fake,cat/1_fake/09699.png,123092,12d12644,28627418244,123043,8
train,progan_train,cat,1_fake,cat/1_fake/09726.png,122988,1658b05c,28394914396,122790,8
train,progan_train,cat,1_fake,cat/1_fake/09799.png,96788,f3ad005b,27505930961,96764,8
train,progan_train,cat,1_fake,cat/1_fake/10096.png,100660,49214bc9,28621229460,100598,8
train,progan_train,cat,1_fake,cat/1_fake/10241.png,122797,02a844c6,27239093038,122320,8
train,progan_train,cat,1_fake,cat/1_fake/10339.png,123292,112919ea,28407714449,122826,8
train,progan_train,cat,1_fake,cat/1_fake/10342.png,102487,1ff13366,27849521101,102386,8
train,progan_train,cat,1_fake,cat/1_fake/10765.png,100380,f76fe07a,28086437641,100372,8
train,progan_train,cat,1_fake,cat/1_fake/10935.png,84845,e8e404b0,28357126163,84718,8
train,progan_train,cat,1_fake,cat/1_fake/10950.png,125407,85d5cf79,27945684279,124838,8
train,progan_train,cat,1_fake,cat/1_fake/11354.png,90165,acf4a118,28852825706,90109,8
train,progan_train,cat,1_fake,cat/1_fake/11448.png,136208,b466226d,27083292633,135872,8
train,progan_train,cat,1_fake,cat/1_fake/11617.png,97491,d38ffe71,28680554172,97438,8
train,progan_train,cat,1_fake,cat/1_fake/11802.png,100150,3412817f,27734776992,99921,8
train,progan_train,cat,1_fake,cat/1_fake/12345.png,114599,d7e8edf6,27715883915,114575,8
train,progan_train,cat,1_fake,cat/1_fake/12398.png,90514,e92ace9d,28603833198,90529,8
train,progan_train,cat,1_fake,cat/1_fake/12642.png,121280,f94bc062,27604542510,121300,8
train,progan_train,cat,1_fake,cat/1_fake/12681.png,112525,b10892d4,27458305377,112545,8
train,progan_train,cat,1_fake,cat/1_fake/12918.png,91459,e90a7b0c,27049860975,91474,8
train,progan_train,cat,1_fake,cat/1_fake/13081.png,101455,9a52701b,28393332582,101342,8
train,progan_train,cat,1_fake,cat/1_fake/13164.png,106733,ef80d187,28502663457,106568,8
train,progan_train,cat,1_fake,cat/1_fake/13179.png,119338,a93e89ad,27352635817,119170,8
train,progan_train,cat,1_fake,cat/1_fake/13294.png,75965,37a6fd66,28769789570,75980,8
train,progan_train,cat,1_fake,cat/1_fake/13533.png,123754,771068d5,28206585681,123755,8
train,progan_train,cat,1_fake,cat/1_fake/13585.png,99211,9ae3f8da,27311223698,99212,8
train,progan_train,cat,1_fake,cat/1_fake/14536.png,105117,805ec64a,27619975744,104867,8
train,progan_train,cat,1_fake,cat/1_fake/14704.png,103276,9f005e94,27152186246,103130,8
train,progan_train,cat,1_fake,cat/1_fake/14746.png,77192,5ab65329,27507215349,77140,8
train,progan_train,cat,1_fake,cat/1_fake/15194.png,94071,aba50580,27060314334,93981,8
train,progan_train,cat,1_fake,cat/1_fake/15354.png,104549,21c11444,27365041493,104455,8
train,progan_train,cat,1_fake,cat/1_fake/15712.png,96543,cbdc010a,28042690962,96558,8
train,progan_train,cat,1_fake,cat/1_fake/16038.png,92250,3c99cf12,28519095532,92063,8
train,progan_train,cat,1_fake,cat/1_fake/16372.png,80595,91732fb9,28101344159,80610,8
train,progan_train,cat,1_fake,cat/1_fake/16482.png,81321,80824b0d,28317477258,81164,8
train,progan_train,cat,1_fake,cat/1_fake/16519.png,98037,4e5aaa0d,27494845946,98042,8
train,progan_train,cat,1_fake,cat/1_fake/16687.png,110673,45356653,26994626781,110533,8
train,progan_train,cat,1_fake,cat/1_fake/17076.png,100019,cd80d23f,28003900814,99690,8
train,progan_train,cat,1_fake,cat/1_fake/17086.png,116265,1c14743e,28067099976,115665,8
train,progan_train,cat,1_fake,cat/1_fake/17655.png,105291,93193c52,27818256716,105088,8
train,progan_train,cat,1_fake,cat/1_fake/17694.png,110832,c1b77fa5,26977104284,110541,8
train,progan_train,cat,1_fake,cat/1_fake/17746.png,126788,8c05ac6a,27401675563,126808,8
train,progan_train,cat,1_fake,cat/1_fake/17821.png,107058,7b89fd83,27810923556,106817,8
train,progan_train,cat,1_fake,cat/1_fake/17866.png,126853,5b11c5a4,28131398153,126234,8
train,progan_train,cat,1_fake,cat/1_fake/18321.png,72072,65f928c3,28846403245,72044,8
train,progan_train,cat,1_fake,cat/1_fake/18382.png,132173,8b1afeb1,28349905923,131864,8
train,progan_train,cat,1_fake,cat/1_fake/18929.png,107192,a1f46c0f,27561276610,107039,8
train,progan_train,cat,1_fake,cat/1_fake/19305.png,124381,65031546,27431935283,124061,8
train,progan_train,cat,1_fake,cat/1_fake/19328.png,96676,eba84f14,28518345266,96503,8
train,progan_train,cat,1_fake,cat/1_fake/19388.png,77038,f859599a,27059809799,77053,8
train,progan_train,cat,1_fake,cat/1_fake/19494.png,143642,4abe2776,27224892151,143332,8
train,progan_train,cat,1_fake,cat/1_fake/19910.png,98335,66382bd0,28447929451,98212,8
train,progan_train,cat,1_fake,cat/1_fake/19943.png,94116,2ef3845d,27479288860,93881,8
train,progan_train,chair,0_real,chair/0_real/00130.png,118280,24cc4cf1,30303195238,118252,8
train,progan_train,chair,0_real,chair/0_real/00213.png,80691,986c6d6c,29652701194,80619,8
train,progan_train,chair,0_real,chair/0_real/00953.png,102740,dd5332e8,29955416275,102551,8
train,progan_train,chair,0_real,chair/0_real/01076.png,90446,c66cd87f,28999730947,90405,8
train,progan_train,chair,0_real,chair/0_real/01088.png,31632,6ba850a7,28987971553,31632,0
train,progan_train,chair,0_real,chair/0_real/01215.png,100653,e3f05939,29159144386,100220,8
train,progan_train,chair,0_real,chair/0_real/01307.png,58645,72851a95,28996719763,58655,8
train,progan_train,chair,0_real,chair/0_real/01379.png,85449,e3544db0,28874716416,85401,8
train,progan_train,chair,0_real,chair/0_real/01748.png,87235,de850161,30154816453,87245,8
train,progan_train,chair,0_real,chair/0_real/01806.png,95137,090d6451,29966107059,94953,8
train,progan_train,chair,0_real,chair/0_real/01841.png,65217,0ff6a66b,29967191515,65034,8
train,progan_train,chair,0_real,chair/0_real/02111.png,108502,2edb14ee,28891464743,108440,8
train,progan_train,chair,0_real,chair/0_real/02157.png,100728,81b23bfd,29074603482,100624,8
train,progan_train,chair,0_real,chair/0_real/02325.png,108855,e203db23,30298423577,108828,8
train,progan_train,chair,0_real,chair/0_real/02455.png,90083,caf14d54,29778481519,90067,8
train,progan_train,chair,0_real,chair/0_real/02463.png,95710,e54a3927,29283193600,95725,8
train,progan_train,chair,0_real,chair/0_real/02844.png,83715,a60a201d,30109249572,83602,8
train,progan_train,chair,0_real,chair/0_real/02867.png,35833,c20611d9,29182745761,35843,8
train,progan_train,chair,0_real,chair/0_real/02884.png,100007,14869613,29844286360,99735,8
train,progan_train,chair,0_real,chair/0_real/03422.png,106346,50fc9777,29363323528,106288,8
train,progan_train,chair,0_real,chair/0_real/03463.png,104873,e44935cc,29442710363,104889,8
train,progan_train,chair,0_real,chair/0_real/03476.png,83305,abcd7502,29527172320,83032,8
train,progan_train,chair,0_real,chair/0_real/03653.png,36292,191ec1dc,30226846831,36128,8
train,progan_train,chair,0_real,chair/0_real/03764.png,30527,613419db,29004315457,30186,8
train,progan_train,chair,0_real,chair/0_real/04079.png,117551,189d724d,29751532522,117554,8
train,progan_train,chair,0_real,chair/0_real/04168.png,78455,c7fac288,29735516826,78387,8
train,progan_train,chair,0_real,chair/0_real/04257.png,87217,8ee9cced,29229644506,87189,8
train,progan_train,chair,0_real,chair/0_real/04382.png,56550,ae327bb9,29214759274,56560,8
train,progan_train,chair,0_real,chair/0_real/04772.png,92149,90e3b5b2,28897502860,92147,8
train,progan_train,chair,0_real,chair/0_real/05023.png,121424,1eeb389a,28907062467,121418,8
train,progan_train,chair,0_real,chair/0_real/05082.png,31942,003159d2,30003720740,31805,8
train,progan_train,chair,0_real,chair/0_real/05160.png,97417,35a2e31d,29147092205,97298,8
train,progan_train,chair,0_real,chair/0_real/05462.png,102547,185d6a67,29279341674,102468,8
train,progan_train,chair,0_real,chair/0_real/05585.png,87656,aa4b7b99,29296206772,87603,8
train,progan_train,chair,0_real,chair/0_real/05722.png,73906,7b80077e,30120099677,73838,8
train,progan_train,chair,0_real,chair/0_real/05880.png,45559,a773e6ca,30236134529,45459,8
train,progan_train,chair,0_real,chair/0_real/05885.png,124823,f6705d50,29004478926,123984,8
train,progan_train,chair,0_real,chair/0_real/06230.png,87896,5b79480a,29386948958,87869,8
train,progan_train,chair,0_real,chair/0_real/06344.png,116184,2e30b9cb,30147851208,115842,8
train,progan_train,chair,0_real,chair/0_real/06425.png,18723,4c92ce04,30007344833,18417,8
train,progan_train,chair,0_real,chair/0_real/06507.png,61953,094429f6,29467430730,61368,8
train,progan_train,chair,0_real,chair/0_real/06575.png,93258,18154795,29123913273,93164,8
train,progan_train,chair,0_real,chair/0_real/06863.png,90637,311df51b,29563926556,90628,8
train,progan_train,chair,0_real,chair/0_real/07121.png,26951,f86f368d,29826074099,26602,8
train,progan_train,chair,0_real,chair/0_real/07470.png,39352,fbf84c9a,29532522888,39291,8
train,progan_train,chair,0_real,chair/0_real/07720.png,85175,14b87186,28902349529,85153,8
train,progan_train,chair,0_real,chair/0_real/07737.png,35388,569cabce,29336275687,35326,8
train,progan_train,chair,0_real,chair/0_real/08006.png,53716,1e9f2068,29492500152,53175,8
train,progan_train,chair,0_real,chair/0_real/08156.png,96511,683ecf7f,29332816426,96479,8
train,progan_train,chair,0_real,chair/0_real/08421.png,106386,d277b393,29936950135,106406,8
train,progan_train,chair,0_real,chair/0_real/08975.png,54103,90968f4f,28943183216,54018,8
train,progan_train,chair,0_real,chair/0_real/09118.png,65545,95afaa0f,30355300981,65503,8
train,progan_train,chair,0_real,chair/0_real/09201.png,93986,267e8e90,28968664422,93869,8
train,progan_train,chair,0_real,chair/0_real/09705.png,90939,af1132bc,30058471175,90859,8
train,progan_train,chair,0_real,chair/0_real/09860.png,83125,2b46c123,29838859192,83052,8
train,progan_train,chair,0_real,chair/0_real/10038.png,12703,1f10c32e,29082457878,12495,8
train,progan_train,chair,0_real,chair/0_real/10089.png,96300,8478309f,29515607700,96315,8
train,progan_train,chair,0_real,chair/0_real/10144.png,114890,45066228,30351634915,114882,8
train,progan_train,chair,0_real,chair/0_real/10549.png,65765,3c7292a1,29904039166,65777,8
train,progan_train,chair,0_real,chair/0_real/10701.png,52096,aaa94bf0,29106084419,52067,8
train,progan_train,chair,0_real,chair/0_real/11033.png,71728,54ef8e70,29309172783,71665,8
train,progan_train,chair,0_real,chair/0_real/11037.png,88969,2009bffb,29245173792,88951,8
train,progan_train,chair,0_real,chair/0_real/11054.png,89252,8c3ae737,30351205151,89267,8
train,progan_train,chair,0_real,chair/0_real/11766.png,69474,f5c411e4,28993903531,69438,8
train,progan_train,chair,0_real,chair/0_real/12060.png,71652,d196a438,28896425133,71667,8
train,progan_train,chair,0_real,chair/0_real/13313.png,121573,b5aa7abf,29788012403,121531,8
train,progan_train,chair,0_real,chair/0_real/13359.png,77083,56624107,30075693743,77088,8
train,progan_train,chair,0_real,chair/0_real/13421.png,68625,9041827f,30010292890,68506,8
train,progan_train,chair,0_real,chair/0_real/13462.png,93419,b53b0fde,29690411657,93434,8
train,progan_train,chair,0_real,chair/0_real/13591.png,95570,a3c9d46c,30152270275,95585,8
train,progan_train,chair,0_real,chair/0_real/13813.png,108882,ce6d2865,29985152027,108846,8
train,progan_train,chair,0_real,chair/0_real/13909.png,94840,cdaa9ce5,29754927763,94785,8
train,progan_train,chair,0_real,chair/0_real/14249.png,105498,07f0ca74,29594940677,105475,8
train,progan_train,chair,0_real,chair/0_real/14547.png,94349,e655f185,28983511982,94272,8
train,progan_train,chair,0_real,chair/0_real/14806.png,21742,f54f7b2f,30193578591,21477,8
train,progan_train,chair,0_real,chair/0_real/14897.png,83838,b11ca2c5,29320008244,83844,8
train,progan_train,chair,0_real,chair/0_real/15110.png,27348,a988ca2f,29344831933,27325,8
train,progan_train,chair,0_real,chair/0_real/15509.png,37702,d0a63af6,29839828943,37560,8
train,progan_train,chair,0_real,chair/0_real/15730.png,93560,9863b8c0,29872205987,93411,8
train,progan_train,chair,0_real,chair/0_real/15864.png,27002,9e573713,29532300756,26956,8
train,progan_train,chair,0_real,chair/0_real/15876.png,70694,5e5670f4,29440359042,70241,8
train,progan_train,chair,0_real,chair/0_real/15915.png,73863,04015237,29307564505,73878,8
train,progan_train,chair,0_real,chair/0_real/16299.png,123135,d506b4c6,29251702823,123146,8
train,progan_train,chair,0_real,chair/0_real/16719.png,42586,f387e798,29288117114,42478,8
train,progan_train,chair,0_real,chair/0_real/16836.png,108951,19be395c,30157335085,108948,8
train,progan_train,chair,0_real,chair/0_real/16908.png,142013,7104455b,29530058717,141930,8
train,progan_train,chair,0_real,chair/0_real/16936.png,142168,39d2dbdf,29692311456,142176,8
train,progan_train,chair,0_real,chair/0_real/17127.png,57229,26f2264e,29460519470,56985,8
train,progan_train,chair,0_real,chair/0_real/17319.png,76191,84a6af8e,28937268177,76206,8
train,progan_train,chair,0_real,chair/0_real/17714.png,121593,13cd2d19,29950570456,121613,8
train,progan_train,chair,0_real,chair/0_real/17782.png,50162,7f095e72,29045439096,49631,8
train,progan_train,chair,0_real,chair/0_real/17793.png,41320,6bd00fed,29926992270,41071,8
train,progan_train,chair,0_real,chair/0_real/18158.png,126860,cb10fcfb,29526144770,126333,8
train,progan_train,chair,0_real,chair/0_real/18347.png,105721,4fac31d2,29801336203,105654,8
train,progan_train,chair,0_real,chair/0_real/18496.png,95810,261b85f3,30163516551,95825,8
train,progan_train,chair,0_real,chair/0_real/18551.png,46150,b112d98d,28890533957,46160,8
train,progan_train,chair,0_real,chair/0_real/18809.png,53753,1db2d0f8,29560075141,53618,8
train,progan_train,chair,0_real,chair/0_real/19171.png,60356,d0979ddb,30157541158,60366,8
train,progan_train,chair,0_real,chair/0_real/19324.png,42688,92c6bc20,29272431411,42698,8
train,progan_train,chair,0_real,chair/0_real/19500.png,135741,0afebbe3,29552575656,135311,8
train,progan_train,chair,1_fake,chair/1_fake/00161.png,93679,b3b9ca09,31858259494,93677,8
train,progan_train,chair,1_fake,chair/1_fake/00219.png,117564,143f7348,31831427487,117584,8
train,progan_train,chair,1_fake,chair/1_fake/00235.png,79890,2da8d708,31580942544,79741,8
train,progan_train,chair,1_fake,chair/1_fake/00342.png,89173,ffba7e6e,31555341298,89063,8
train,progan_train,chair,1_fake,chair/1_fake/00406.png,141171,ddd57b48,31229229163,141048,8
train,progan_train,chair,1_fake,chair/1_fake/00591.png,99123,af00166a,31206811051,99143,8
train,progan_train,chair,1_fake,chair/1_fake/00684.png,122933,b34a0612,31978649461,122953,8
train,progan_train,chair,1_fake,chair/1_fake/00710.png,117289,bc6936fd,31415400777,117270,8
train,progan_train,chair,1_fake,chair/1_fake/00739.png,123196,9cf34f8c,30575465124,123198,8
train,progan_train,chair,1_fake,chair/1_fake/01338.png,89585,52d769e2,31503104962,89544,8
train,progan_train,chair,1_fake,chair/1_fake/01519.png,90397,91b688a3,31551497321,90410,8
train,progan_train,chair,1_fake,chair/1_fake/01716.png,115652,a9416706,31005324021,115643,8
train,progan_train,chair,1_fake,chair/1_fake/01733.png,125415,af8b4156,31550090932,125422,8
train,progan_train,chair,1_fake,chair/1_fake/01793.png,164373,dae96d46,31942374683,164393,8
train,progan_train,chair,1_fake,chair/1_fake/01807.png,99792,b8520d2f,31253089489,99812,8
train,progan_train,chair,1_fake,chair/1_fake/01971.png,113210,2fa92715,30843209137,113217,8
train,progan_train,chair,1_fake,chair/1_fake/02104.png,102149,eec60f20,30898638011,102044,8
train,progan_train,chair,1_fake,chair/1_fake/02212.png,139057,05a27a7b,31484157103,139055,8
train,progan_train,chair,1_fake,chair/1_fake/02432.png,113899,aea13f30,31125986301,113901,8
train,progan_train,chair,1_fake,chair/1_fake/02660.png,127688,c48a557c,31493294882,127696,8
train,progan_train,chair,1_fake,chair/1_fake/02706.png,67959,b8c4368e,30510562965,67935,8
train,progan_train,chair,1_fake,chair/1_fake/02855.png,53845,0787b7ef,31907938652,53855,8
train,progan_train,chair,1_fake,chair/1_fake/02914.png,66664,24748ca0,31969251777,66679,8
train,progan_train,chair,1_fake,chair/1_fake/03545.png,164666,ed0a5102,31271445021,164696,8
train,progan_train,chair,1_fake,chair/1_fake/04027.png,118249,02936b12,30446362816,118227,8
train,progan_train,chair,1_fake,chair/1_fake/04222.png,75947,f096a134,30740068580,75962,8
train,progan_train,chair,1_fake,chair/1_fake/05551.png,111235,88f56b58,30541469060,111221,8
train,progan_train,chair,1_fake,chair/1_fake/05789.png,120479,d3a90247,31433609160,120462,8
train,progan_train,chair,1_fake,chair/1_fake/05923.png,50263,d4dad1ec,31219588567,50273,8
train,progan_train,chair,1_fake,chair/1_fake/05986.png,115798,fab8cc62,30482512112,115794,8
train,progan_train,chair,1_fake,chair/1_fake/05995.png,113153,00edd8bd,31330238927,113173,8
train,progan_train,chair,1_fake,chair/1_fake/06277.png,116790,99969b2e,30684913405,116798,8
train,progan_train,chair,1_fake,chair/1_fake/06343.png,122099,86aefb40,31459457912,122119,8
train,progan_train,chair,1_fake,chair/1_fake/06555.png,132998,248ac891,30940316635,132947,8
train,progan_train,chair,1_fake,chair/1_fake/06571.png,55344,297e266b,31342110100,55354,8
train,progan_train,chair,1_fake,chair/1_fake/06691.png,59310,2d195bae,31633455127,59320,8
train,progan_train,chair,1_fake,chair/1_fake/07212.png,117119,72e3d63a,31548949504,116983,8
train,progan_train,chair,1_fake,chair/1_fake/07323.png,90661,bd21fb24,30507456971,90676,8
train,progan_train,chair,1_fake,chair/1_fake/07823.png,79557,5ae5c1d5,31892363192,79517,8
train,progan_train,chair,1_fake,chair/1_fake/07867.png,53657,2151902e,31285847291,53619,8
train,progan_train,chair,1_fake,chair/1_fake/08031.png,109311,20a53018,31292445187,109073,8
train,progan_train,chair,1_fake,chair/1_fake/08160.png,56347,22b7ad5b,30530818858,56310,8
train,progan_train,chair,1_fake,chair/1_fake/08199.png,69022,059f4d59,31592454270,69032,8
train,progan_train,chair,1_fake,chair/1_fake/08469.png,104009,0741c3c1,31527290191,104029,8
train,progan_train,chair,1_fake,chair/1_fake/08498.png,86241,158719b3,31484975855,86189,8
train,progan_train,chair,1_fake,chair/1_fake/08536.png,46034,ccfd9970,32012073134,46004,8
train,progan_train,chair,1_fake,chair/1_fake/09055.png,112220,e1a610c6,31778360265,112240,8
train,progan_train,chair,1_fake,chair/1_fake/09170.png,122345,e765e283,31636854884,122303,8
train,progan_train,chair,1_fake,chair/1_fake/09262.png,117034,ca6dd7de,30686486956,116895,8
train,progan_train,chair,1_fake,chair/1_fake/09575.png,128561,705ff878,30525150371,128421,8
train,progan_train,chair,1_fake,chair/1_fake/09696.png,141698,f8b642aa,30982241251,141640,8
train,progan_train,chair,1_fake,chair/1_fake/10308.png,70935,ee9f8e6a,30979788396,70936,8
train,progan_train,chair,1_fake,chair/1_fake/10530.png,137528,de40a469,30498196888,137377,8
train,progan_train,chair,1_fake,chair/1_fake/10673.png,33971,2f9281cd,30640400185,33957,8
train,progan_train,chair,1_fake,chair/1_fake/10689.png,126214,8c5b2ced,30517425013,126084,8
train,progan_train,chair,1_fake,chair/1_fake/11260.png,83536,6db9f680,31889462693,83546,8
train,progan_train,chair,1_fake,chair/1_fake/11293.png,73013,cd087ebb,31590172685,72943,8
train,progan_train,chair,1_fake,chair/1_fake/11574.png,95625,bbd93f15,31441367481,95617,8
train,progan_train,chair,1_fake,chair/1_fake/11635.png,135575,9c72b50b,30489952005,135580,8
train,progan_train,chair,1_fake,chair/1_fake/11794.png,121962,4933c290,31254660537,121946,8
train,progan_train,chair,1_fake,chair/1_fake/11898.png,80758,ff19b03d,31835431620,80721,8
train,progan_train,chair,1_fake,chair/1_fake/11940.png,127388,84ef9c57,30621846519,127387,8
train,progan_train,chair,1_fake,chair/1_fake/12125.png,89131,5b3411b4,30741662043,89105,8
train,progan_train,chair,1_fake,chair/1_fake/12209.png,132092,b7cb9643,31905133077,132100,8
train,progan_train,chair,1_fake,chair/1_fake/12229.png,119572,c06901fc,30870798322,119584,8
train,progan_train,chair,1_fake,chair/1_fake/12476.png,90189,08f8a6ae,30619411669,90204,8
train,progan_train,chair,1_fake,chair/1_fake/12494.png,136318,3e101ca0,30930305338,135918,8
train,progan_train,chair,1_fake,chair/1_fake/12760.png,108580,1974e3b4,31078066135,108574,8
train,progan_train,chair,1_fake,chair/1_fake/13039.png,104090,3a61274d,31160856996,104009,8
train,progan_train,chair,1_fake,chair/1_fake/13293.png,98674,cba5161c,30842681932,98636,8
train,progan_train,chair,1_fake,chair/1_fake/13335.png,32364,e8e3f98d,30445997186,32325,8
train,progan_train,chair,1_fake,chair/1_fake/13625.png,111014,b0428b79,31435389292,111015,8
train,progan_train,chair,1_fake,chair/1_fake/13657.png,123440,420f7548,31776938929,123460,8
train,progan_train,chair,1_fake,chair/1_fake/14290.png,120264,1da61d79,31874049703,120284,8
train,progan_train,chair,1_fake,chair/1_fake/14375.png,115023,48b6a77d,31798790128,115019,8
train,progan_train,chair,1_fake,chair/1_fake/14553.png,122462,ab440f39,30821142384,122454,8
train,progan_train,chair,1_fake,chair/1_fake/14560.png,86712,4f4312a0,30709229534,86618,8
train,progan_train,chair,1_fake,chair/1_fake/15229.png,101269,e51e215a,31972195986,101231,8
train,progan_train,chair,1_fake,chair/1_fake/15463.png,101884,c2c35d1f,31843864258,101904,8
train,progan_train,chair,1_fake,chair/1_fake/15548.png,146950,b203bacd,30445118984,146946,8
train,progan_train,chair,1_fake,chair/1_fake/16146.png,96649,76339282,31868561785,96645,8
train,progan_train,chair,1_fake,chair/1_fake/16264.png,106364,b0748035,30704633642,106272,8
train,progan_train,chair,1_fake,chair/1_fake/16365.png,48370,98053f66,31083613032,48371,8
train,progan_train,chair,1_fake,chair/1_fake/16369.png,106682,b3df28ca,30725214580,106655,8
train,progan_train,chair,1_fake,chair/1_fake/16418.png,127089,f1c54b89,31406503110,127032,8
train,progan_train,chair,1_fake,chair/1_fake/16621.png,119957,703f1f46,31694473857,119935,8
train,progan_train,chair,1_fake,chair/1_fake/16782.png,52283,ce422ce8,31477335636,52272,8
train,progan_train,chair,1_fake,chair/1_fake/17143.png,68641,940b6d50,31655599673,68581,8
train,progan_train,chair,1_fake,chair/1_fake/17244.png,138062,a0227269,30895574922,138067,8
train,progan_train,chair,1_fake,chair/1_fake/17298.png,42436,0c71adbc,31777693047,42388,8
train,progan_train,chair,1_fake,chair/1_fake/17363.png,83247,6e8d2e92,31738355704,83262,8
train,progan_train,chair,1_fake,chair/1_fake/17767.png,80581,dd296c4e,31667403329,80596,8
train,progan_train,chair,1_fake,chair/1_fake/18486.png,98596,9309be2c,30743751371,98605,8
train,progan_train,chair,1_fake,chair/1_fake/18918.png,93525,be5ed180,31724457654,93536,8
train,progan_train,chair,1_fake,chair/1_fake/19091.png,62716,7b790fe9,31232580135,62726,8
train,progan_train,chair,1_fake,chair/1_fake/19139.png,84807,0932f742,31287666749,84808,8
train,progan_train,chair,1_fake,chair/1_fake/19279.png,138345,a6403154,30637680892,138340,8
train,progan_train,chair,1_fake,chair/1_fake/19756.png,126465,6749a593,30588154975,126193,8
train,progan_train,chair,1_fake,chair/1_fake/19798.png,115427,1f274a6e,30474673316,115304,8
train,progan_train,chair,1_fake,chair/1_fake/19918.png,83783,bcf9f6ac,30596288984,83798,8
train,progan_train,cow,0_real,cow/0_real/00306.png,99952,8c15da05,32774427209,99898,8
train,progan_train,cow,0_real,cow/0_real/00313.png,110943,0ee2abde,33847544618,110803,8
train,progan_train,cow,0_real,cow/0_real/00370.png,148667,449dce40,33352655956,148446,8
train,progan_train,cow,0_real,cow/0_real/00458.png,105976,98a8606c,34045951385,105937,8
train,progan_train,cow,0_real,cow/0_real/00651.png,140677,2b659f6f,32605205960,140284,8
train,progan_train,cow,0_real,cow/0_real/00697.png,107577,ee0f7c35,33133813352,107306,8
train,progan_train,cow,0_real,cow/0_real/00711.png,113236,19926f67,34003671192,113231,8
train,progan_train,cow,0_real,cow/0_real/00794.png,120148,1bd224d8,33271187938,119943,8
train,progan_train,cow,0_real,cow/0_real/00871.png,121049,5d0e1920,33846495383,120376,8
train,progan_train,cow,0_real,cow/0_real/00900.png,141671,e52ef7d4,33055729762,141408,8
train,progan_train,cow,0_real,cow/0_real/01530.png,96876,455ae61f,32741556984,96606,8
train,progan_train,cow,0_real,cow/0_real/01787.png,133613,9ba3e382,33407300960,133213,8
train,progan_train,cow,0_real,cow/0_real/02134.png,144692,a377a3b5,33291904106,144152,8
train,progan_train,cow,0_real,cow/0_real/02183.png,113423,21f42dc7,33401676200,113335,8
train,progan_train,cow,0_real,cow/0_real/02290.png,110047,02466165,34095541062,109872,8
train,progan_train,cow,0_real,cow/0_real/02450.png,62627,efb5a65f,33495358943,62545,8
train,progan_train,cow,0_real,cow/0_real/02583.png,121069,c35ee375,32916692717,121006,8
train,progan_train,cow,0_real,cow/0_real/02860.png,106602,0fd2705a,33128256390,106622,8
train,progan_train,cow,0_real,cow/0_real/03047.png,85825,c10eca77,33819292093,85840,8
train,progan_train,cow,0_real,cow/0_real/03076.png,145769,a92a97ad,33282775212,145301,8
train,progan_train,cow,0_real,cow/0_real/03263.png,107852,9a0969a8,32770561623,107447,8
train,progan_train,cow,0_real,cow/0_real/03418.png,126732,684b9d5f,32998355939,126080,8
train,progan_train,cow,0_real,cow/0_real/03470.png,96567,621da4c3,33171410742,96479,8
train,progan_train,cow,0_real,cow/0_real/03518.png,117725,73888ba6,32234180730,117053,8
train,progan_train,cow,0_real,cow/0_real/03686.png,128851,3c308e41,33006292825,128279,8
train,progan_train,cow,0_real,cow/0_real/03781.png,109383,e37ab662,33576674171,109249,8
train,progan_train,cow,0_real,cow/0_real/04065.png,90192,97e2d58c,33171996252,89981,8
train,progan_train,cow,0_real,cow/0_real/04076.png,66635,21cdcc9c,33584760570,66623,8
train,progan_train,cow,0_real,cow/0_real/04208.png,121267,ad3769a5,33542800848,121116,8
train,progan_train,cow,0_real,cow/0_real/04277.png,141840,9013a530,34007932910,141617,8
train,progan_train,cow,0_real,cow/0_real/04421.png,130491,44ac4a8f,32192672345,130084,8
train,progan_train,cow,0_real,cow/0_real/04689.png,142191,68d740de,32494682520,141536,8
train,progan_train,cow,0_real,cow/0_real/05484.png,151080,52b2ab57,32515085213,150595,8
train,progan_train,cow,0_real,cow/0_real/05545.png,80179,029a75bc,32205298253,80194,8
train,progan_train,cow,0_real,cow/0_real/05580.png,124079,6d37113a,32231549751,123697,8
train,progan_train,cow,0_real,cow/0_real/05987.png,154878,82caff0d,33941184857,154898,8
train,progan_train,cow,0_real,cow/0_real/06378.png,95780,c25e1a5e,33302442522,95673,8
train,progan_train,cow,0_real,cow/0_real/06464.png,113725,e61bb3a1,32240275071,113374,8
train,progan_train,cow,0_real,cow/0_real/06655.png,88626,9a8e5c1e,33134683452,88438,8
train,progan_train,cow,0_real,cow/0_real/06801.png,125763,c79f25e2,34066319270,125391,8
train,progan_train,cow,0_real,cow/0_real/06830.png,114883,a0d31710,32254985276,114752,8
train,progan_train,cow,0_real,cow/0_real/07133.png,120221,9e285136,33082333791,120147,8
train,progan_train,cow,0_real,cow/0_real/07231.png,120427,db295531,33560434391,120056,8
train,progan_train,cow,0_real,cow/0_real/07597.png,128304,79d22a10,32671807843,128200,8
train,progan_train,cow,0_real,cow/0_real/07843.png,93145,62c48594,33847655499,92864,8
train,progan_train,cow,0_real,cow/0_real/08170.png,139285,45ed356a,32976087465,139190,8
train,progan_train,cow,0_real,cow/0_real/08180.png,111769,ba882eb7,33976258092,111609,8
train,progan_train,cow,0_real,cow/0_real/08339.png,121296,c0f6d9fb,33174766736,121227,8
train,progan_train,cow,0_real,cow/0_real/08517.png,139687,144c38e0,33090403377,139211,8
train,progan_train,cow,0_real,cow/0_real/08624.png,125137,41e2011e,33131252465,124287,8
train,progan_train,cow,0_real,cow/0_real/08702.png,157790,925153d0,32112958420,157513,8
train,progan_train,cow,0_real,cow/0_real/08827.png,129473,c13092ba,32890733531,128908,8
train,progan_train,cow,0_real,cow/0_real/08913.png,87832,ce11134a,33474141206,87818,8
train,progan_train,cow,0_real,cow/0_real/09061.png,114438,ea927614,33487891489,114305,8
train,progan_train,cow,0_real,cow/0_real/09223.png,81800,683f6ace,33679694782,81761,8
train,progan_train,cow,0_real,cow/0_real/09226.png,100561,152df4cc,32592191027,100555,8
train,progan_train,cow,0_real,cow/0_real/09511.png,105583,721c7dc4,33438702481,105533,8
train,progan_train,cow,0_real,cow/0_real/09642.png,142566,69398161,33573251054,142510,8
train,progan_train,cow,0_real,cow/0_real/09744.png,129124,233d3ff0,32431115312,129142,8
train,progan_train,cow,0_real,cow/0_real/09896.png,73398,898b5b83,33184206373,72626,8
train,progan_train,cow,0_real,cow/0_real/10129.png,108428,c713cab0,33084414966,108405,8
train,progan_train,cow,0_real,cow/0_real/10608.png,132571,72a93394,32518570112,132373,8
train,progan_train,cow,0_real,cow/0_real/10741.png,130561,434dd833,33629289413,129830,8
train,progan_train,cow,0_real,cow/0_real/11330.png,126058,ce69b3b5,32551089595,125911,8
train,progan_train,cow,0_real,cow/0_real/11872.png,104380,09d7fe8b,32950772270,104168,8
train,progan_train,cow,0_real,cow/0_real/12051.png,143371,1f493798,33604371383,143167,8
train,progan_train,cow,0_real,cow/0_real/12069.png,118244,583bd6aa,33126317162,117406,8
train,progan_train,cow,0_real,cow/0_real/12121.png,151933,1cde84f5,33306246055,151824,8
train,progan_train,cow,0_real,cow/0_real/12518.png,126884,88037db9,33473876323,126758,8
train,progan_train,cow,0_real,cow/0_real/12623.png,110738,a5bd6e75,33769101641,110535,8
train,progan_train,cow,0_real,cow/0_real/12641.png,123204,52e6f1d7,33858990795,123110,8
train,progan_train,cow,0_real,cow/0_real/12896.png,129730,2da019e3,33400039025,129508,8
train,progan_train,cow,0_real,cow/0_real/13245.png,133134,46f7bb7d,33851911802,132345,8
train,progan_train,cow,0_real,cow/0_real/13480.png,144689,ad1657f4,32367454163,144376,8
train,progan_train,cow,0_real,cow/0_real/13701.png,70569,59fb4c46,32983628030,70535,8
train,progan_train,cow,0_real,cow/0_real/13995.png,103800,e98ee1c9,32239779568,103820,8
train,progan_train,cow,0_real,cow/0_real/14182.png,67285,1b3b6b11,33154520822,67066,8
train,progan_train,cow,0_real,cow/0_real/14234.png,119015,59116a40,33545844630,118721,8
train,progan_train,cow,0_real,cow/0_real/14256.png,120438,ab0654f6,33339996738,120157,8
train,progan_train,cow,0_real,cow/0_real/14416.png,101073,1938103a,32435565767,101055,8
train,progan_train,cow,0_real,cow/0_real/14532.png,135930,bf33d37f,32398993649,135438,8
train,progan_train,cow,0_real,cow/0_real/14626.png,134340,f96dfc46,33514688552,134058,8
train,progan_train,cow,0_real,cow/0_real/14727.png,99913,26ab2385,32989113496,99771,8
train,progan_train,cow,0_real,cow/0_real/14934.png,99434,395df54f,33963058619,99277,8
train,progan_train,cow,0_real,cow/0_real/14995.png,127201,e21d52e0,33559588291,126869,8
train,progan_train,cow,0_real,cow/0_real/15588.png,100731,694c0d96,33152361854,100625,8
train,progan_train,cow,0_real,cow/0_real/15762.png,144365,b0cdcb3a,32539596244,144289,8
train,progan_train,cow,0_real,cow/0_real/15763.png,99319,70017895,34035738958,99277,8
train,progan_train,cow,0_real,cow/0_real/16139.png,120219,8faa7107,32274441853,119876,8
train,progan_train,cow,0_real,cow/0_real/16282.png,111915,126bb10f,33160036498,111543,8
train,progan_train,cow,0_real,cow/0_real/16407.png,105909,a1145116,32666880361,105869,8
train,progan_train,cow,0_real,cow/0_real/17075.png,125489,c16fb8cb,33648855842,125151,8
train,progan_train,cow,0_real,cow/0_real/17217.png,115488,b0317211,33608624382,115417,8
train,progan_train,cow,0_real,cow/0_real/17640.png,98590,fe649ebc,33081781026,98413,8
train,progan_train,cow,0_real,cow/0_real/17864.png,126551,a965ba7d,33516226938,126056,8
train,progan_train,cow,0_real,cow/0_real/17886.png,117079,4efa135c,32650277774,116697,8
train,progan_train,cow,0_real,cow/0_real/18269.png,146901,c93a5279,32391840101,146494,8
train,progan_train,cow,0_real,cow/0_real/18617.png,120916,03fe96fe,32627181735,120748,8
train,progan_train,cow,0_real,cow/0_real/19673.png,141274,38ac5c30,33962826243,140702,8
train,progan_train,cow,0_real,cow/0_real/19762.png,105081,da393bca,32715213717,104983,8
train,progan_train,cow,1_fake,cow/1_fake/00086.png,152225,750cc2d6,35973526142,151497,8
train,progan_train,cow,1_fake,cow/1_fake/00323.png,126292,4d96fe6c,35152372701,126167,8
train,progan_train,cow,1_fake,cow/1_fake/00384.png,121684,1ae4f046,34990262396,121571,8
train,progan_train,cow,1_fake,cow/1_fake/00790.png,89758,52659d2d,35099671242,89706,8
train,progan_train,cow,1_fake,cow/1_fake/00847.png,124091,24339d60,36277907601,123699,8
train,progan_train,cow,1_fake,cow/1_fake/00883.png,104395,fd63b167,35398887948,104376,8
train,progan_train,cow,1_fake,cow/1_fake/00899.png,102698,5f5006d5,36241745918,102484,8
train,progan_train,cow,1_fake,cow/1_fake/00967.png,124881,6e7f3124,35948515392,124759,8
train,progan_train,cow,1_fake,cow/1_fake/01131.png,136398,b03a2034,34420913674,136357,8
train,progan_train,cow,1_fake,cow/1_fake/01361.png,137324,1703e80e,34936666451,137281,8
train,progan_train,cow,1_fake,cow/1_fake/01787.png,86653,ecd89acf,35568128684,86647,8
train,progan_train,cow,1_fake,cow/1_fake/02080.png,90683,8b21ae26,34530547141,90115,8
train,progan_train,cow,1_fake,cow/1_fake/02120.png,110925,14d2c787,35020009452,110762,8
train,progan_train,cow,1_fake,cow/1_fake/02144.png,98324,0d350847,34469105481,98250,8
train,progan_train,cow,1_fake,cow/1_fake/02354.png,146690,7101c9f7,34882402479,146313,8
train,progan_train,cow,1_fake,cow/1_fake/02364.png,108579,f9250ef8,36040109905,108424,8
train,progan_train,cow,1_fake,cow/1_fake/02504.png,124944,ad6a2ceb,34913556065,124110,8
train,progan_train,cow,1_fake,cow/1_fake/02652.png,117281,b5d0e1b8,36107678848,117301,8
train,progan_train,cow,1_fake,cow/1_fake/02730.png,138125,d805f48e,35666366994,137893,8
train,progan_train,cow,1_fake,cow/1_fake/02788.png,131947,8123f79a,36096476652,131551,8
train,progan_train,cow,1_fake,cow/1_fake/02825.png,141431,f12e3c3f,34360474690,141190,8
train,progan_train,cow,1_fake,cow/1_fake/03209.png,71571,133563bb,34152680515,71586,8
train,progan_train,cow,1_fake,cow/1_fake/03270.png,107099,51df6ebe,34183858315,106653,8
train,progan_train,cow,1_fake,cow/1_fake/03377.png,141528,f863ff69,35078637179,141325,8
train,progan_train,cow,1_fake,cow/1_fake/03548.png,133208,2000c244,34150170508,133124,8
train,progan_train,cow,1_fake,cow/1_fake/03674.png,126579,b4d74d73,34909624278,126491,8
train,progan_train,cow,1_fake,cow/1_fake/03773.png,112067,2020e141,35585389549,111879,8
train,progan_train,cow,1_fake,cow/1_fake/04022.png,107842,923bb75e,35249449260,107760,8
train,progan_train,cow,1_fake,cow/1_fake/04055.png,116566,1fae5196,34956167771,115972,8
train,progan_train,cow,1_fake,cow/1_fake/04156.png,162687,9d0da69a,35197001735,162663,8
train,progan_train,cow,1_fake,cow/1_fake/04563.png,152181,979f7ad1,35644957770,152093,8
train,progan_train,cow,1_fake,cow/1_fake/04783.png,131606,1f0d5c85,35480358250,131472,8
train,progan_train,cow,1_fake,cow/1_fake/05028.png,105068,92ad4c13,34753164973,104813,8
train,progan_train,cow,1_fake,cow/1_fake/05345.png,153933,ec71f872,34347739315,153831,8
train,progan_train,cow,1_fake,cow/1_fake/05371.png,107701,08ec29f3,34780947148,107702,8
train,progan_train,cow,1_fake,cow/1_fake/05485.png,100572,d828ed9a,35403579051,100460,8
train,progan_train,cow,1_fake,cow/1_fake/05662.png,123164,5c2d5b11,35707853454,122620,8
train,progan_train,cow,1_fake,cow/1_fake/06061.png,97291,f340a0b0,36306605212,96734,8
train,progan_train,cow,1_fake,cow/1_fake/06087.png,160796,c9e297d4,35185483577,160671,8
train,progan_train,cow,1_fake,cow/1_fake/06343.png,134445,4200e0fc,35559585486,134361,8
train,progan_train,cow,1_fake,cow/1_fake/06576.png,115100,90e2784e,36080164334,114792,8
train,progan_train,cow,1_fake,cow/1_fake/06768.png,104599,a57ca564,36302280605,104408,8
train,progan_train,cow,1_fake,cow/1_fake/06905.png,108627,5ffbe987,35834398726,108595,8
train,progan_train,cow,1_fake,cow/1_fake/06998.png,136393,63f8dcb1,34761008903,136410,8
train,progan_train,cow,1_fake,cow/1_fake/09140.png,141820,4ed271c5,35286920347,141564,8
train,progan_train,cow,1_fake,cow/1_fake/09522.png,149599,29a1cc4d,36247883362,149591,8
train,progan_train,cow,1_fake,cow/1_fake/09662.png,125807,85dc7f76,35863103993,125337,8
train,progan_train,cow,1_fake,cow/1_fake/09679.png,137639,c3b333f7,35529838521,137495,8
train,progan_train,cow,1_fake,cow/1_fake/09696.png,142242,a6fb80de,34925538788,141745,8
train,progan_train,cow,1_fake,cow/1_fake/09703.png,117737,bd131e1d,35462100508,117563,8
train,progan_train,cow,1_fake,cow/1_fake/09757.png,136461,0e4bc228,36025302017,136223,8
train,progan_train,cow,1_fake,cow/1_fake/09859.png,122019,779b384b,34231932931,122008,8
train,progan_train,cow,1_fake,cow/1_fake/09978.png,141731,40f657e3,35291148807,141453,8
train,progan_train,cow,1_fake,cow/1_fake/09996.png,108082,84844c4a,34800735227,107952,8
train,progan_train,cow,1_fake,cow/1_fake/10215.png,116624,bf24fd75,35379241149,116644,8
train,progan_train,cow,1_fake,cow/1_fake/10222.png,126518,952e8892,35669312791,126316,8
train,progan_train,cow,1_fake,cow/1_fake/10758.png,147488,e4f15e7b,34271774959,147445,8
train,progan_train,cow,1_fake,cow/1_fake/10873.png,145697,795af7e7,34912921058,145015,8
train,progan_train,cow,1_fake,cow/1_fake/11037.png,146488,ff79a0c2,34684268552,146358,8
train,progan_train,cow,1_fake,cow/1_fake/11256.png,137012,fd234717,34967344460,136985,8
train,progan_train,cow,1_fake,cow/1_fake/11317.png,123732,344472af,34152245955,123752,8
train,progan_train,cow,1_fake,cow/1_fake/11397.png,125576,1cc9ed15,36268712751,125404,8
train,progan_train,cow,1_fake,cow/1_fake/11594.png,133268,26b15278,35644824939,132753,8
train,progan_train,cow,1_fake,cow/1_fake/11680.png,157115,caca2f0a,35995191365,156959,8
train,progan_train,cow,1_fake,cow/1_fake/11896.png,141718,8411ee2c,34464777158,141567,8
train,progan_train,cow,1_fake,cow/1_fake/12160.png,160762,769d948f,35858115218,160736,8
train,progan_train,cow,1_fake,cow/1_fake/12166.png,143121,d9df5e6e,35111225017,143060,8
train,progan_train,cow,1_fake,cow/1_fake/12566.png,118429,2a5cfda3,35630984458,118339,8
train,progan_train,cow,1_fake,cow/1_fake/12672.png,116614,597ce7ab,35834282063,116585,8
train,progan_train,cow,1_fake,cow/1_fake/12785.png,138046,0039c956,34369325606,137846,8
train,progan_train,cow,1_fake,cow/1_fake/12935.png,130294,5bb5fc97,36252504353,129931,8
train,progan_train,cow,1_fake,cow/1_fake/14103.png,123312,d4c6792a,35069684862,123193,8
train,progan_train,cow,1_fake,cow/1_fake/14259.png,110672,6ca0717f,34538596452,110368,8
train,progan_train,cow,1_fake,cow/1_fake/14584.png,138626,d3a74504,34557743393,138259,8
train,progan_train,cow,1_fake,cow/1_fake/14655.png,127706,09f772a0,35646343790,127563,8
train,progan_train,cow,1_fake,cow/1_fake/14829.png,100707,f2cb0df1,36265531864,100631,8
train,progan_train,cow,1_fake,cow/1_fake/15263.png,148957,1ee59de6,36003950031,148876,8
train,progan_train,cow,1_fake,cow/1_fake/15320.png,130217,077de678,36066904702,129785,8
train,progan_train,cow,1_fake,cow/1_fake/15787.png,128812,94957336,35239330787,128803,8
train,progan_train,cow,1_fake,cow/1_fake/16187.png,110207,b49648bf,34231592234,109968,8
train,progan_train,cow,1_fake,cow/1_fake/16316.png,135284,66391561,35662660742,135005,8
train,progan_train,cow,1_fake,cow/1_fake/16444.png,137791,76ee5235,35948640229,137363,8
train,progan_train,cow,1_fake,cow/1_fake/16616.png,151982,4b185aa9,35801840206,151961,8
train,progan_train,cow,1_fake,cow/1_fake/16806.png,122904,2133078d,35312538143,122675,8
train,progan_train,cow,1_fake,cow/1_fake/17202.png,73340,397bc6ae,36072648450,73203,8
train,progan_train,cow,1_fake,cow/1_fake/17444.png,122203,5b222687,34609976301,122162,8
train,progan_train,cow,1_fake,cow/1_fake/17939.png,125680,ec43f29b,35770522761,125640,8
train,progan_train,cow,1_fake,cow/1_fake/17940.png,95483,a22c250c,34654995974,95428,8
train,progan_train,cow,1_fake,cow/1_fake/18111.png,103498,57a6e6e2,35782025101,103188,8
train,progan_train,cow,1_fake,cow/1_fake/18176.png,132211,05971bba,35088410296,131605,8
train,progan_train,cow,1_fake,cow/1_fake/18245.png,150685,eefa0f4d,35607969890,150595,8
train,progan_train,cow,1_fake,cow/1_fake/18475.png,158934,4a005abf,34235349914,158872,8
train,progan_train,cow,1_fake,cow/1_fake/18835.png,140668,da0ed4bb,34676047217,140473,8
train,progan_train,cow,1_fake,cow/1_fake/18889.png,134708,e286121c,35651292031,134643,8
train,progan_train,cow,1_fake,cow/1_fake/19148.png,105852,20ca1881,34140651413,105708,8
train,progan_train,cow,1_fake,cow/1_fake/19664.png,116323,4385636d,34524290373,116249,8
train,progan_train,cow,1_fake,cow/1_fake/19670.png,127802,0b6c1954,34788951826,127760,8
train,progan_train,cow,1_fake,cow/1_fake/19704.png,121114,9591018d,35438648043,121098,8
train,progan_train,cow,1_fake,cow/1_fake/19751.png,102244,4e459065,35499732891,102154,8
train,progan_train,cow,1_fake,cow/1_fake/19883.png,128503,7795fb82,35814029029,128086,8
train,progan_train,diningtable,0_real,diningtable/0_real/00036.png,120980,9a5d1efe,38118766543,121000,8
train,progan_train,diningtable,0_real,diningtable/0_real/00401.png,96571,843c8110,36526759716,96570,8
train,progan_train,diningtable,0_real,diningtable/0_real/00562.png,102914,ca628d2b,37753378327,102925,8
train,progan_train,diningtable,0_real,diningtable/0_real/00722.png,74908,f8fce72d,37550159103,74917,8
train,progan_train,diningtable,0_real,diningtable/0_real/00958.png,99460,b15df15b,36951955917,99480,8
train,progan_train,diningtable,0_real,diningtable/0_real/00993.png,104109,ee5b1393,37805929425,104076,8
train,progan_train,diningtable,0_real,diningtable/0_real/01172.png,151878,1d068d98,37938860456,150949,8
train,progan_train,diningtable,0_real,diningtable/0_real/01263.png,38072,e156d7c3,37507627334,37726,8
train,progan_train,diningtable,0_real,diningtable/0_real/01540.png,113240,c4b48224,37812356401,112921,8
train,progan_train,diningtable,0_real,diningtable/0_real/02448.png,125374,5d36d28f,36993645764,125316,8
train,progan_train,diningtable,0_real,diningtable/0_real/02587.png,130716,77ad8cd7,38205299814,130604,8
train,progan_train,diningtable,0_real,diningtable/0_real/02757.png,105404,5016f5f6,37322389724,105335,8
train,progan_train,diningtable,0_real,diningtable/0_real/02779.png,74278,52c4bdc5,38140549826,74291,8
train,progan_train,diningtable,0_real,diningtable/0_real/02856.png,103540,37d681de,38213673796,103474,8
train,progan_train,diningtable,0_real,diningtable/0_real/02874.png,131012,4b27f0fe,36535916513,131032,8
train,progan_train,diningtable,0_real,diningtable/0_real/02878.png,97491,ca496fe0,37604939372,97403,8
train,progan_train,diningtable,0_real,diningtable/0_real/03206.png,130268,d1e8e79b,37813941532,130281,8
train,progan_train,diningtable,0_real,diningtable/0_real/03392.png,90765,6ac2f12c,37436035351,90748,8
train,progan_train,diningtable,0_real,diningtable/0_real/03441.png,132075,a8e68746,37335435635,132100,8
train,progan_train,diningtable,0_real,diningtable/0_real/03539.png,117943,6fd48907,38061994443,117819,8
train,progan_train,diningtable,0_real,diningtable/0_real/03616.png,119098,b1aac13c,37539338907,118831,8
train,progan_train,diningtable,0_real,diningtable/0_real/03672.png,117486,f5a0b3f7,36342856164,117273,8
train,progan_train,diningtable,0_real,diningtable/0_real/03726.png,103797,6006ca66,37794789728,103764,8
train,progan_train,diningtable,0_real,diningtable/0_real/03882.png,93582,af4dc2f7,38176500071,93531,8
train,progan_train,diningtable,0_real,diningtable/0_real/03961.png,63531,a0293250,36583076438,63113,8
train,progan_train,diningtable,0_real,diningtable/0_real/04184.png,79907,48dc7b3e,37236808823,79812,8
train,progan_train,diningtable,0_real,diningtable/0_real/04241.png,127773,2a3cede0,37556504356,127605,8
train,progan_train,diningtable,0_real,diningtable/0_real/04294.png,110305,814c5a62,36696266671,110098,8
train,progan_train,diningtable,0_real,diningtable/0_real/04452.png,91659,74b4e8ab,38047438350,91573,8
train,progan_train,diningtable,0_real,diningtable/0_real/04473.png,133081,181a07d4,37690034998,132977,8
train,progan_train,diningtable,0_real,diningtable/0_real/04717.png,126094,32973e08,36701335563,126114,8
train,progan_train,diningtable,0_real,diningtable/0_real/05116.png,82719,b71be348,37330202702,82645,8
train,progan_train,diningtable,0_real,diningtable/0_real/05198.png,109039,273e62a1,37436215497,108974,8
train,progan_train,diningtable,0_real,diningtable/0_real/06076.png,84834,3adc7a39,36956857952,84812,8
train,progan_train,diningtable,0_real,diningtable/0_real/06253.png,134705,127915b4,37674788133,134719,8
train,progan_train,diningtable,0_real,diningtable/0_real/06533.png,126375,48716880,37768440894,126141,8
train,progan_train,diningtable,0_real,diningtable/0_real/06605.png,94131,7fec683c,37703650962,94115,8
train,progan_train,diningtable,0_real,diningtable/0_real/07019.png,135285,cfc7ef74,36405495080,135273,8
train,progan_train,diningtable,0_real,diningtable/0_real/07162.png,95510,9c95e53f,38086930933,95522,8
train,progan_train,diningtable,0_real,diningtable/0_real/07192.png,88250,f75c4379,36595452721,88250,8
train,progan_train,diningtable,0_real,diningtable/0_real/07339.png,122097,5dbe5a28,37716210973,121731,8
train,progan_train,diningtable,0_real,diningtable/0_real/07522.png,101550,27e62835,38205897423,101529,8
train,progan_train,diningtable,0_real,diningtable/0_real/07700.png,110317,ab2b8216,37499607436,110314,8
train,progan_train,diningtable,0_real,diningtable/0_real/07900.png,103026,a448424e,37268131279,103031,8
train,progan_train,diningtable,0_real,diningtable/0_real/08561.png,104584,e2396b09,37624903930,104596,8
train,progan_train,diningtable,0_real,diningtable/0_real/08902.png,139911,fd10f30b,36378411900,139889,8
train,progan_train,diningtable,0_real,diningtable/0_real/09074.png,97538,c68d39b2,38137516030,97525,8
train,progan_train,diningtable,0_real,diningtable/0_real/09143.png,70845,ea06f065,37800297424,70860,8
train,progan_train,diningtable,0_real,diningtable/0_real/09173.png,111223,a4bd3b1e,36682058437,111110,8
train,progan_train,diningtable,0_real,diningtable/0_real/09561.png,87812,bf6b0ce1,37354374072,87798,8
train,progan_train,diningtable,0_real,diningtable/0_real/10055.png,123230,8499973f,36796312647,123172,8
train,progan_train,diningtable,0_real,diningtable/0_real/10127.png,117265,62ac890d,37472318305,117243,8
train,progan_train,diningtable,0_real,diningtable/0_real/10224.png,104048,ba7c021a,37253811522,104063,8
train,progan_train,diningtable,0_real,diningtable/0_real/10374.png,84746,b26c6810,37468157702,84761,8
train,progan_train,diningtable,0_real,diningtable/0_real/10452.png,107713,cf27c65d,37332414171,107593,8
train,progan_train,diningtable,0_real,diningtable/0_real/10491.png,108518,01196ead,37579336801,108500,8
train,progan_train,diningtable,0_real,diningtable/0_real/10494.png,114437,6a56eba9,36900585523,114457,8
train,progan_train,diningtable,0_real,diningtable/0_real/10640.png,101886,47220e5c,37804427389,101889,8
train,progan_train,diningtable,0_real,diningtable/0_real/11070.png,106829,8d0609a8,36423874016,106818,8
train,progan_train,diningtable,0_real,diningtable/0_real/11226.png,117467,cc6a037b,37549057585,117429,8
train,progan_train,diningtable,0_real,diningtable/0_real/11690.png,92251,674036ce,36806838318,92146,8
train,progan_train,diningtable,0_real,diningtable/0_real/11829.png,108018,270cb4a3,36640229847,108007,8
train,progan_train,diningtable,0_real,diningtable/0_real/11958.png,126728,015479b8,36569233594,126730,8
train,progan_train,diningtable,0_real,diningtable/0_real/12146.png,84428,57a266f7,37098724917,84443,8
train,progan_train,diningtable,0_real,diningtable/0_real/12324.png,105178,88e6e589,37645064067,105198,8
train,progan_train,diningtable,0_real,diningtable/0_real/12597.png,126762,0a16e021,37733720930,126709,8
train,progan_train,diningtable,0_real,diningtable/0_real/12767.png,135360,74ab0333,37113789202,135367,8
train,progan_train,diningtable,0_real,diningtable/0_real/12968.png,98459,5b33976e,36892278913,98363,8
train,progan_train,diningtable,0_real,diningtable/0_real/12984.png,106508,d7f6bd36,36448966556,106408,8
train,progan_train,diningtable,0_real,diningtable/0_real/13014.png,82652,2763788e,38033630604,82667,8
train,progan_train,diningtable,0_real,diningtable/0_real/13143.png,119484,2622a4b2,37224158008,119435,8
train,progan_train,diningtable,0_real,diningtable/0_real/13454.png,137727,9ebc6d65,37705286700,137671,8
train,progan_train,diningtable,0_real,diningtable/0_real/13585.png,94783,0064a8e5,36688753090,94792,8
train,progan_train,diningtable,0_real,diningtable/0_real/13733.png,119342,fa7d91e9,37609167515,119362,8
train,progan_train,diningtable,0_real,diningtable/0_real/13786.png,86893,bd0a2eaa,37795516180,86770,8
train,progan_train,diningtable,0_real,diningtable/0_real/14162.png,111609,b924c001,36641339670,111629,8
train,progan_train,diningtable,0_real,diningtable/0_real/14240.png,106208,09a2eab5,36983416427,105872,8
train,progan_train,diningtable,0_real,diningtable/0_real/14301.png,79077,082605fb,37869744698,79092,8
train,progan_train,diningtable,0_real,diningtable/0_real/14465.png,112779,8db6ead4,37741314347,112615,8
train,progan_train,diningtable,0_real,diningtable/0_real/14529.png,98390,be30bbe2,36736025664,98340,8
train,progan_train,diningtable,0_real,diningtable/0_real/14912.png,80943,0440a85f,37394581377,80769,8
train,progan_train,diningtable,0_real,diningtable/0_real/15091.png,126141,00319785,37033123054,126161,8
train,progan_train,diningtable,0_real,diningtable/0_real/15183.png,106719,e0aceb06,36871713849,106739,8
train,progan_train,diningtable,0_real,diningtable/0_real/15225.png,90398,6c59d692,37195838534,90356,8
train,progan_train,diningtable,0_real,diningtable/0_real/15239.png,102772,6ec61407,37105332701,102727,8
train,progan_train,diningtable,0_real,diningtable/0_real/16129.png,65544,e1c1fa68,37291050337,65420,8
train,progan_train,diningtable,0_real,diningtable/0_real/16140.png,118843,fcd27cdf,37200071599,118809,8
train,progan_train,diningtable,0_real,diningtable/0_real/16191.png,104253,b000ff09,37128023083,104210,8
train,progan_train,diningtable,0_real,diningtable/0_real/16234.png,123037,3f4f78cb,37484619897,122958,8
train,progan_train,diningtable,0_real,diningtable/0_real/16477.png,65608,69f719d1,36928635746,65489,8
train,progan_train,diningtable,0_real,diningtable/0_real/16768.png,124855,7af145e7,37518585664,124724,8
train,progan_train,diningtable,0_real,diningtable/0_real/16981.png,80265,ab27b76d,36409013279,80280,8
train,progan_train,diningtable,0_real,diningtable/0_real/17137.png,111114,0b616231,37360538376,111120,8
train,progan_train,diningtable,0_real,diningtable/0_real/17352.png,94927,6468d09a,37592507367,94696,8
train,progan_train,diningtable,0_real,diningtable/0_real/17742.png,127683,d77ccfa8,36552602644,126291,8
train,progan_train,diningtable,0_real,diningtable/0_real/17875.png,86784,44d48e12,38178071272,86731,8
train,progan_train,diningtable,0_real,diningtable/0_real/17926.png,138514,4327fd3f,37470067897,138468,8
train,progan_train,diningtable,0_real,diningtable/0_real/18874.png,86744,7db7b7f5,37301094996,86623,8
train,progan_train,diningtable,0_real,diningtable/0_real/19123.png,130270,c42edcf0,36738766626,130243,8
train,progan_train,diningtable,0_real,diningtable/0_real/19783.png,88613,48dce2f9,37301706802,88628,8
train,progan_train,diningtable,1_fake,diningtable/1_fake/00129.png,86793,005f894f,38961186731,86808,8
train,progan_train,diningtable,1_fake,diningtable/1_fake/00185.png,109890,747a039a,39925412495,109903,8
train,progan_train,diningtable,1_fake,diningtable/1_fake/00380.png,111962,51527316,40154361579,111964,8
train,progan_train,diningtable,1_fake,diningtable/1_fake/00742.png,124013,028f9326,38707450236,123874,8
train,progan_train,diningtable,1_fake,diningtable/1_fake/01125.png,139761,de377239,38513391326,139747,8
train,progan_train,diningtable,1_fake,diningtable/1_fake/01202.png,125041,841aa98a,38380712379,125043,8
train,progan_train,diningtable,1_fake,diningtable/1_fake/01698.png,89759,6a546fe7,40058483484,89736,8
train,progan_train,diningtable,1_fake,diningtable/1_fake/01914.png,119640,61a87942,38794818049,119660,8
train,progan_train,diningtable,1_fake,diningtable/1_fake/01915.png,118770,4e38de5a,39039748336,118781,8
train,progan_train,diningtable,1_fake,diningtable/1_fake/02109.png,97491,bfa91b00,39059483041,97498,8
train,progan_train,diningtable,1_fake,diningtable/1_fake/02641.png,51766,ced35bf1,39255253134,51396,8
train,progan_train,diningtable,1_fake,diningtable/1_fake/03088.png,159723,9a17c363,38710949557,159746,8
train,progan_train,diningtable,1_fake,diningtable/1_fake/03150.png,83167,3bbff55f,39319645631,82950,8
train,progan_train,diningtable,1_fake,diningtable/1_fake/03234.png,107973,1c5616d6,39514013520,107993,8
train,progan_train,diningtable,1_fake,diningtable/1_fake/03411.png,128361,4d354b39,38659218539,128381,8
train,progan_train,diningtable,1_fake,diningtable/1_fake/03931.png,112015,a1898461,39110764893,112035,8
train,progan_train,diningtable,1_fake,diningtable/1_fake/04427.png,89586,1dd3c1ee,40100304012,89537,8
train,progan_train,diningtable,1_fake,diningtable/1_fake/04658.png,124550,c9f3bb53,40019934530,124570,8
train,progan_train,diningtable,1_fake,diningtable/1_fake/04724.png,117543,515386bd,38482483137,117554,8
train,progan_train,diningtable,1_fake,diningtable/1_fake/05138.png,128463,9fa268a0,38627311375,128410,8
train,progan_train,diningtable,1_fake,diningtable/1_fake/05384.png,122587,a59710bf,38610472630,122607,8
train,progan_train,diningtable,1_fake,diningtable/1_fake/05448.png,106787,53c2043a,38245397154,106761,8
train,progan_train,diningtable,1_fake,diningtable/1_fake/05485.png,109396,ae832d12,39373417637,109416,8
train,progan_train,diningtable,1_fake,diningtable/1_fake/05575.png,107590,ad320233,39642865656,107606,8
train,progan_train,diningtable,1_fake,diningtable/1_fake/05886.png,99172,af44f5cd,39884770605,99180,8
train,progan_train,diningtable,1_fake,diningtable/1_fake/05945.png,126035,a2219a29,38840544021,126055,8
train,progan_train,diningtable,1_fake,diningtable/1_fake/06089.png,109542,0fb06288,39748574725,109500,8
train,progan_train,diningtable,1_fake,diningtable/1_fake/06735.png,135118,93be4ab8,39715863528,135131,8
train,progan_train,diningtable,1_fake,diningtable/1_fake/06923.png,99013,9ff996ad,39230342911,98985,8
train,progan_train,diningtable,1_fake,diningtable/1_fake/07100.png,96823,3d50be0d,38611164713,96838,8
train,progan_train,diningtable,1_fake,diningtable/1_fake/07154.png,129191,a557866e,39469268361,128983,8
train,progan_train,diningtable,1_fake,diningtable/1_fake/07162.png,58809,d6cd494a,40060687374,58614,8
train,progan_train,diningtable,1_fake,diningtable/1_fake/07285.png,123026,84b848f7,38241293344,123046,8
train,progan_train,diningtable,1_fake,diningtable/1_fake/07310.png,112873,9a010e48,39419477601,112893,8
train,progan_train,diningtable,1_fake,diningtable/1_fake/07519.png,93775,888d2390,39245897877,93783,8
train,progan_train,diningtable,1_fake,diningtable/1_fake/07565.png,111399,f5fe7264,39889971783,111417,8
train,progan_train,diningtable,1_fake,diningtable/1_fake/07687.png,111663,bef896f2,38680182596,111683,8
train,progan_train,diningtable,1_fake,diningtable/1_fake/07689.png,134049,cf1eaaa6,38404147285,134066,8
train,progan_train,diningtable,1_fake,diningtable/1_fake/08253.png,112295,63cbd37d,38928523954,112290,8
train,progan_train,diningtable,1_fake,diningtable/1_fake/08706.png,123425,472e671e,39795235020,123414,8
train,progan_train,diningtable,1_fake,diningtable/1_fake/09033.png,117862,7567ada9,38798965526,117869,8
train,progan_train,diningtable,1_fake,diningtable/1_fake/09131.png,122266,2c17b06d,39903339672,122211,8
train,progan_train,diningtable,1_fake,diningtable/1_fake/09181.png,95995,7ced7ea4,39830362114,95982,8
train,progan_train,diningtable,1_fake,diningtable/1_fake/09376.png,98792,4723b3cc,39397976278,98812,8
train,progan_train,diningtable,1_fake,diningtable/1_fake/09410.png,88833,7ccc09d2,39469621214,88846,8
train,progan_train,diningtable,1_fake,diningtable/1_fake/09574.png,112145,e854d2a9,38389685233,112165,8
train,progan_train,diningtable,1_fake,diningtable/1_fake/09720.png,107377,a3923199,38312564088,107198,8
train,progan_train,diningtable,1_fake,diningtable/1_fake/09785.png,93014,59070c10,38514088447,93029,8
train,progan_train,diningtable,1_fake,diningtable/1_fake/09828.png,125222,3266ec93,40154109740,125242,8
train,progan_train,diningtable,1_fake,diningtable/1_fake/10209.png,102288,bd95d414,38647859622,102280,8
train,progan_train,diningtable,1_fake,diningtable/1_fake/10256.png,135156,997b829f,39718019575,135053,8
train,progan_train,diningtable,1_fake,diningtable/1_fake/10557.png,113799,283b9e8b,39902045281,113805,8
train,progan_train,diningtable,1_fake,diningtable/1_fake/10626.png,54690,2107997b,38754284580,54270,8
train,progan_train,diningtable,1_fake,diningtable/1_fake/10733.png,26246,fd1d2bfa,38902041782,25803,8
train,progan_train,diningtable,1_fake,diningtable/1_fake/10950.png,113812,76a284e3,39254880068,113832,8
train,progan_train,diningtable,1_fake,diningtable/1_fake/10954.png,148300,f56594ee,38679491499,148321,8
train,progan_train,diningtable,1_fake,diningtable/1_fake/11112.png,139799,04f68faa,39283103613,139815,8
train,progan_train,diningtable,1_fake,diningtable/1_fake/11228.png,113287,fe8c0197,38438280240,113285,8
train,progan_train,diningtable,1_fake,diningtable/1_fake/11652.png,111471,e6d9be35,39217244154,111476,8
train,progan_train,diningtable,1_fake,diningtable/1_fake/11730.png,107562,4d5f2394,40122809311,107582,8
train,progan_train,diningtable,1_fake,diningtable/1_fake/12941.png,132000,099d3436,39783241045,132011,8
train,progan_train,diningtable,1_fake,diningtable/1_fake/13112.png,86735,a5ac61d7,39442820901,86672,8
train,progan_train,diningtable,1_fake,diningtable/1_fake/13158.png,92979,a85b4bed,39108493326,92965,8
train,progan_train,diningtable,1_fake,diningtable/1_fake/13201.png,139430,af55bad6,39785168823,139455,8
train,progan_train,diningtable,1_fake,diningtable/1_fake/13504.png,121094,c8051639,39535592457,121114,8
train,progan_train,diningtable,1_fake,diningtable/1_fake/13517.png,100089,7911d1f0,38281787882,100105,8
train,progan_train,diningtable,1_fake,diningtable/1_fake/13611.png,115296,90be82ff,40023207794,115261,8
train,progan_train,diningtable,1_fake,diningtable/1_fake/13675.png,106291,a2da5fa1,40088478462,106311,8
train,progan_train,diningtable,1_fake,diningtable/1_fake/13884.png,138091,a90ae48c,38858683447,138116,8
train,progan_train,diningtable,1_fake,diningtable/1_fake/14223.png,100805,1cfd616d,39444842456,100825,8
train,progan_train,diningtable,1_fake,diningtable/1_fake/14275.png,105485,9df26142,39345347867,105505,8
train,progan_train,diningtable,1_fake,diningtable/1_fake/14362.png,105599,e5285f58,39178410113,105619,8
train,progan_train,diningtable,1_fake,diningtable/1_fake/14517.png,120854,829e28a8,39811481352,120856,8
train,progan_train,diningtable,1_fake,diningtable/1_fake/14545.png,92449,9f9122fa,40033117842,92464,8
train,progan_train,diningtable,1_fake,diningtable/1_fake/14591.png,108229,ba22b528,39446553266,108249,8
train,progan_train,diningtable,1_fake,diningtable/1_fake/14632.png,109565,fd5b83ae,39028772474,109585,8
train,progan_train,diningtable,1_fake,diningtable/1_fake/14675.png,110079,22632ed6,38865568665,110099,8
train,progan_train,diningtable,1_fake,diningtable/1_fake/14837.png,125394,2a28bb34,39118066397,125314,8
train,progan_train,diningtable,1_fake,diningtable/1_fake/14845.png,51439,7a61d389,38563780781,51449,8
train,progan_train,diningtable,1_fake,diningtable/1_fake/15842.png,111353,8394989e,38909979855,110967,8
train,progan_train,diningtable,1_fake,diningtable/1_fake/16109.png,112141,7d76cf52,38757369466,112139,8
train,progan_train,diningtable,1_fake,diningtable/1_fake/16357.png,124570,0928f3ea,39117064987,124590,8
train,progan_train,diningtable,1_fake,diningtable/1_fake/16459.png,120452,d9427898,39462461300,120431,8
train,progan_train,diningtable,1_fake,diningtable/1_fake/16617.png,98615,3b1f209f,39480766568,98629,8
train,progan_train,diningtable,1_fake,diningtable/1_fake/16777.png,112505,54f7e3b5,39829294317,112500,8
train,progan_train,diningtable,1_fake,diningtable/1_fake/16978.png,120535,17320839,38954516166,120550,8
train,progan_train,diningtable,1_fake,diningtable/1_fake/17121.png,99094,3b99c5e5,39198542690,99114,8
train,progan_train,diningtable,1_fake,diningtable/1_fake/17335.png,148915,21b9c6ec,39792619979,148916,8
train,progan_train,diningtable,1_fake,diningtable/1_fake/17505.png,104220,e0d4395e,39531534479,104212,8
train,progan_train,diningtable,1_fake,diningtable/1_fake/17522.png,118100,ee89dbec,38642692513,118011,8
train,progan_train,diningtable,1_fake,diningtable/1_fake/17661.png,128779,0f812412,39305360579,128791,8
train,progan_train,diningtable,1_fake,diningtable/1_fake/18142.png,103585,39340a2e,39621869132,103565,8
train,progan_train,diningtable,1_fake,diningtable/1_fake/18553.png,111422,10d5ddce,38505521369,111433,8
train,progan_train,diningtable,1_fake,diningtable/1_fake/18601.png,104513,6b678535,38930931356,104533,8
train,progan_train,diningtable,1_fake,diningtable/1_fake/18864.png,125524,cb6b5382,38729924315,125541,8
train,progan_train,diningtable,1_fake,diningtable/1_fake/19028.png,120216,1fedd5d9,39619927643,120197,8
train,progan_train,diningtable,1_fake,diningtable/1_fake/19085.png,145937,2671ed5d,39643785620,145941,8
train,progan_train,diningtable,1_fake,diningtable/1_fake/19116.png,108547,fea3d9c2,39501529815,108567,8
train,progan_train,diningtable,1_fake,diningtable/1_fake/19399.png,132275,78c09b80,38869835148,132300,8
train,progan_train,diningtable,1_fake,diningtable/1_fake/19903.png,136822,8bb538fa,38411087154,136826,8
train,progan_train,dog,0_real,dog/0_real/00172.png,79172,11446bd8,40737993281,79181,8
train,progan_train,dog,0_real,dog/0_real/00549.png,100979,ac6a7085,41946273069,100833,8
train,progan_train,dog,0_real,dog/0_real/00620.png,121172,609bd215,41173709710,121185,8
train,progan_train,dog,0_real,dog/0_real/00856.png,121669,2b18f04b,41482051958,121483,8
train,progan_train,dog,0_real,dog/0_real/01199.png,113838,ea8ad13f,41299102099,113294,8
train,progan_train,dog,0_real,dog/0_real/01311.png,90409,6da1f048,41731987502,89703,8
train,progan_train,dog,0_real,dog/0_real/01506.png,113521,d54496ea,41819720681,113305,8
train,progan_train,dog,0_real,dog/0_real/01573.png,93202,d5005e2a,41991217319,93191,8
train,progan_train,dog,0_real,dog/0_real/01640.png,72405,d2eaccdb,40641902213,71658,8
train,progan_train,dog,0_real,dog/0_real/01804.png,104338,48df39ea,40732861003,104058,8
train,progan_train,dog,0_real,dog/0_real/01912.png,118202,12894116,40983025789,117815,8
train,progan_train,dog,0_real,dog/0_real/02328.png,106835,66557baf,41402433620,106458,8
train,progan_train,dog,0_real,dog/0_real/02385.png,101901,f55e51bb,41216191562,101921,8
train,progan_train,dog,0_real,dog/0_real/02479.png,97527,662a95d9,40955048258,97533,8
train,progan_train,dog,0_real,dog/0_real/02513.png,69602,caa0c054,41398606228,69559,8
train,progan_train,dog,0_real,dog/0_real/02708.png,155745,5df42c27,41866469706,155530,8
train,progan_train,dog,0_real,dog/0_real/03395.png,92783,e6cf0f7c,41896602969,92778,8
train,progan_train,dog,0_real,dog/0_real/03419.png,104471,e0a9ef23,41351457695,104402,8
train,progan_train,dog,0_real,dog/0_real/03543.png,92745,67fe0e8a,41707414966,92707,8
train,progan_train,dog,0_real,dog/0_real/03583.png,95627,e08db99c,40445914704,95579,8
train,progan_train,dog,0_real,dog/0_real/03796.png,79763,a72a89b3,40417759395,79778,8
train,progan_train,dog,0_real,dog/0_real/04238.png,83906,702b0ebe,41911211645,83823,8
train,progan_train,dog,0_real,dog/0_real/04356.png,97470,5c8bcfca,41132889013,97398,8
train,progan_train,dog,0_real,dog/0_real/04495.png,79162,69c37969,41438268863,78398,8
train,progan_train,dog,0_real,dog/0_real/04548.png,118110,4c15c4d5,41793053118,118058,8
train,progan_train,dog,0_real,dog/0_real/04901.png,127408,27c7c659,40615102914,127184,8
train,progan_train,dog,0_real,dog/0_real/05178.png,107629,8259f05d,40936706711,107335,8
train,progan_train,dog,0_real,dog/0_real/05264.png,157809,09eb3999,40724135826,157772,8
train,progan_train,dog,0_real,dog/0_real/05340.png,127309,673f8a18,41570057954,126905,8
train,progan_train,dog,0_real,dog/0_real/05582.png,97665,ba157b9a,41403362293,97464,8
train,progan_train,dog,0_real,dog/0_real/05674.png,134946,343824ea,42072209375,134948,8
train,progan_train,dog,0_real,dog/0_real/06033.png,113632,6744f2d6,40880384708,113293,8
train,progan_train,dog,0_real,dog/0_real/06400.png,57919,55fa8108,40453627864,57836,8
train,progan_train,dog,0_real,dog/0_real/06422.png,99884,bcf9b45a,40738206002,99889,8
train,progan_train,dog,0_real,dog/0_real/06538.png,140840,45780783,41518401073,140140,8
train,progan_train,dog,0_real,dog/0_real/06627.png,122819,98a9dc07,40506682137,122594,8
train,progan_train,dog,0_real,dog/0_real/06680.png,140778,c43084bd,41865504266,140411,8
train,progan_train,dog,0_real,dog/0_real/06708.png,73673,17f7e04a,40534316440,73688,8
train,progan_train,dog,0_real,dog/0_real/07178.png,81167,a3826930,40686960133,81178,8
train,progan_train,dog,0_real,dog/0_real/07424.png,120365,5eb78d12,40875037545,119400,8
train,progan_train,dog,0_real,dog/0_real/07584.png,102815,dfef0bc0,40899165613,102510,8
train,progan_train,dog,0_real,dog/0_real/09034.png,111130,e20d77eb,40499594624,110893,8
train,progan_train,dog,0_real,dog/0_real/09117.png,103246,9dd7278f,41560940830,103081,8
train,progan_train,dog,0_real,dog/0_real/09382.png,75766,215a1b99,40635671181,75769,8
train,progan_train,dog,0_real,dog/0_real/09884.png,112419,ea0b5d7c,42004156083,112369,8
train,progan_train,dog,0_real,dog/0_real/10087.png,134512,d5fa2d72,41188871869,134143,8
train,progan_train,dog,0_real,dog/0_real/10963.png,127434,2e3ee68c,41082770533,126797,8
train,progan_train,dog,0_real,dog/0_real/11338.png,96291,c686eccd,40731908745,96196,8
train,progan_train,dog,0_real,dog/0_real/11422.png,119397,7f95ea66,41936511853,119041,8
train,progan_train,dog,0_real,dog/0_real/11438.png,96168,4fb46078,41115137841,96173,8
train,progan_train,dog,0_real,dog/0_real/11598.png,102220,a2dff596,40456768269,102067,8
train,progan_train,dog,0_real,dog/0_real/11668.png,82751,cf9ba6fc,40571565769,82684,8
train,progan_train,dog,0_real,dog/0_real/11727.png,109075,ba520914,41257318706,108862,8
train,progan_train,dog,0_real,dog/0_real/11897.png,133211,4c4e8b60,42002250674,132193,8
train,progan_train,dog,0_real,dog/0_real/12404.png,105783,50e70be2,40704971840,105579,8
train,progan_train,dog,0_real,dog/0_real/12689.png,159934,977e0ea6,42078028450,159720,8
train,progan_train,dog,0_real,dog/0_real/12706.png,86634,c645b864,41434451905,86649,8
train,progan_train,dog,0_real,dog/0_real/12837.png,78352,19b37bc5,40447948646,78353,8
train,progan_train,dog,0_real,dog/0_real/12872.png,137260,d2a740d6,41701184669,136792,8
train,progan_train,dog,0_real,dog/0_real/12900.png,145151,7a230c32,41311395271,145151,8
train,progan_train,dog,0_real,dog/0_real/13203.png,68324,9b5a190e,41396054866,68310,8
train,progan_train,dog,0_real,dog/0_real/13314.png,139183,7dcd45fb,40997804931,137679,8
train,progan_train,dog,0_real,dog/0_real/13339.png,112217,ec36a99b,41065844262,111632,8
train,progan_train,dog,0_real,dog/0_real/13512.png,104820,33e53333,41245974356,104791,8
train,progan_train,dog,0_real,dog/0_real/13857.png,113181,e5bbf496,40215271521,113168,8
train,progan_train,dog,0_real,dog/0_real/13917.png,93029,cf7a7408,41249975015,93014,8
train,progan_train,dog,0_real,dog/0_real/14190.png,75675,e28faa1d,41202114209,75434,8
train,progan_train,dog,0_real,dog/0_real/14197.png,82800,200d0c51,41805157614,82137,8
train,progan_train,dog,0_real,dog/0_real/14305.png,118342,70cd9b1d,41129902059,117636,8
train,progan_train,dog,0_real,dog/0_real/14861.png,106216,aafd7de9,40893026637,106160,8
train,progan_train,dog,0_real,dog/0_real/15419.png,145268,750480be,41501302363,144431,8
train,progan_train,dog,0_real,dog/0_real/15703.png,135451,d3c4d9ad,42102858776,135123,8
train,progan_train,dog,0_real,dog/0_real/15705.png,101521,de10249b,40227291548,101395,8
train,progan_train,dog,0_real,dog/0_real/15865.png,101046,28b085af,40830364345,100710,8
train,progan_train,dog,0_real,dog/0_real/15907.png,39890,4869ae6b,42003313495,39714,8
train,progan_train,dog,0_real,dog/0_real/16218.png,101571,cce8205b,41154794766,101375,8
train,progan_train,dog,0_real,dog/0_real/16351.png,112002,28a96049,41499606148,111807,8
train,progan_train,dog,0_real,dog/0_real/16427.png,133797,ae1a76a5,40385318089,133197,8
train,progan_train,dog,0_real,dog/0_real/16651.png,123773,08feff1f,41484316685,122913,8
train,progan_train,dog,0_real,dog/0_real/16677.png,62248,07a6d253,42053090843,62146,8
train,progan_train,dog,0_real,dog/0_real/16923.png,125383,9077641b,42083364369,124786,8
train,progan_train,dog,0_real,dog/0_real/17215.png,131904,46cfc9a0,41977883180,131367,8
train,progan_train,dog,0_real,dog/0_real/17380.png,111302,55fa8a10,40354306688,111252,8
train,progan_train,dog,0_real,dog/0_real/17406.png,115254,8aa0c6ea,41578665557,115230,8
train,progan_train,dog,0_real,dog/0_real/17534.png,69269,22b0ce50,41428546773,69147,8
train,progan_train,dog,0_real,dog/0_real/17817.png,118032,024e09c6,41437436265,118030,8
train,progan_train,dog,0_real,dog/0_real/17875.png,114821,8cb40c18,42080996762,113615,8
train,progan_train,dog,0_real,dog/0_real/18190.png,114887,d96da0ce,40981966835,114296,8
train,progan_train,dog,0_real,dog/0_real/18318.png,98394,d40bf529,41363030294,97955,8
train,progan_train,dog,0_real,dog/0_real/18532.png,42048,8308d7e4,41567092014,41903,8
train,progan_train,dog,0_real,dog/0_real/18620.png,101262,a1fdcd6d,40752990128,101112,8
train,progan_train,dog,0_real,dog/0_real/18930.png,51933,bc3ddc0e,40758057839,51916,8
train,progan_train,dog,0_real,dog/0_real/19072.png,115312,ef11fe78,40588027290,115164,8
train,progan_train,dog,0_real,dog/0_real/19078.png,98463,29b3529c,40495098232,98361,8
train,progan_train,dog,0_real,dog/0_real/19387.png,147165,c3759ec8,41382164269,147143,8
train,progan_train,dog,0_real,dog/0_real/19526.png,132399,8a4568b4,41388954294,131937,8
train,progan_train,dog,0_real,dog/0_real/19765.png,110563,7d220406,40416981131,110559,8
train,progan_train,dog,0_real,dog/0_real/19883.png,97757,56e4ec7d,41683108599,97554,8
train,progan_train,dog,0_real,dog/0_real/19945.png,107343,d40bf116,40367768252,106884,8
train,progan_train,dog,0_real,dog/0_real/19954.png,80818,e2b80dc5,41540691222,80789,8
train,progan_train,dog,1_fake,dog/1_fake/00602.png,149445,6dec9902,42810882516,148681,8
train,progan_train,dog,1_fake,dog/1_fake/00802.png,117156,2b0fc99c,43392623090,117107,8
train,progan_train,dog,1_fake,dog/1_fake/00967.png,91640,e3d3c5a1,43804598651,91528,8
train,progan_train,dog,1_fake,dog/1_fake/01410.png,99855,13965355,43087182436,99799,8
train,progan_train,dog,1_fake,dog/1_fake/01413.png,113997,a1c976d4,43041922230,113991,8
train,progan_train,dog,1_fake,dog/1_fake/01467.png,112600,0b11d46b,42429728706,112602,8
train,progan_train,dog,1_fake,dog/1_fake/01477.png,104498,d1fac526,42970447577,104202,8
train,progan_train,dog,1_fake,dog/1_fake/01950.png,97678,4e7e3a7c,42842043677,97506,8
train,progan_train,dog,1_fake,dog/1_fake/02123.png,86677,9728099d,43113260585,86574,8
train,progan_train,dog,1_fake,dog/1_fake/02134.png,113405,9eabb999,43342962865,113420,8
train,progan_train,dog,1_fake,dog/1_fake/02223.png,101790,e30fbc88,43933199896,101737,8
train,progan_train,dog,1_fake,dog/1_fake/02378.png,116972,051520c2,43276059856,116939,8
train,progan_train,dog,1_fake,dog/1_fake/02584.png,115004,155834da,44036533572,114935,8
train,progan_train,dog,1_fake,dog/1_fake/02696.png,105832,f3ff0fb7,42825502415,105814,8
train,progan_train,dog,1_fake,dog/1_fake/02751.png,90706,19587f6c,42535143897,90564,8
train,progan_train,dog,1_fake,dog/1_fake/03113.png,119658,a7e385ce,43816302621,119546,8
train,progan_train,dog,1_fake,dog/1_fake/03477.png,163036,71ef9d79,43790838444,162949,8
train,progan_train,dog,1_fake,dog/1_fake/03503.png,105219,398b0ea2,42927472738,104928,8
train,progan_train,dog,1_fake,dog/1_fake/03952.png,97317,4b535251,43715454248,97193,8
train,progan_train,dog,1_fake,dog/1_fake/03956.png,114162,221c7d64,43809968212,114135,8
train,progan_train,dog,1_fake,dog/1_fake/04066.png,144497,d69ef2bc,42873962809,144136,8
train,progan_train,dog,1_fake,dog/1_fake/04898.png,106862,0808b0d7,43092668225,106666,8
train,progan_train,dog,1_fake,dog/1_fake/05064.png,90757,b96e2250,42615134002,90770,8
train,progan_train,dog,1_fake,dog/1_fake/05151.png,107182,9cf45cca,43614562140,107165,8
train,progan_train,dog,1_fake,dog/1_fake/05341.png,127310,84677cca,42566632439,126906,8
train,progan_train,dog,1_fake,dog/1_fake/05822.png,108619,f9810120,43563819571,108394,8
train,progan_train,dog,1_fake,dog/1_fake/06305.png,114906,ef61154b,42703335969,114387,8
train,progan_train,dog,1_fake,dog/1_fake/06313.png,107694,e99c1883,43122798180,107555,8
train,progan_train,dog,1_fake,dog/1_fake/06363.png,123895,d9043ae4,43111404330,123910,8
train,progan_train,dog,1_fake,dog/1_fake/06712.png,113660,b969e89a,43921558381,113668,8
train,progan_train,dog,1_fake,dog/1_fake/06807.png,131075,f11aa5da,42912323555,130634,8
train,progan_train,dog,1_fake,dog/1_fake/07316.png,111984,f517afda,43839563227,111619,8
train,progan_train,dog,1_fake,dog/1_fake/07567.png,98870,c3d91d8b,42519558993,98862,8
train,progan_train,dog,1_fake,dog/1_fake/07669.png,105154,7e7bc14d,42409681139,105162,8
train,progan_train,dog,1_fake,dog/1_fake/07818.png,99691,232959fa,42175816089,99391,8
train,progan_train,dog,1_fake,dog/1_fake/07875.png,107892,1de06c2f,44074088876,107780,8
train,progan_train,dog,1_fake,dog/1_fake/08333.png,109361,327153e9,43595973593,109339,8
train,progan_train,dog,1_fake,dog/1_fake/08336.png,95440,23ca83a2,43300674174,95314,8
train,progan_train,dog,1_fake,dog/1_fake/08345.png,127598,e21f43ed,43058698077,127542,8
train,progan_train,dog,1_fake,dog/1_fake/08671.png,154718,31eff8f4,43543845591,154683,8
train,progan_train,dog,1_fake,dog/1_fake/08879.png,90705,64180f0f,43723041456,90683,8
train,progan_train,dog,1_fake,dog/1_fake/08882.png,117984,56752268,43630422445,118002,8
train,progan_train,dog,1_fake,dog/1_fake/09107.png,138379,d262800f,42496870461,138372,8
train,progan_train,dog,1_fake,dog/1_fake/09696.png,140263,c0a3f219,42863058544,140035,8
train,progan_train,dog,1_fake,dog/1_fake/09965.png,112982,d56d6758,43103820737,112624,8
train,progan_train,dog,1_fake,dog/1_fake/10511.png,110503,e2bd3a5f,43686443655,109958,8
train,progan_train,dog,1_fake,dog/1_fake/11248.png,125835,78d9b8c4,43058572837,125162,8
train,progan_train,dog,1_fake,dog/1_fake/11272.png,92701,dca4cf77,44110895202,92545,8
train,progan_train,dog,1_fake,dog/1_fake/11383.png,117564,4bc1d3a1,44087037517,117173,8
train,progan_train,dog,1_fake,dog/1_fake/11476.png,79072,e5692042,42414743006,78993,8
train,progan_train,dog,1_fake,dog/1_fake/11581.png,83983,7edb7d84,42149758846,83950,8
train,progan_train,dog,1_fake,dog/1_fake/11816.png,139560,8d1a9f79,42474216201,139496,8
train,progan_train,dog,1_fake,dog/1_fake/11980.png,93703,56b72b4b,44036024888,93508,8
train,progan_train,dog,1_fake,dog/1_fake/12215.png,74018,926b8fed,43086922390,74033,8
train,progan_train,dog,1_fake,dog/1_fake/12295.png,54866,3dc821cc,42910082719,54864,8
train,progan_train,dog,1_fake,dog/1_fake/12311.png,117208,cc318c43,42865469648,116884,8
train,progan_train,dog,1_fake,dog/1_fake/12360.png,127803,811ccf9b,43436912064,127601,8
train,progan_train,dog,1_fake,dog/1_fake/12389.png,120509,d61cce0d,42695715840,120472,8
train,progan_train,dog,1_fake,dog/1_fake/12529.png,97185,1588ddcc,42941912242,97044,8
train,progan_train,dog,1_fake,dog/1_fake/12838.png,97795,8c98fc83,44118745299,97689,8
train,progan_train,dog,1_fake,dog/1_fake/13055.png,138393,b26fe4c0,42934624795,138263,8
train,progan_train,dog,1_fake,dog/1_fake/13373.png,106295,e4808f60,43229630727,106272,8
train,progan_train,dog,1_fake,dog/1_fake/13690.png,114714,ad06d36d,42842271893,114461,8
train,progan_train,dog,1_fake,dog/1_fake/13741.png,112232,ac8300c7,44056400215,112122,8
train,progan_train,dog,1_fake,dog/1_fake/13784.png,99691,a9ec7cba,43184672312,99689,8
train,progan_train,dog,1_fake,dog/1_fake/13863.png,117393,3a151915,43847451138,117118,8
train,progan_train,dog,1_fake,dog/1_fake/14150.png,147376,b4807d96,43490104375,147352,8
train,progan_train,dog,1_fake,dog/1_fake/14300.png,99520,c86439b7,43348547181,99277,8
train,progan_train,dog,1_fake,dog/1_fake/14416.png,152860,34d8b566,42515255359,152678,8
train,progan_train,dog,1_fake,dog/1_fake/15003.png,118096,e00d7729,43144019908,118081,8
train,progan_train,dog,1_fake,dog/1_fake/15082.png,103099,3fd62008,43921672127,103080,8
train,progan_train,dog,1_fake,dog/1_fake/15398.png,103485,06fc4825,42802140259,103304,8
train,progan_train,dog,1_fake,dog/1_fake/15420.png,97011,33b3f6cf,42281338441,96835,8
train,progan_train,dog,1_fake,dog/1_fake/15481.png,101375,c68c162c,43579853716,101339,8
train,progan_train,dog,1_fake,dog/1_fake/15862.png,151336,b449dd68,42726911795,151226,8
train,progan_train,dog,1_fake,dog/1_fake/15877.png,126083,5fcfb959,43501438501,125829,8
train,progan_train,dog,1_fake,dog/1_fake/15881.png,90120,c3c0069e,42843231846,90135,8
train,progan_train,dog,1_fake,dog/1_fake/16036.png,114215,6a1e9412,42162760226,114100,8
train,progan_train,dog,1_fake,dog/1_fake/16133.png,130235,c2a78397,42338637634,130188,8
train,progan_train,dog,1_fake,dog/1_fake/16147.png,127911,4355b288,42680131916,127451,8
train,progan_train,dog,1_fake,dog/1_fake/16153.png,101062,ed88ec72,43557919515,100957,8
train,progan_train,dog,1_fake,dog/1_fake/16173.png,83104,7df80003,44040903619,82997,8
train,progan_train,dog,1_fake,dog/1_fake/16402.png,91505,1b2021e0,44034209989,91010,8
train,progan_train,dog,1_fake,dog/1_fake/16703.png,147674,530a6c2c,43516357909,147542,8
train,progan_train,dog,1_fake,dog/1_fake/16989.png,114555,f58ae2eb,43258302315,114356,8
train,progan_train,dog,1_fake,dog/1_fake/17029.png,117206,5e91550a,42252762269,117030,8
train,progan_train,dog,1_fake,dog/1_fake/18028.png,103119,5a55758e,43019765160,102999,8
train,progan_train,dog,1_fake,dog/1_fake/18240.png,83644,85c890bd,42356409012,83659,8
train,progan_train,dog,1_fake,dog/1_fake/18333.png,97963,95f380e5,43695570608,97938,8
train,progan_train,dog,1_fake,dog/1_fake/18516.png,133311,de36c6c5,42334765774,132734,8
train,progan_train,dog,1_fake,dog/1_fake/18577.png,103365,38d70405,43122172348,103114,8
train,progan_train,dog,1_fake,dog/1_fake/18730.png,97606,0cdc77f8,42131461935,97527,8
train,progan_train,dog,1_fake,dog/1_fake/18772.png,158418,5dd55ab5,42607245916,158424,8
train,progan_train,dog,1_fake,dog/1_fake/18914.png,118113,e306e43e,43259696631,118027,8
train,progan_train,dog,1_fake,dog/1_fake/19255.png,70983,a0d6aa85,42725916648,70981,8
train,progan_train,dog,1_fake,dog/1_fake/19339.png,125841,dfa247d3,43575248930,125690,8
train,progan_train,dog,1_fake,dog/1_fake/19592.png,142641,724601a1,43575557486,141856,8
train,progan_train,dog,1_fake,dog/1_fake/19623.png,104273,fa42d26f,42881249392,104280,8
train,progan_train,dog,1_fake,dog/1_fake/19632.png,85273,d4ec128b,43305302736,85212,8
train,progan_train,dog,1_fake,dog/1_fake/19945.png,75658,b5e9ec0d,42301002076,75560,8
train,progan_train,horse,0_real,horse/0_real/00322.png,116364,865d4c42,45693803915,116294,8
train,progan_train,horse,0_real,horse/0_real/00611.png,71711,434f907e,45888573969,71330,8
train,progan_train,horse,0_real,horse/0_real/00636.png,103911,aa26984a,45778575396,103823,8
train,progan_train,horse,0_real,horse/0_real/00734.png,116261,1700065f,46056846285,116185,8
train,progan_train,horse,0_real,horse/0_real/00986.png,141627,db34269c,46066200829,141652,8
train,progan_train,horse,0_real,horse/0_real/01184.png,112476,8ac8f857,46120805476,112399,8
train,progan_train,horse,0_real,horse/0_real/01332.png,108191,06acb3ec,46160662505,107821,8
train,progan_train,horse,0_real,horse/0_real/01347.png,116142,677928a8,44704628657,115632,8
train,progan_train,horse,0_real,horse/0_real/01422.png,123364,f908c4be,46082370809,123286,8
train,progan_train,horse,0_real,horse/0_real/01498.png,141177,b178ad83,44500073491,141070,8
train,progan_train,horse,0_real,horse/0_real/01618.png,149451,72186da8,45392914974,148524,8
train,progan_train,horse,0_real,horse/0_real/01648.png,106147,d50779e4,44794396679,106121,8
train,progan_train,horse,0_real,horse/0_real/01650.png,114347,b872339d,45358711081,113800,8
train,progan_train,horse,0_real,horse/0_real/01749.png,109383,a1cf2602,44298125736,109235,8
train,progan_train,horse,0_real,horse/0_real/01882.png,127998,bd7c130c,44760257137,127987,8
train,progan_train,horse,0_real,horse/0_real/02863.png,113507,c5ee5845,44201079502,113228,8
train,progan_train,horse,0_real,horse/0_real/03142.png,139855,2317a45d,45650604815,139708,8
train,progan_train,horse,0_real,horse/0_real/03212.png,118832,a3c0ec16,45838863739,118471,8
train,progan_train,horse,0_real,horse/0_real/03445.png,113769,d97aeda7,44320256514,113683,8
train,progan_train,horse,0_real,horse/0_real/03559.png,86616,6fc8d57b,44360064521,86607,8
train,progan_train,horse,0_real,horse/0_real/03573.png,80053,1ffb9f15,44775527828,79046,8
train,progan_train,horse,0_real,horse/0_real/03833.png,89683,5459c1f2,44736098073,89698,8
train,progan_train,horse,0_real,horse/0_real/04104.png,117987,959fbdb8,44724549453,117998,8
train,progan_train,horse,0_real,horse/0_real/04130.png,144782,c2485407,45820602505,144552,8
train,progan_train,horse,0_real,horse/0_real/04493.png,119878,5f4fdad4,44502907995,119786,8
train,progan_train,horse,0_real,horse/0_real/04743.png,136276,1a5f9656,44384459405,136294,8
train,progan_train,horse,0_real,horse/0_real/04884.png,114653,2ad8fc43,45970965322,114620,8
train,progan_train,horse,0_real,horse/0_real/05428.png,108892,fefbd74f,45488085185,108912,8
train,progan_train,horse,0_real,horse/0_real/05501.png,141661,dc64ac24,44682594318,141645,8
train,progan_train,horse,0_real,horse/0_real/05576.png,141921,fa51589d,44531621284,141817,8
train,progan_train,horse,0_real,horse/0_real/05638.png,98851,f0bbff41,45801486460,98646,8
train,progan_train,horse,0_real,horse/0_real/06326.png,143979,bc886bd7,45049904738,143421,8
train,progan_train,horse,0_real,horse/0_real/06560.png,111801,91782e43,46051674073,111511,8
train,progan_train,horse,0_real,horse/0_real/06579.png,113103,8babc9f6,45719372655,112898,8
train,progan_train,horse,0_real,horse/0_real/06843.png,110797,aa0b7d48,45997207603,110687,8
train,progan_train,horse,0_real,horse/0_real/07288.png,101973,d3c57cde,45657643522,101456,8
train,progan_train,horse,0_real,horse/0_real/08023.png,120008,88d34c37,44421538071,119589,8
train,progan_train,horse,0_real,horse/0_real/08167.png,126826,546f7e04,44301000402,126742,8
train,progan_train,horse,0_real,horse/0_real/08233.png,118507,b9068e67,45606156300,118323,8
train,progan_train,horse,0_real,horse/0_real/08288.png,126762,32ec8623,44618965203,126333,8
train,progan_train,horse,0_real,horse/0_real/08351.png,106442,1a20def2,46182753222,103523,8
train,progan_train,horse,0_real,horse/0_real/08372.png,141634,a897045a,45526294481,141659,8
train,progan_train,horse,0_real,horse/0_real/08572.png,102777,9e9b0da6,45351296303,102580,8
train,progan_train,horse,0_real,horse/0_real/08840.png,81702,b12c1212,45922845313,81705,8
train,progan_train,horse,0_real,horse/0_real/09017.png,106891,9da04433,45678110365,106858,8
train,progan_train,horse,0_real,horse/0_real/09451.png,126246,e08b4587,45654706034,126230,8
train,progan_train,horse,0_real,horse/0_real/09524.png,84345,32f33c53,44794312760,83839,8
train,progan_train,horse,0_real,horse/0_real/09538.png,120653,3ae9cebd,45404313364,120337,8
train,progan_train,horse,0_real,horse/0_real/09583.png,122002,18258683,46172341309,121493,8
train,progan_train,horse,0_real,horse/0_real/09680.png,75498,34734149,45560488278,75195,8
train,progan_train,horse,0_real,horse/0_real/09688.png,119356,3f6c42dd,46007063971,118759,8
train,progan_train,horse,0_real,horse/0_real/09694.png,143500,919782c4,44283490513,143511,8
train,progan_train,horse,0_real,horse/0_real/09787.png,93526,958bae64,45088791672,93378,8
train,progan_train,horse,0_real,horse/0_real/09877.png,126091,1d18da0b,44176231202,125960,8
train,progan_train,horse,0_real,horse/0_real/10188.png,134580,6c784abb,45730793350,134128,8
train,progan_train,horse,0_real,horse/0_real/10300.png,117682,115b95a6,45891319250,117543,8
train,progan_train,horse,0_real,horse/0_real/10712.png,131323,4b2d69ac,45581022837,130712,8
train,progan_train,horse,0_real,horse/0_real/10719.png,114025,06f5c72d,44201669290,113772,8
train,progan_train,horse,0_real,horse/0_real/10858.png,137845,8ad6aef5,44416435534,137736,8
train,progan_train,horse,0_real,horse/0_real/11001.png,80708,eb9fc002,44392701717,80476,8
train,progan_train,horse,0_real,horse/0_real/12288.png,97717,539e97f8,45298857774,97522,8
train,progan_train,horse,0_real,horse/0_real/12340.png,93395,49d44bc8,44651941566,93396,8
train,progan_train,horse,0_real,horse/0_real/12497.png,105898,6e23c520,44954381925,105799,8
train,progan_train,horse,0_real,horse/0_real/12500.png,124298,b5ab1b1a,45997318370,123736,8
train,progan_train,horse,0_real,horse/0_real/12566.png,133642,1d076049,45551266705,133221,8
train,progan_train,horse,0_real,horse/0_real/12604.png,101164,feacac4a,45381259397,100798,8
train,progan_train,horse,0_real,horse/0_real/12702.png,116631,2f3c184f,45353376413,116480,8
train,progan_train,horse,0_real,horse/0_real/12819.png,122625,cfc58a0f,44801644744,122242,8
train,progan_train,horse,0_real,horse/0_real/12944.png,94807,0a0c1124,45714269571,94748,8
train,progan_train,horse,0_real,horse/0_real/12996.png,128951,80094973,45763009688,128496,8
train,progan_train,horse,0_real,horse/0_real/12997.png,117393,94b14a68,44624069777,117151,8
train,progan_train,horse,0_real,horse/0_real/13280.png,121944,83fac684,45206962819,121909,8
train,progan_train,horse,0_real,horse/0_real/13932.png,126871,11d79429,44902419583,126891,8
train,progan_train,horse,0_real,horse/0_real/14012.png,141889,8542136c,44666182346,141523,8
train,progan_train,horse,0_real,horse/0_real/14742.png,117375,bfbb64de,44199522016,116880,8
train,progan_train,horse,0_real,horse/0_real/14838.png,128039,eb19fd6c,45706175026,127275,8
train,progan_train,horse,0_real,horse/0_real/15066.png,111544,029c2808,44899445382,111185,8
train,progan_train,horse,0_real,horse/0_real/15311.png,84100,7f3bd2f3,44513855682,82652,8
train,progan_train,horse,0_real,horse/0_real/15408.png,99867,96da5e0b,44219128565,99695,8
train,progan_train,horse,0_real,horse/0_real/16382.png,158663,44ba90f3,45293527034,158622,8
train,progan_train,horse,0_real,horse/0_real/16456.png,123140,9d728860,44365981483,123024,8
train,progan_train,horse,0_real,horse/0_real/16666.png,101430,80eb6d38,45637697379,101450,8
train,progan_train,horse,0_real,horse/0_real/16738.png,134468,894baec6,44339669345,134321,8
train,progan_train,horse,0_real,horse/0_real/16852.png,125342,de6798ea,46108900458,125362,8
train,progan_train,horse,0_real,horse/0_real/16951.png,82531,92dc32ae,45244933722,82541,8
train,progan_train,horse,0_real,horse/0_real/17116.png,128439,1f5a07e7,46088079695,127740,8
train,progan_train,horse,0_real,horse/0_real/17124.png,124922,f995e06f,46131250348,124241,8
train,progan_train,horse,0_real,horse/0_real/17599.png,98897,bbe26695,44667464755,98917,8
train,progan_train,horse,0_real,horse/0_real/17945.png,105213,c6377285,45325360852,104911,8
train,progan_train,horse,0_real,horse/0_real/18083.png,101983,04f9aa5a,46101156211,101698,8
train,progan_train,horse,0_real,horse/0_real/18236.png,144046,f21dd859,46102312336,143944,8
train,progan_train,horse,0_real,horse/0_real/18242.png,65511,295f69f3,46096573015,65495,8
train,progan_train,horse,0_real,horse/0_real/18357.png,111687,8c933081,46062613108,111688,8
train,progan_train,horse,0_real,horse/0_real/18726.png,120955,b342c131,44732396093,120965,8
train,progan_train,horse,0_real,horse/0_real/18966.png,119053,dccb1d73,44581845607,118393,8
train,progan_train,horse,0_real,horse/0_real/18986.png,75494,c319a0de,46105558679,75358,8
train,progan_train,horse,0_real,horse/0_real/19283.png,95975,298530d5,45208668620,95804,8
train,progan_train,horse,0_real,horse/0_real/19452.png,102990,81b801b7,46025889116,102822,8
train,progan_train,horse,0_real,horse/0_real/19472.png,108312,93600f54,45764894004,108118,8
train,progan_train,horse,0_real,horse/0_real/19645.png,117096,04e0777e,44282561253,117069,8
train,progan_train,horse,1_fake,horse/1_fake/00081.png,117165,c5e1c905,46259161271,117146,8
train,progan_train,horse,1_fake,horse/1_fake/00150.png,142253,7897e428,47921692677,142090,8
train,progan_train,horse,1_fake,horse/1_fake/00298.png,94151,9258f11c,46774236153,94034,8
train,progan_train,horse,1_fake,horse/1_fake/00381.png,127329,28a8e0ac,46241378302,127322,8
train,progan_train,horse,1_fake,horse/1_fake/00496.png,131272,d2ee04de,47822356177,131292,8
train,progan_train,horse,1_fake,horse/1_fake/00529.png,114154,00a86363,46944090617,113854,8
train,progan_train,horse,1_fake,horse/1_fake/00760.png,115535,09fcac27,46372425237,115531,8
train,progan_train,horse,1_fake,horse/1_fake/01685.png,135873,1178e153,46967756427,135835,8
train,progan_train,horse,1_fake,horse/1_fake/01720.png,135856,b9f178d9,47836599270,135768,8
train,progan_train,horse,1_fake,horse/1_fake/02072.png,106438,f968341f,47693647915,106403,8
train,progan_train,horse,1_fake,horse/1_fake/02130.png,156569,b21a16e8,47027498265,156446,8
train,progan_train,horse,1_fake,horse/1_fake/02201.png,84244,7bf70899,46795496619,83988,8
train,progan_train,horse,1_fake,horse/1_fake/02203.png,118748,aee3e867,46381593489,118595,8
train,progan_train,horse,1_fake,horse/1_fake/02207.png,110112,36d16448,47223887768,109975,8
train,progan_train,horse,1_fake,horse/1_fake/02322.png,109502,979d8a36,48152002833,109033,8
train,progan_train,horse,1_fake,horse/1_fake/02554.png,127317,e4c2c373,46714512251,127197,8
train,progan_train,horse,1_fake,horse/1_fake/02709.png,124752,1d31bf7a,46582329701,124444,8
train,progan_train,horse,1_fake,horse/1_fake/02772.png,143884,77f0f1ed,47559442167,143686,8
train,progan_train,horse,1_fake,horse/1_fake/02815.png,95588,fcfed8a7,46679527163,95511,8
train,progan_train,horse,1_fake,horse/1_fake/03436.png,99534,892b0c49,48048996838,99324,8
train,progan_train,horse,1_fake,horse/1_fake/03512.png,122744,890c3b4b,46520763018,122738,8
train,progan_train,horse,1_fake,horse/1_fake/03649.png,124608,46224885,47967648852,124555,8
train,progan_train,horse,1_fake,horse/1_fake/03995.png,129895,2f8ab8fc,46796272674,129634,8
train,progan_train,horse,1_fake,horse/1_fake/04398.png,163448,9f77748b,48322195503,163450,8
train,progan_train,horse,1_fake,horse/1_fake/04465.png,128930,3c87ab8e,46577409148,128768,8
train,progan_train,horse,1_fake,horse/1_fake/04467.png,152815,f1bdb57c,46223504144,152729,8
train,progan_train,horse,1_fake,horse/1_fake/04664.png,96298,8d828e52,46716944103,95987,8
train,progan_train,horse,1_fake,horse/1_fake/05020.png,112968,2ce49d9c,48160789652,112779,8
train,progan_train,horse,1_fake,horse/1_fake/05218.png,134912,6faa615f,47982382211,134314,8
train,progan_train,horse,1_fake,horse/1_fake/05600.png,99279,8c5b2a08,47259575965,99262,8
train,progan_train,horse,1_fake,horse/1_fake/05834.png,64834,c1ee5f66,46379795875,64562,8
train,progan_train,horse,1_fake,horse/1_fake/06107.png,79941,47500bf3,46377986668,79940,8
train,progan_train,horse,1_fake,horse/1_fake/06396.png,150675,36de47a5,46594080190,150553,8
train,progan_train,horse,1_fake,horse/1_fake/06630.png,164345,2210e575,47756748658,164203,8
train,progan_train,horse,1_fake,horse/1_fake/06656.png,108534,3ca52a19,46722628693,108551,8
train,progan_train,horse,1_fake,horse/1_fake/06704.png,103133,124d2a00,46993728310,102846,8
train,progan_train,horse,1_fake,horse/1_fake/07053.png,128776,bfc07ca2,47956403449,128600,8
train,progan_train,horse,1_fake,horse/1_fake/07203.png,121518,dad939ba,48096054143,121524,8
train,progan_train,horse,1_fake,horse/1_fake/07233.png,101310,1c734a78,46770596211,100980,8
train,progan_train,horse,1_fake,horse/1_fake/07329.png,131975,7a611b73,48107527103,132000,8
train,progan_train,horse,1_fake,horse/1_fake/07477.png,127373,843bf81a,47505981436,127227,8
train,progan_train,horse,1_fake,horse/1_fake/07609.png,89787,0def6da7,48161297305,89682,8
train,progan_train,horse,1_fake,horse/1_fake/07715.png,114662,c3009171,46290762163,114674,8
train,progan_train,horse,1_fake,horse/1_fake/07757.png,110047,f2683b31,46210936832,110067,8
train,progan_train,horse,1_fake,horse/1_fake/08033.png,99311,5e46110a,47431587351,99240,8
train,progan_train,horse,1_fake,horse/1_fake/08061.png,132604,7a80f443,47501315460,132621,8
train,progan_train,horse,1_fake,horse/1_fake/08232.png,135963,d3414320,47222721045,135971,8
train,progan_train,horse,1_fake,horse/1_fake/08429.png,141812,6e7a002e,47936691627,141721,8
train,progan_train,horse,1_fake,horse/1_fake/09142.png,146578,b5ef023a,46389347930,146566,8
train,progan_train,horse,1_fake,horse/1_fake/09502.png,114963,ca453e7a,46777549068,114899,8
train,progan_train,horse,1_fake,horse/1_fake/09520.png,133606,70719f66,46410909946,133631,8
train,progan_train,horse,1_fake,horse/1_fake/09946.png,132929,19ad8e48,48321756962,132752,8
train,progan_train,horse,1_fake,horse/1_fake/10054.png,129819,2809d6f3,47534008900,129839,8
train,progan_train,horse,1_fake,horse/1_fake/10911.png,137240,17cf214b,47594514926,137218,8
train,progan_train,horse,1_fake,horse/1_fake/10966.png,129480,3b6e110e,47792290884,129228,8
train,progan_train,horse,1_fake,horse/1_fake/11127.png,95632,2e75e107,46618469208,95540,8
train,progan_train,horse,1_fake,horse/1_fake/11620.png,114003,2716612d,47405588439,113771,8
train,progan_train,horse,1_fake,horse/1_fake/11789.png,116381,29a58832,47409439588,116265,8
train,progan_train,horse,1_fake,horse/1_fake/11917.png,123485,aba985ab,46997945133,122706,8
train,progan_train,horse,1_fake,horse/1_fake/12030.png,133675,72c596b1,46532270248,133660,8
train,progan_train,horse,1_fake,horse/1_fake/12119.png,89157,a11482fc,48126139471,89103,8
train,progan_train,horse,1_fake,horse/1_fake/12127.png,109215,3507388e,47969341979,109235,8
train,progan_train,horse,1_fake,horse/1_fake/12209.png,117624,202554ab,48173349954,117616,8
train,progan_train,horse,1_fake,horse/1_fake/12224.png,114011,824b5790,47604181464,113998,8
train,progan_train,horse,1_fake,horse/1_fake/12245.png,77371,3c590871,47127531414,77288,8
train,progan_train,horse,1_fake,horse/1_fake/12668.png,130907,50706274,47837568406,130783,8
train,progan_train,horse,1_fake,horse/1_fake/12942.png,133194,7389afac,47642318304,132960,8
train,progan_train,horse,1_fake,horse/1_fake/13198.png,100791,20523388,47458575526,100733,8
train,progan_train,horse,1_fake,horse/1_fake/13259.png,139277,a2d28573,46263150059,139291,8
train,progan_train,horse,1_fake,horse/1_fake/13541.png,131563,d5fbd5a7,47327228759,131213,8
train,progan_train,horse,1_fake,horse/1_fake/13600.png,108125,4efd341a,46786125846,107561,8
train,progan_train,horse,1_fake,horse/1_fake/13695.png,117895,da380390,48251803283,117915,8
train,progan_train,horse,1_fake,horse/1_fake/14050.png,103623,b3957461,48202776786,103574,8
train,progan_train,horse,1_fake,horse/1_fake/14055.png,146611,d3835c1f,46763799157,146469,8
train,progan_train,horse,1_fake,horse/1_fake/14500.png,123756,66fb9c74,47500047272,123758,8
train,progan_train,horse,1_fake,horse/1_fake/15022.png,90391,be46375e,46562407877,90291,8
train,progan_train,horse,1_fake,horse/1_fake/15039.png,114527,42f8eb75,46427280789,114420,8
train,progan_train,horse,1_fake,horse/1_fake/15657.png,130191,1e5534eb,47803095372,130015,8
train,progan_train,horse,1_fake,horse/1_fake/15679.png,109650,15090f14,47730382628,109528,8
train,progan_train,horse,1_fake,horse/1_fake/15680.png,96905,65a20532,48204885025,96534,8
train,progan_train,horse,1_fake,horse/1_fake/15844.png,102228,e4a1cb37,46964328213,102128,8
train,progan_train,horse,1_fake,horse/1_fake/16153.png,138275,6693e3d9,47715543906,138185,8
train,progan_train,horse,1_fake,horse/1_fake/16863.png,143100,66779631,46898227391,142848,8
train,progan_train,horse,1_fake,horse/1_fake/17028.png,119773,cf25c89e,46530294991,119485,8
train,progan_train,horse,1_fake,horse/1_fake/17151.png,123004,54f56444,47668306535,123003,8
train,progan_train,horse,1_fake,horse/1_fake/17702.png,92937,d843be82,46424945435,92818,8
train,progan_train,horse,1_fake,horse/1_fake/17731.png,134164,1e8178cd,47236046228,133893,8
train,progan_train,horse,1_fake,horse/1_fake/18310.png,94377,d8f3ef81,47792986540,94389,8
train,progan_train,horse,1_fake,horse/1_fake/18723.png,121294,d6c78891,46914924442,121068,8
train,progan_train,horse,1_fake,horse/1_fake/18952.png,132672,1da8ad02,47405354630,132170,8
train,progan_train,horse,1_fake,horse/1_fake/18954.png,116468,f704e034,47315723716,116283,8
train,progan_train,horse,1_fake,horse/1_fake/19015.png,131067,09c90940,47622889128,130749,8
train,progan_train,horse,1_fake,horse/1_fake/19310.png,107594,144df571,47769349650,107614,8
train,progan_train,horse,1_fake,horse/1_fake/19330.png,102094,3627dd97,46398505295,102018,8
train,progan_train,horse,1_fake,horse/1_fake/19403.png,144018,7c3eb51b,47844017107,143986,8
train,progan_train,horse,1_fake,horse/1_fake/19422.png,86738,fa4da99f,46506869842,86673,8
train,progan_train,horse,1_fake,horse/1_fake/19468.png,111471,de09f879,46214429495,111367,8
train,progan_train,horse,1_fake,horse/1_fake/19685.png,112576,39eab6f2,48189663916,112578,8
train,progan_train,horse,1_fake,horse/1_fake/19805.png,143562,0a0e1f6a,47679387193,143445,8
train,progan_train,horse,1_fake,horse/1_fake/19948.png,90757,a0192dc2,46594450308,90772,8
train,progan_train,motorbike,0_real,motorbike/0_real/00256.png,81342,b4570ef7,49595052686,80290,8
train,progan_train,motorbike,0_real,motorbike/0_real/00395.png,77011,e9b0dfb7,48980921267,76623,8
train,progan_train,motorbike,0_real,motorbike/0_real/00931.png,121703,cfcb2b7b,49412501279,121621,8
train,progan_train,motorbike,0_real,motorbike/0_real/01117.png,101583,1bfce34d,50287183089,101164,8
train,progan_train,motorbike,0_real,motorbike/0_real/01336.png,128340,dc672d7d,50271291162,128204,8
train,progan_train,motorbike,0_real,motorbike/0_real/01437.png,98822,9331876e,49919595402,98680,8
train,progan_train,motorbike,0_real,motorbike/0_real/01597.png,119500,2fa99a1d,50228053988,119456,8
train,progan_train,motorbike,0_real,motorbike/0_real/01608.png,77268,6e3a565c,50000335566,76694,8
train,progan_train,motorbike,0_real,motorbike/0_real/01756.png,126287,2bcf5207,48530072288,125804,8
train,progan_train,motorbike,0_real,motorbike/0_real/01928.png,142327,14184af1,49966112892,142007,8
train,progan_train,motorbike,0_real,motorbike/0_real/02032.png,103697,13f2b3d4,49359551037,103486,8
train,progan_train,motorbike,0_real,motorbike/0_real/02471.png,96099,4765d9a3,49271405364,95622,8
train,progan_train,motorbike,0_real,motorbike/0_real/02529.png,135637,ce7c96fa,48924037736,135648,8
train,progan_train,motorbike,0_real,motorbike/0_real/02595.png,122959,204105fe,49993356240,122792,8
train,progan_train,motorbike,0_real,motorbike/0_real/02735.png,124960,662ed135,48762363131,124872,8
train,progan_train,motorbike,0_real,motorbike/0_real/02789.png,94055,369b30de,49450585281,93595,8
train,progan_train,motorbike,0_real,motorbike/0_real/03152.png,166715,15d35c03,49498376206,166254,8
train,progan_train,motorbike,0_real,motorbike/0_real/03324.png,107202,9ad0ec65,50017119047,107219,8
train,progan_train,motorbike,0_real,motorbike/0_real/03776.png,114229,e6e92bdc,50076684026,113830,8
train,progan_train,motorbike,0_real,motorbike/0_real/03890.png,110349,508ac2bb,48995998863,110080,8
train,progan_train,motorbike,0_real,motorbike/0_real/04270.png,61204,5496d263,48731686606,60788,8
train,progan_train,motorbike,0_real,motorbike/0_real/04291.png,142461,ebe02aff,50063517555,141934,8
train,progan_train,motorbike,0_real,motorbike/0_real/04709.png,101666,44b5936f,50013055488,101610,8
train,progan_train,motorbike,0_real,motorbike/0_real/05101.png,114287,bcc1a62f,50069018152,113704,8
train,progan_train,motorbike,0_real,motorbike/0_real/05319.png,99047,b3f51544,49542909629,99045,8
train,progan_train,motorbike,0_real,motorbike/0_real/05327.png,107121,6051a52f,48356691661,106926,8
train,progan_train,motorbike,0_real,motorbike/0_real/05397.png,116725,e3532b09,48748755432,116681,8
train,progan_train,motorbike,0_real,motorbike/0_real/05527.png,96109,7cef74b0,49813171492,96042,8
train,progan_train,motorbike,0_real,motorbike/0_real/05529.png,86220,10037ea3,49106209681,86235,8
train,progan_train,motorbike,0_real,motorbike/0_real/05650.png,90650,7cb6e673,49792669077,90665,8
train,progan_train,motorbike,0_real,motorbike/0_real/05738.png,88090,6f9ab927,49511332225,87979,8
train,progan_train,motorbike,0_real,motorbike/0_real/05871.png,83354,97bce8ff,49987674815,83346,8
train,progan_train,motorbike,0_real,motorbike/0_real/05976.png,17462,68bb4810,49452255127,16784,8
train,progan_train,motorbike,0_real,motorbike/0_real/06117.png,107939,73682764,49720189461,107757,8
train,progan_train,motorbike,0_real,motorbike/0_real/06150.png,126991,598bfd47,49869040527,126213,8
train,progan_train,motorbike,0_real,motorbike/0_real/06201.png,133398,7ad7648e,49914937334,132830,8
train,progan_train,motorbike,0_real,motorbike/0_real/06431.png,66203,96267897,49193510592,66195,8
train,progan_train,motorbike,0_real,motorbike/0_real/06612.png,73669,b4bb69ae,49912352975,73647,8
train,progan_train,motorbike,0_real,motorbike/0_real/06821.png,145946,f4a3fa41,49658352075,145639,8
train,progan_train,motorbike,0_real,motorbike/0_real/06969.png,117012,760165e3,49112568852,116836,8
train,progan_train,motorbike,0_real,motorbike/0_real/07138.png,134004,e5d92b33,49556326678,133652,8
train,progan_train,motorbike,0_real,motorbike/0_real/07850.png,39212,ae076f2d,49432501230,38511,8
train,progan_train,motorbike,0_real,motorbike/0_real/07865.png,99540,bb6d8e30,48999226986,99534,8
train,progan_train,motorbike,0_real,motorbike/0_real/07893.png,129908,28113d6e,49226547787,129335,8
train,progan_train,motorbike,0_real,motorbike/0_real/08112.png,137178,22b288a0,48453772946,137177,8
train,progan_train,motorbike,0_real,motorbike/0_real/09000.png,122067,9c472675,50048491483,122024,8
train,progan_train,motorbike,0_real,motorbike/0_real/09154.png,94516,685a79bb,49088302191,94482,8
train,progan_train,motorbike,0_real,motorbike/0_real/09375.png,118500,0345bf07,49166173448,118286,8
train,progan_train,motorbike,0_real,motorbike/0_real/09954.png,103873,13e27fc6,49791507300,103797,8
train,progan_train,motorbike,0_real,motorbike/0_real/10158.png,104377,69442bb4,48691738089,104267,8
train,progan_train,motorbike,0_real,motorbike/0_real/10200.png,133158,c14f4952,49268311559,133175,8
train,progan_train,motorbike,0_real,motorbike/0_real/10319.png,82751,1e656c60,50306643332,82084,8
train,progan_train,motorbike,0_real,motorbike/0_real/10415.png,79858,249554e7,48669925505,79518,8
train,progan_train,motorbike,0_real,motorbike/0_real/10554.png,117062,e71fcf28,49157164058,117045,8
train,progan_train,motorbike,0_real,motorbike/0_real/10747.png,135313,2f00a06d,49726333531,135262,8
train,progan_train,motorbike,0_real,motorbike/0_real/10952.png,94429,719c0f34,49474950112,94173,8
train,progan_train,motorbike,0_real,motorbike/0_real/11189.png,114482,88611f18,48606278806,114325,8
train,progan_train,motorbike,0_real,motorbike/0_real/11197.png,115416,93d44294,49988817207,114878,8
train,progan_train,motorbike,0_real,motorbike/0_real/11254.png,68409,d1013b97,48990945979,68191,8
train,progan_train,motorbike,0_real,motorbike/0_real/11293.png,139454,b88f7731,49808751369,138967,8
train,progan_train,motorbike,0_real,motorbike/0_real/11478.png,137155,963c78cc,49315335334,136862,8
train,progan_train,motorbike,0_real,motorbike/0_real/11566.png,129248,d6c8554a,49669521488,128904,8
train,progan_train,motorbike,0_real,motorbike/0_real/11805.png,128665,09f9ce33,50084934778,128437,8
train,progan_train,motorbike,0_real,motorbike/0_real/12219.png,69354,050dbb76,49030394414,69150,8
train,progan_train,motorbike,0_real,motorbike/0_real/12286.png,126649,cdb4644d,49172689691,126429,8
train,progan_train,motorbike,0_real,motorbike/0_real/12386.png,104200,02e03b6e,48767779949,103850,8
train,progan_train,motorbike,0_real,motorbike/0_real/12811.png,56448,daaeb041,50027756059,56357,8
train,progan_train,motorbike,0_real,motorbike/0_real/12945.png,82804,fca6ccc8,48542433832,82713,8
train,progan_train,motorbike,0_real,motorbike/0_real/12983.png,97977,19ed095b,49123493152,97888,8
train,progan_train,motorbike,0_real,motorbike/0_real/13393.png,97102,da5843bb,49112136026,96751,8
train,progan_train,motorbike,0_real,motorbike/0_real/13446.png,107070,24e10601,48733612431,107048,8
train,progan_train,motorbike,0_real,motorbike/0_real/13528.png,113103,54cfddda,49866026698,112833,8
train,progan_train,motorbike,0_real,motorbike/0_real/13661.png,89011,60344752,49056163957,88889,8
train,progan_train,motorbike,0_real,motorbike/0_real/13742.png,77961,b2578744,48813869534,77737,8
train,progan_train,motorbike,0_real,motorbike/0_real/13821.png,152381,f0e45591,49501992846,151836,8
train,progan_train,motorbike,0_real,motorbike/0_real/14022.png,148279,d906b4c0,48338993221,148212,8
train,progan_train,motorbike,0_real,motorbike/0_real/14058.png,39724,5eaf27df,48341879691,39493,8
train,progan_train,motorbike,0_real,motorbike/0_real/14512.png,123301,f5191afb,48948831389,122864,8
train,progan_train,motorbike,0_real,motorbike/0_real/14565.png,114628,2de2767f,48791688351,114401,8
train,progan_train,motorbike,0_real,motorbike/0_real/14906.png,78282,db183628,49282006675,78265,8
train,progan_train,motorbike,0_real,motorbike/0_real/14937.png,109987,980eb058,48749349421,109969,8
train,progan_train,motorbike,0_real,motorbike/0_real/15455.png,103081,f7cfb549,49172214814,99935,8
train,progan_train,motorbike,0_real,motorbike/0_real/15508.png,87525,7b26d6e6,49369292911,87296,8
train,progan_train,motorbike,0_real,motorbike/0_real/16630.png,116410,56e9f346,49217876341,116371,8
train,progan_train,motorbike,0_real,motorbike/0_real/16634.png,105430,4401a3c4,49860626182,105236,8
train,progan_train,motorbike,0_real,motorbike/0_real/16662.png,121262,392e858d,49877273602,121163,8
train,progan_train,motorbike,0_real,motorbike/0_real/17367.png,141160,88324c70,49538986163,140659,8
train,progan_train,motorbike,0_real,motorbike/0_real/17401.png,152173,0ca80339,49950630602,151475,8
train,progan_train,motorbike,0_real,motorbike/0_real/17555.png,114074,8fa60cd2,49712733650,113984,8
train,progan_train,motorbike,0_real,motorbike/0_real/17594.png,121717,08cfe08a,49320755639,121541,8
train,progan_train,motorbike,0_real,motorbike/0_real/17666.png,102029,4aae1da9,48885796533,101727,8
train,progan_train,motorbike,0_real,motorbike/0_real/17756.png,102586,0fb6071f,49971773173,102523,8
train,progan_train,motorbike,0_real,motorbike/0_real/17982.png,130603,4d3e4647,48411668682,130623,8
train,progan_train,motorbike,0_real,motorbike/0_real/18181.png,68848,897cc30a,49404321513,68863,8
train,progan_train,motorbike,0_real,motorbike/0_real/18473.png,95502,fb4b44cc,48575150143,95383,8
train,progan_train,motorbike,0_real,motorbike/0_real/19110.png,118429,4d34cfb5,48984888690,118151,8
train,progan_train,motorbike,0_real,motorbike/0_real/19178.png,115517,3ebde8ff,49786611784,115403,8
train,progan_train,motorbike,0_real,motorbike/0_real/19420.png,100336,61e51476,50025236998,99956,8
train,progan_train,motorbike,0_real,motorbike/0_real/19424.png,131332,5075ee1b,48431766116,131118,8
train,progan_train,motorbike,0_real,motorbike/0_real/19875.png,97168,6f8c2df4,49340003538,97139,8
train,progan_train,motorbike,1_fake,motorbike/1_fake/00172.png,113709,88177ba4,50939156148,113452,8
train,progan_train,motorbike,1_fake,motorbike/1_fake/00187.png,141334,b72427d2,52359585622,141321,8
train,progan_train,motorbike,1_fake,motorbike/1_fake/00559.png,135655,1902c103,52095141478,135322,8
train,progan_train,motorbike,1_fake,motorbike/1_fake/00629.png,125498,5d1b204a,50403617610,125441,8
train,progan_train,motorbike,1_fake,motorbike/1_fake/00637.png,105037,9bf83776,51390589397,104819,8
train,progan_train,motorbike,1_fake,motorbike/1_fake/00782.png,135864,2e56ff00,50671960642,135566,8
train,progan_train,motorbike,1_fake,motorbike/1_fake/00871.png,106036,83380bf7,52188233706,105752,8
train,progan_train,motorbike,1_fake,motorbike/1_fake/01584.png,133821,fd41c2fa,52197752953,133825,8
train,progan_train,motorbike,1_fake,motorbike/1_fake/01682.png,145089,e3c43721,52034980733,144736,8
train,progan_train,motorbike,1_fake,motorbike/1_fake/01868.png,121165,c4f62082,51645061635,120980,8
train,progan_train,motorbike,1_fake,motorbike/1_fake/01890.png,98595,cd7fae22,51481519897,98597,8
train,progan_train,motorbike,1_fake,motorbike/1_fake/02144.png,135151,bef981bf,50680278419,134937,8
train,progan_train,motorbike,1_fake,motorbike/1_fake/02579.png,97472,6fd5603f,52060981586,97369,8
train,progan_train,motorbike,1_fake,motorbike/1_fake/02694.png,93345,d54dcfaf,51069574230,93313,8
train,progan_train,motorbike,1_fake,motorbike/1_fake/03281.png,134011,77bdfec3,51376616513,134031,8
train,progan_train,motorbike,1_fake,motorbike/1_fake/03591.png,127281,d9c46ce7,51778849169,127160,8
train,progan_train,motorbike,1_fake,motorbike/1_fake/03623.png,126635,c42b844a,52213230864,126645,8
train,progan_train,motorbike,1_fake,motorbike/1_fake/03648.png,147769,27895d5e,50828761017,147747,8
train,progan_train,motorbike,1_fake,motorbike/1_fake/03778.png,134247,375395c8,50558725511,134055,8
train,progan_train,motorbike,1_fake,motorbike/1_fake/03902.png,114783,adda1fd7,50677090036,114685,8
train,progan_train,motorbike,1_fake,motorbike/1_fake/03978.png,105970,73ca90e2,52445012736,105790,8
train,progan_train,motorbike,1_fake,motorbike/1_fake/04023.png,76323,033828cb,51401263801,76127,8
train,progan_train,motorbike,1_fake,motorbike/1_fake/04027.png,129762,7e361e6c,50434913785,129607,8
train,progan_train,motorbike,1_fake,motorbike/1_fake/04106.png,120265,373b678a,51293832603,120099,8
train,progan_train,motorbike,1_fake,motorbike/1_fake/04154.png,109903,bad9b063,51807850244,109673,8
train,progan_train,motorbike,1_fake,motorbike/1_fake/04299.png,83972,71d3d010,51909941668,83978,8
train,progan_train,motorbike,1_fake,motorbike/1_fake/04329.png,85724,2ea1c4da,51848028197,85695,8
train,progan_train,motorbike,1_fake,motorbike/1_fake/04669.png,88058,26473e1d,51238619213,87799,8
train,progan_train,motorbike,1_fake,motorbike/1_fake/04756.png,118033,83b2ebad,51802755810,118035,8
train,progan_train,motorbike,1_fake,motorbike/1_fake/05171.png,101644,6ad93775,50786468528,101664,8
train,progan_train,motorbike,1_fake,motorbike/1_fake/05251.png,141986,db694310,51855048437,141871,8
train,progan_train,motorbike,1_fake,motorbike/1_fake/05510.png,112224,0524b28d,50620759243,112121,8
train,progan_train,motorbike,1_fake,motorbike/1_fake/05686.png,86087,432f20e8,50417177996,86082,8
train,progan_train,motorbike,1_fake,motorbike/1_fake/05704.png,123660,4de4fb2b,51282854801,123589,8
train,progan_train,motorbike,1_fake,motorbike/1_fake/05941.png,106670,cc1c3b3f,51429707894,106636,8
train,progan_train,motorbike,1_fake,motorbike/1_fake/06233.png,89033,a7381f9e,50990776753,88745,8
train,progan_train,motorbike,1_fake,motorbike/1_fake/06241.png,123941,381960b3,50626758668,123937,8
train,progan_train,motorbike,1_fake,motorbike/1_fake/06373.png,107861,96ec558c,52016494526,107715,8
train,progan_train,motorbike,1_fake,motorbike/1_fake/06863.png,128844,027862e4,51336078142,128376,8
train,progan_train,motorbike,1_fake,motorbike/1_fake/06886.png,134025,7b17698d,51934319269,133643,8
train,progan_train,motorbike,1_fake,motorbike/1_fake/07116.png,133407,73b4f029,51183364450,133009,8
train,progan_train,motorbike,1_fake,motorbike/1_fake/07157.png,93087,348dbe3f,52323595993,93005,8
train,progan_train,motorbike,1_fake,motorbike/1_fake/07305.png,105086,58b5ce9b,52070575369,104849,8
train,progan_train,motorbike,1_fake,motorbike/1_fake/07311.png,101652,83386aae,51758268412,101323,8
train,progan_train,motorbike,1_fake,motorbike/1_fake/07610.png,130504,56fa1548,51791066896,130040,8
train,progan_train,motorbike,1_fake,motorbike/1_fake/07996.png,114810,163217ba,50795113861,114830,8
train,progan_train,motorbike,1_fake,motorbike/1_fake/08015.png,141290,c82a3984,50809916542,141220,8
train,progan_train,motorbike,1_fake,motorbike/1_fake/08026.png,109376,ac1d8536,50475568104,109287,8
train,progan_train,motorbike,1_fake,motorbike/1_fake/08427.png,116351,7fbe7f31,52169165566,116218,8
train,progan_train,motorbike,1_fake,motorbike/1_fake/08488.png,125397,19711d70,50958279996,125248,8
train,progan_train,motorbike,1_fake,motorbike/1_fake/08495.png,149475,147ecab1,51631432547,149476,8
train,progan_train,motorbike,1_fake,motorbike/1_fake/08518.png,106811,860f04b7,50380465203,106762,8
train,progan_train,motorbike,1_fake,motorbike/1_fake/08700.png,134348,e38ad621,51164829332,133864,8
train,progan_train,motorbike,1_fake,motorbike/1_fake/08840.png,103927,29db3d5c,52187312937,103804,8
train,progan_train,motorbike,1_fake,motorbike/1_fake/08922.png,90562,04b287bf,50821150606,90528,8
train,progan_train,motorbike,1_fake,motorbike/1_fake/09249.png,133228,963c0be5,51331014420,133152,8
train,progan_train,motorbike,1_fake,motorbike/1_fake/09388.png,63116,6a6e5c3d,51432828924,62999,8
train,progan_train,motorbike,1_fake,motorbike/1_fake/09399.png,112213,b1abe92d,50464226385,112196,8
train,progan_train,motorbike,1_fake,motorbike/1_fake/09442.png,130588,2f924901,50977636681,130459,8
train,progan_train,motorbike,1_fake,motorbike/1_fake/09556.png,107520,fac8f397,51190307243,107422,8
train,progan_train,motorbike,1_fake,motorbike/1_fake/09731.png,82880,831f679e,50951821311,82823,8
train,progan_train,motorbike,1_fake,motorbike/1_fake/10066.png,120695,8976ab16,51823851979,120706,8
train,progan_train,motorbike,1_fake,motorbike/1_fake/10276.png,112040,4d10188e,51907187070,112060,8
train,progan_train,motorbike,1_fake,motorbike/1_fake/10281.png,133120,e3382782,50819912841,133116,8
train,progan_train,motorbike,1_fake,motorbike/1_fake/10997.png,129430,c9160c71,51661019423,129424,8
train,progan_train,motorbike,1_fake,motorbike/1_fake/11266.png,95736,1c13f1de,52072315835,95572,8
train,progan_train,motorbike,1_fake,motorbike/1_fake/11398.png,105420,8b8e39f3,50868984119,105250,8
train,progan_train,motorbike,1_fake,motorbike/1_fake/11497.png,90618,e01e8a91,51917795017,90564,8
train,progan_train,motorbike,1_fake,motorbike/1_fake/12014.png,107594,a693c820,52361059102,107559,8
train,progan_train,motorbike,1_fake,motorbike/1_fake/12045.png,142820,46c8632a,52235834638,142267,8
train,progan_train,motorbike,1_fake,motorbike/1_fake/12190.png,91927,0e217d9d,50840831217,91616,8
train,progan_train,motorbike,1_fake,motorbike/1_fake/12571.png,140916,792c3379,50869655643,140838,8
train,progan_train,motorbike,1_fake,motorbike/1_fake/12970.png,112967,9c32db5b,52139428697,112982,8
train,progan_train,motorbike,1_fake,motorbike/1_fake/13119.png,135597,c1325170,51629032498,135417,8
train,progan_train,motorbike,1_fake,motorbike/1_fake/13269.png,100891,34eb9aa0,51910885687,100864,8
train,progan_train,motorbike,1_fake,motorbike/1_fake/13951.png,73253,d7a32988,52427844661,72723,8
train,progan_train,motorbike,1_fake,motorbike/1_fake/14038.png,137823,f9fee3dd,51168540905,137768,8
train,progan_train,motorbike,1_fake,motorbike/1_fake/14167.png,135117,a80d7cb1,51523438781,135031,8
train,progan_train,motorbike,1_fake,motorbike/1_fake/14188.png,135463,d1523cd3,50915743727,135030,8
train,progan_train,motorbike,1_fake,motorbike/1_fake/14341.png,107793,17fc378b,50756500737,107813,8
train,progan_train,motorbike,1_fake,motorbike/1_fake/14768.png,142586,ce1cf5d0,52468296805,142520,8
train,progan_train,motorbike,1_fake,motorbike/1_fake/14807.png,126575,a77fdb6f,51405409603,126505,8
train,progan_train,motorbike,1_fake,motorbike/1_fake/15235.png,138199,c7014cfe,52049565809,137501,8
train,progan_train,motorbike,1_fake,motorbike/1_fake/15675.png,78858,4701868c,52249591039,78583,8
train,progan_train,motorbike,1_fake,motorbike/1_fake/15763.png,118990,716c46f9,52378895838,118977,8
train,progan_train,motorbike,1_fake,motorbike/1_fake/15864.png,75906,e0cbccba,51290182352,75900,8
train,progan_train,motorbike,1_fake,motorbike/1_fake/16007.png,140260,49b46af1,51896055001,140163,8
train,progan_train,motorbike,1_fake,motorbike/1_fake/16116.png,90205,f9656eb5,50440011074,90186,8
train,progan_train,motorbike,1_fake,motorbike/1_fake/16570.png,105510,4a7462cc,51869922922,105376,8
train,progan_train,motorbike,1_fake,motorbike/1_fake/17834.png,118152,ce032b36,50465547298,118141,8
train,progan_train,motorbike,1_fake,motorbike/1_fake/17899.png,95296,60ab74a7,51327817417,95279,8
train,progan_train,motorbike,1_fake,motorbike/1_fake/18732.png,115342,9242781f,50649505630,115021,8
train,progan_train,motorbike,1_fake,motorbike/1_fake/18743.png,98331,e2bf38f4,51656320327,98346,8
train,progan_train,motorbike,1_fake,motorbike/1_fake/18836.png,106894,b3746682,50519052859,106665,8
train,progan_train,motorbike,1_fake,motorbike/1_fake/18976.png,93947,0a236e56,50540068178,93590,8
train,progan_train,motorbike,1_fake,motorbike/1_fake/19096.png,103901,21afaed9,52170379762,103885,8
train,progan_train,motorbike,1_fake,motorbike/1_fake/19137.png,142513,b8903eca,50376896120,142292,8
train,progan_train,motorbike,1_fake,motorbike/1_fake/19545.png,111320,3e9304f9,52125529876,111340,8
train,progan_train,motorbike,1_fake,motorbike/1_fake/19646.png,141477,87b6be68,51006408394,141291,8
train,progan_train,motorbike,1_fake,motorbike/1_fake/19731.png,147507,5ceb1bc2,50721010422,147445,8
train,progan_train,person,0_real,person/0_real/00093.png,92396,49b566d8,53971419501,92411,8
train,progan_train,person,0_real,person/0_real/00532.png,102802,d5269be7,52716081932,100581,8
train,progan_train,person,0_real,person/0_real/00649.png,44568,fceccdf2,53676414843,44578,8
train,progan_train,person,0_real,person/0_real/00874.png,48624,15d43501,53978528424,48394,8
train,progan_train,person,0_real,person/0_real/00962.png,122726,1e30ea71,53723742811,122672,8
train,progan_train,person,0_real,person/0_real/01088.png,91794,1805feed,52616973826,91701,8
train,progan_train,person,0_real,person/0_real/01252.png,105576,162cd2d1,53411343562,105589,8
train,progan_train,person,0_real,person/0_real/01470.png,117732,926c99ac,52626899212,117700,8
train,progan_train,person,0_real,person/0_real/01526.png,121147,2307845e,53736203668,121052,8
train,progan_train,person,0_real,person/0_real/01575.png,116274,3aaedbc2,53898127222,116291,8
train,progan_train,person,0_real,person/0_real/01965.png,72881,84ad1919,53826718350,72685,8
train,progan_train,person,0_real,person/0_real/01987.png,142018,bd61c9cd,53517453730,141758,8
train,progan_train,person,0_real,person/0_real/02612.png,92030,47f837b6,52791157679,91784,8
train,progan_train,person,0_real,person/0_real/02749.png,46645,6c503412,52752599961,46602,8
train,progan_train,person,0_real,person/0_real/03112.png,112964,f095e0e3,53260700327,112853,8
train,progan_train,person,0_real,person/0_real/03472.png,92572,def945b8,52976816505,92575,8
train,progan_train,person,0_real,person/0_real/03669.png,149249,ce3e90c5,53756681303,149274,8
train,progan_train,person,0_real,person/0_real/04159.png,82789,837d85cb,53244941738,82799,8
train,progan_train,person,0_real,person/0_real/04422.png,122688,7124b769,52890938498,122708,8
train,progan_train,person,0_real,person/0_real/04739.png,69349,91f8edbe,53313362465,69364,8
train,progan_train,person,0_real,person/0_real/04834.png,74962,8f8f9258,53269623450,74860,8
train,progan_train,person,0_real,person/0_real/04853.png,74640,adbd63d4,53827669841,74528,8
train,progan_train,person,0_real,person/0_real/05245.png,122919,d744d140,53014545718,122758,8
train,progan_train,person,0_real,person/0_real/05791.png,60011,34477c99,52749123424,59270,8
train,progan_train,person,0_real,person/0_real/05823.png,62681,332d82ee,53833194955,62670,8
train,progan_train,person,0_real,person/0_real/05898.png,114423,e7220f30,52591501031,114394,8
train,progan_train,person,0_real,person/0_real/05912.png,130644,ee746ad6,53596460183,130503,8
train,progan_train,person,0_real,person/0_real/06165.png,74027,00dab0ad,53752779251,73747,8
train,progan_train,person,0_real,person/0_real/06375.png,101909,beea04e9,53807897619,101898,8
train,progan_train,person,0_real,person/0_real/06450.png,75374,b506ab20,54012975360,74463,8
train,progan_train,person,0_real,person/0_real/06490.png,119192,446c180c,52654277741,119212,8
train,progan_train,person,0_real,person/0_real/06589.png,106066,321bb703,53297988249,106086,8
train,progan_train,person,0_real,person/0_real/06819.png,53141,81c33a2d,52905484240,53117,8
train,progan_train,person,0_real,person/0_real/07077.png,128095,1a63d880,53416478494,127815,8
train,progan_train,person,0_real,person/0_real/07339.png,99965,ef19c662,53739528974,99943,8
train,progan_train,person,0_real,person/0_real/07410.png,134704,e07b78c2,54094520878,134718,8
train,progan_train,person,0_real,person/0_real/07823.png,107805,ea2f6077,54057505032,107825,8
train,progan_train,person,0_real,person/0_real/07841.png,22580,da9e9ffb,53845932580,22328,8
train,progan_train,person,0_real,person/0_real/08048.png,91134,d97984fe,52931886504,91149,8
train,progan_train,person,0_real,person/0_real/08109.png,93654,f7f68ad8,53762417254,93669,8
train,progan_train,person,0_real,person/0_real/08211.png,93010,c9e9c0a1,54062924821,93016,8
train,progan_train,person,0_real,person/0_real/08274.png,103968,070bbe1e,53626834642,103983,8
train,progan_train,person,0_real,person/0_real/08481.png,84983,ed22177b,53415867153,84998,8
train,progan_train,person,0_real,person/0_real/08679.png,86928,9f80a97c,52698996249,86813,8
train,progan_train,person,0_real,person/0_real/08730.png,74854,bd8693d1,53539155307,74159,8
train,progan_train,person,0_real,person/0_real/09102.png,99911,ee72eb1e,54131952759,99931,8
train,progan_train,person,0_real,person/0_real/09291.png,102352,2d8c10d7,53477819001,102030,8
train,progan_train,person,0_real,person/0_real/09390.png,144059,649ff08a,53317700847,143955,8
train,progan_train,person,0_real,person/0_real/09796.png,100057,d8cba555,54083702716,100021,8
train,progan_train,person,0_real,person/0_real/10903.png,126017,0643a0bf,52883088664,126037,8
train,progan_train,person,0_real,person/0_real/10928.png,80930,494a1295,53136614156,80945,8
train,progan_train,person,0_real,person/0_real/10962.png,73630,bb201a07,52754767492,73488,8
train,progan_train,person,0_real,person/0_real/11712.png,114198,93cd38d3,52612887593,114138,8
train,progan_train,person,0_real,person/0_real/12203.png,80220,064ea686,53653071152,80161,8
train,progan_train,person,0_real,person/0_real/12218.png,134773,5a2adf8c,53760387873,134756,8
train,progan_train,person,0_real,person/0_real/12319.png,89757,206244cc,53402863652,89772,8
train,progan_train,person,0_real,person/0_real/12490.png,135595,8bdd9676,52898744917,135594,8
train,progan_train,person,0_real,person/0_real/12984.png,79434,601323a8,52586849552,79408,8
train,progan_train,person,0_real,person/0_real/12997.png,96613,0153082f,52872000211,96612,8
train,progan_train,person,0_real,person/0_real/13149.png,66789,4fa4963e,54002568707,66108,8
train,progan_train,person,0_real,person/0_real/13186.png,109479,47152513,53375081057,109254,8
train,progan_train,person,0_real,person/0_real/13293.png,123580,99f14585,52952411189,123593,8
train,progan_train,person,0_real,person/0_real/13583.png,89374,ed538a37,52913157674,89389,8
train,progan_train,person,0_real,person/0_real/14076.png,73554,af27f387,52550773710,73497,8
train,progan_train,person,0_real,person/0_real/14169.png,76034,daa89ad9,53511094581,75977,8
train,progan_train,person,0_real,person/0_real/14177.png,48563,44fe1027,54008171982,48333,8
train,progan_train,person,0_real,person/0_real/14184.png,153190,b75e4452,53139320551,153075,8
train,progan_train,person,0_real,person/0_real/14328.png,67788,8cbb778d,53829326687,66995,8
train,progan_train,person,0_real,person/0_real/14563.png,92675,de8e68c4,53479814521,92636,8
train,progan_train,person,0_real,person/0_real/14985.png,66812,5780c491,53402285332,66409,8
train,progan_train,person,0_real,person/0_real/15254.png,62262,844c6e31,52699963799,62269,8
train,progan_train,person,0_real,person/0_real/15410.png,152652,2c8a9f73,54201385373,152646,8
train,progan_train,person,0_real,person/0_real/15476.png,93379,cf056a2e,53245393348,93394,8
train,progan_train,person,0_real,person/0_real/15542.png,110405,625d1921,52603630648,110265,8
train,progan_train,person,0_real,person/0_real/15715.png,108081,76e5b111,54128340999,108053,8
train,progan_train,person,0_real,person/0_real/15804.png,78259,43c8ad85,53544809731,78274,8
train,progan_train,person,0_real,person/0_real/15828.png,107911,98662945,53317970246,107806,8
train,progan_train,person,0_real,person/0_real/15883.png,74141,8ce55fa4,52982264801,74072,8
train,progan_train,person,0_real,person/0_real/16020.png,118700,d4e6be66,53743375387,118420,8
train,progan_train,person,0_real,person/0_real/16432.png,84441,1fac5fee,52814363040,84371,8
train,progan_train,person,0_real,person/0_real/16557.png,132576,0d0b4599,53083501473,132521,8
train,progan_train,person,0_real,person/0_real/16662.png,117586,43819f3b,53795977466,117327,8
train,progan_train,person,0_real,person/0_real/16815.png,113766,8ca4ac46,53180997015,113741,8
train,progan_train,person,0_real,person/0_real/16869.png,79889,28816db8,52988098057,79867,8
train,progan_train,person,0_real,person/0_real/17184.png,74562,99c11fd0,52607102891,74577,8
train,progan_train,person,0_real,person/0_real/17223.png,30495,354b136b,52617626333,30448,8
train,progan_train,person,0_real,person/0_real/17240.png,60633,0f99fb29,53681592069,60519,8
train,progan_train,person,0_real,person/0_real/17551.png,94752,5de3a25e,53804412260,94767,8
train,progan_train,person,0_real,person/0_real/17744.png,107819,15565eba,53071839229,107797,8
train,progan_train,person,0_real,person/0_real/17818.png,86488,6c70079f,53074577893,86503,8
train,progan_train,person,0_real,person/0_real/17994.png,108887,92e97e44,52695639046,108852,8
train,progan_train,person,0_real,person/0_real/18176.png,133325,b692c9bc,53229034494,133350,8
train,progan_train,person,0_real,person/0_real/18249.png,91125,b86f5c72,53423355484,90920,8
train,progan_train,person,0_real,person/0_real/18449.png,76213,679797c8,54187730134,76002,8
train,progan_train,person,0_real,person/0_real/18471.png,90235,298712d2,53286546725,90250,8
train,progan_train,person,0_real,person/0_real/18515.png,74319,f7dceef0,52821106138,74334,8
train,progan_train,person,0_real,person/0_real/18634.png,144415,ed20e87b,52501158369,144301,8
train,progan_train,person,0_real,person/0_real/18953.png,92463,3c9cb53b,52643716911,92446,8
train,progan_train,person,0_real,person/0_real/19052.png,76483,b9dbe98e,53887685803,76498,8
train,progan_train,person,0_real,person/0_real/19118.png,151307,c32eeb5d,52938109039,151332,8
train,progan_train,person,1_fake,person/1_fake/00087.png,122503,61afa4bc,54449308125,122383,8
train,progan_train,person,1_fake,person/1_fake/00242.png,84920,a11f2155,54743851560,84909,8
train,progan_train,person,1_fake,person/1_fake/00475.png,111897,e3fd2477,55261734587,111917,8
train,progan_train,person,1_fake,person/1_fake/00882.png,98774,3dd56501,56042374956,98721,8
train,progan_train,person,1_fake,person/1_fake/01205.png,111388,dd0c9423,54406938370,111268,8
train,progan_train,person,1_fake,person/1_fake/01684.png,106201,5db6f3f0,55134770727,106215,8
train,progan_train,person,1_fake,person/1_fake/01886.png,72938,239e1193,55337887918,72939,8
train,progan_train,person,1_fake,person/1_fake/02494.png,41935,01eddd52,55336935143,41945,8
train,progan_train,person,1_fake,person/1_fake/02591.png,103262,957e8910,54385977244,103097,8
train,progan_train,person,1_fake,person/1_fake/02688.png,95304,87e5bcc6,55382131305,95319,8
train,progan_train,person,1_fake,person/1_fake/02709.png,112195,6fc1165b,54537384311,112176,8
train,progan_train,person,1_fake,person/1_fake/02766.png,108356,25ebb2c1,55122814960,108376,8
train,progan_train,person,1_fake,person/1_fake/02886.png,81151,f7c0d96c,56034250900,81037,8
train,progan_train,person,1_fake,person/1_fake/03889.png,90937,0e208554,55939534028,90891,8
train,progan_train,person,1_fake,person/1_fake/03890.png,111289,e77a978c,54809845998,111233,8
train,progan_train,person,1_fake,person/1_fake/04001.png,91052,cae6b577,55611282972,91041,8
train,progan_train,person,1_fake,person/1_fake/04095.png,101759,f8e4afa9,55969116094,101779,8
train,progan_train,person,1_fake,person/1_fake/04447.png,78802,0e51db71,55864848328,78817,8
train,progan_train,person,1_fake,person/1_fake/04455.png,102287,6d268f9b,55490947162,102227,8
train,progan_train,person,1_fake,person/1_fake/04628.png,145667,7d0c786a,55127040797,145692,8
train,progan_train,person,1_fake,person/1_fake/04800.png,99809,06bf24b4,55354331959,99824,8
train,progan_train,person,1_fake,person/1_fake/05005.png,71217,7272421d,54505679905,71198,8
train,progan_train,person,1_fake,person/1_fake/05151.png,83950,00d076ea,55574832867,83872,8
train,progan_train,person,1_fake,person/1_fake/05401.png,100245,713003bd,55173115989,100265,8
train,progan_train,person,1_fake,person/1_fake/05664.png,132714,712b32be,54667862673,131536,8
train,progan_train,person,1_fake,person/1_fake/06020.png,55845,1b2269d2,54480214273,55855,8
train,progan_train,person,1_fake,person/1_fake/06255.png,94912,cee8cc4f,55142251282,94695,8
train,progan_train,person,1_fake,person/1_fake/06414.png,126349,9642a88d,54955930984,126273,8
train,progan_train,person,1_fake,person/1_fake/06457.png,132391,1c6fda61,54667103350,132185,8
train,progan_train,person,1_fake,person/1_fake/06794.png,107902,51217765,55479625952,107785,8
train,progan_train,person,1_fake,person/1_fake/07019.png,92047,20671dfe,54287684488,92062,8
train,progan_train,person,1_fake,person/1_fake/07037.png,110899,d7660633,54295256566,110617,8
train,progan_train,person,1_fake,person/1_fake/07143.png,77806,55268a7c,54271543525,77814,8
train,progan_train,person,1_fake,person/1_fake/07205.png,79801,36dfd12d,55607076594,79802,8
train,progan_train,person,1_fake,person/1_fake/07536.png,140945,c786b2f1,56032279003,140970,8
train,progan_train,person,1_fake,person/1_fake/07921.png,103588,f1393997,55711979345,103449,8
train,progan_train,person,1_fake,person/1_fake/07947.png,85629,513c4c57,55643068232,85644,8
train,progan_train,person,1_fake,person/1_fake/07978.png,125861,05a47184,54604559602,125740,8
train,progan_train,person,1_fake,person/1_fake/08045.png,76334,9191c47e,55963388840,76343,8
train,progan_train,person,1_fake,person/1_fake/08103.png,102584,009a504d,55086952608,102305,8
train,progan_train,person,1_fake,person/1_fake/08158.png,74867,85a6fe11,54602455151,74825,8
train,progan_train,person,1_fake,person/1_fake/08416.png,102804,4e234256,55676735251,102721,8
train,progan_train,person,1_fake,person/1_fake/08577.png,94141,9b845f4b,55924728487,94156,8
train,progan_train,person,1_fake,person/1_fake/08705.png,138623,352d2898,54563425836,138597,8
train,progan_train,person,1_fake,person/1_fake/08717.png,94038,8f6fc38c,55937719424,93798,8
train,progan_train,person,1_fake,person/1_fake/08752.png,102321,4228b680,55501480059,102316,8
train,progan_train,person,1_fake,person/1_fake/09388.png,112159,f7a22e65,55151837036,112179,8
train,progan_train,person,1_fake,person/1_fake/09545.png,92061,057a1218,54756518573,92076,8
train,progan_train,person,1_fake,person/1_fake/09772.png,111707,4a3501b7,54836440838,111314,8
train,progan_train,person,1_fake,person/1_fake/09780.png,97492,9ead0dc1,54368170859,97248,8
train,progan_train,person,1_fake,person/1_fake/10002.png,80185,9fed1957,54575693871,80200,8
train,progan_train,person,1_fake,person/1_fake/10070.png,111900,c488cc83,55004178905,111911,8
train,progan_train,person,1_fake,person/1_fake/11554.png,113902,3012e7b5,55279710266,113922,8
train,progan_train,person,1_fake,person/1_fake/11626.png,83923,ee665e29,54932852511,83664,8
train,progan_train,person,1_fake,person/1_fake/11977.png,123829,86684d20,54867054675,123849,8
train,progan_train,person,1_fake,person/1_fake/12036.png,80764,70217107,55118263157,80732,8
train,progan_train,person,1_fake,person/1_fake/12250.png,125903,6e092090,55968990169,125844,8
train,progan_train,person,1_fake,person/1_fake/12294.png,82549,3462a907,55336678162,82521,8
train,progan_train,person,1_fake,person/1_fake/12504.png,129557,a978f17a,56043509700,129560,8
train,progan_train,person,1_fake,person/1_fake/12541.png,90285,7b8c1901,55002053092,90286,8
train,progan_train,person,1_fake,person/1_fake/12728.png,94140,902b1054,54883283936,94155,8
train,progan_train,person,1_fake,person/1_fake/12759.png,87647,b8cb694f,54373902387,87640,8
train,progan_train,person,1_fake,person/1_fake/12803.png,105922,14fc619d,55343744091,105769,8
train,progan_train,person,1_fake,person/1_fake/12934.png,62520,c3f3c811,54927093149,62530,8
train,progan_train,person,1_fake,person/1_fake/12951.png,85668,61e7af3b,55314865585,85641,8
train,progan_train,person,1_fake,person/1_fake/13441.png,95235,0fbf63f1,54908942130,95179,8
train,progan_train,person,1_fake,person/1_fake/13572.png,104661,54928b7c,54633736407,104681,8
train,progan_train,person,1_fake,person/1_fake/13776.png,102402,ecebb9d9,55744745393,102422,8
train,progan_train,person,1_fake,person/1_fake/13806.png,109822,cfd136b5,55149167710,109137,8
train,progan_train,person,1_fake,person/1_fake/13977.png,84375,52e24740,54540448777,84339,8
train,progan_train,person,1_fake,person/1_fake/14358.png,78990,fe836117,55264448218,78968,8
train,progan_train,person,1_fake,person/1_fake/14577.png,114867,39b4815c,55899459873,114542,8
train,progan_train,person,1_fake,person/1_fake/14841.png,112701,54d19fd3,54741636435,112592,8
train,progan_train,person,1_fake,person/1_fake/15285.png,112838,38a11bc7,55333373436,112843,8
train,progan_train,person,1_fake,person/1_fake/15377.png,104866,cc14d0dc,55192632241,104886,8
train,progan_train,person,1_fake,person/1_fake/15559.png,112541,fd3b5436,54773018399,112416,8
train,progan_train,person,1_fake,person/1_fake/15779.png,100855,8e3ec9b0,54392672743,100608,8
train,progan_train,person,1_fake,person/1_fake/15808.png,98491,d25755b9,55327090897,98234,8
train,progan_train,person,1_fake,person/1_fake/15835.png,103465,dfacaefe,55124026088,103360,8
train,progan_train,person,1_fake,person/1_fake/15989.png,92605,f50bc36d,55511229053,92620,8
train,progan_train,person,1_fake,person/1_fake/16095.png,88540,29ba7c0e,54941522891,88474,8
train,progan_train,person,1_fake,person/1_fake/16162.png,116187,160753be,55141132108,116190,8
train,progan_train,person,1_fake,person/1_fake/16515.png,104815,919bd3e2,54240334971,104835,8
train,progan_train,person,1_fake,person/1_fake/16539.png,101098,61739077,55585408479,101118,8
train,progan_train,person,1_fake,person/1_fake/17107.png,90310,3811156e,54985801072,90310,8
train,progan_train,person,1_fake,person/1_fake/17269.png,100794,d3a1203b,55591584529,100539,8
train,progan_train,person,1_fake,person/1_fake/17439.png,99760,8819d98b,55868995655,99718,8
train,progan_train,person,1_fake,person/1_fake/17441.png,127163,7b8bbd5d,55362288406,126836,8
train,progan_train,person,1_fake,person/1_fake/17561.png,118678,00de2b9c,55244835836,118579,8
train,progan_train,person,1_fake,person/1_fake/17843.png,144592,a3bbf012,55998261539,144592,8
train,progan_train,person,1_fake,person/1_fake/17884.png,114301,6f0d9109,55587358746,114178,8
train,progan_train,person,1_fake,person/1_fake/18291.png,86990,a664aae1,55550514192,86945,8
train,progan_train,person,1_fake,person/1_fake/18495.png,93178,466186c6,54505112777,93023,8
train,progan_train,person,1_fake,person/1_fake/18655.png,79334,2f285c34,55933527743,79341,8
train,progan_train,person,1_fake,person/1_fake/19029.png,95770,0919bd2b,55226805003,95785,8
train,progan_train,person,1_fake,person/1_fake/19494.png,129645,31b1a8b4,54480949788,129652,8
train,progan_train,person,1_fake,person/1_fake/19534.png,80913,334b40de,55828835498,80928,8
train,progan_train,person,1_fake,person/1_fake/19606.png,129953,4954cd93,55192314391,129852,8
train,progan_train,person,1_fake,person/1_fake/19688.png,161392,2b78e8e9,54736712784,161417,8
train,progan_train,person,1_fake,person/1_fake/19943.png,160541,b4f13c31,54725794978,159930,8
train,progan_train,pottedplant,0_real,pottedplant/0_real/00389.png,146712,64ab76ea,57506889389,146719,8
train,progan_train,pottedplant,0_real,pottedplant/0_real/00471.png,137162,01e752a8,56523427565,136887,8
train,progan_train,pottedplant,0_real,pottedplant/0_real/00747.png,148258,3908ab0c,56803540413,148110,8
train,progan_train,pottedplant,0_real,pottedplant/0_real/00989.png,85455,4805ee0c,57490458620,85470,8
train,progan_train,pottedplant,0_real,pottedplant/0_real/01536.png,150715,806ae7a8,58026376308,150678,8
train,progan_train,pottedplant,0_real,pottedplant/0_real/01723.png,124716,6271f976,57626544327,124696,8
train,progan_train,pottedplant,0_real,pottedplant/0_real/01729.png,156437,d4e6af4e,57357988776,156462,8
train,progan_train,pottedplant,0_real,pottedplant/0_real/01774.png,116895,998019a5,56401644330,116876,8
train,progan_train,pottedplant,0_real,pottedplant/0_real/01864.png,133408,1fd048b8,58018957039,133238,8
train,progan_train,pottedplant,0_real,pottedplant/0_real/01878.png,125310,0e18978a,58182759132,125270,8
train,progan_train,pottedplant,0_real,pottedplant/0_real/02165.png,102230,3d092c6b,56187232256,102162,8
train,progan_train,pottedplant,0_real,pottedplant/0_real/02178.png,128593,70d423de,56904770985,128613,8
train,progan_train,pottedplant,0_real,pottedplant/0_real/02464.png,78237,b3d2c9fd,56254417329,78185,8
train,progan_train,pottedplant,0_real,pottedplant/0_real/02467.png,133352,6dafb078,57412891715,133377,8
train,progan_train,pottedplant,0_real,pottedplant/0_real/02696.png,115907,c93a4680,56798383268,115700,8
train,progan_train,pottedplant,0_real,pottedplant/0_real/02819.png,138963,5da499f7,56327175590,138615,8
train,progan_train,pottedplant,0_real,pottedplant/0_real/02870.png,130305,0e97742f,57444593807,130325,8
train,progan_train,pottedplant,0_real,pottedplant/0_real/02991.png,74177,a4e6b8b3,58019647369,74188,8
train,progan_train,pottedplant,0_real,pottedplant/0_real/03212.png,83127,1fec149d,57822167360,83113,8
train,progan_train,pottedplant,0_real,pottedplant/0_real/03289.png,133211,d64f6c26,57515161524,133208,8
train,progan_train,pottedplant,0_real,pottedplant/0_real/03454.png,38960,c33a8309,56768650428,38868,8
train,progan_train,pottedplant,0_real,pottedplant/0_real/03497.png,38313,ed3a557c,57171503986,38293,8
train,progan_train,pottedplant,0_real,pottedplant/0_real/03767.png,71842,9346f27c,57764876460,71566,8
train,progan_train,pottedplant,0_real,pottedplant/0_real/03813.png,115289,65e67746,58144369430,115285,8
train,progan_train,pottedplant,0_real,pottedplant/0_real/03930.png,78743,25b32508,56689904947,78653,8
train,progan_train,pottedplant,0_real,pottedplant/0_real/04040.png,141327,3527ca7f,57905160920,141241,8
train,progan_train,pottedplant,0_real,pottedplant/0_real/04121.png,114539,725e09ae,56630578472,114451,8
train,progan_train,pottedplant,0_real,pottedplant/0_real/04123.png,123547,53a71c6d,57637106047,123321,8
train,progan_train,pottedplant,0_real,pottedplant/0_real/04317.png,77341,a38671c7,56574250015,77356,8
train,progan_train,pottedplant,0_real,pottedplant/0_real/04633.png,114137,35903c56,57886324669,114055,8
train,progan_train,pottedplant,0_real,pottedplant/0_real/05155.png,69451,9ac63f21,56842372246,69438,8
train,progan_train,pottedplant,0_real,pottedplant/0_real/05382.png,102838,6c74c357,56911329710,102858,8
train,progan_train,pottedplant,0_real,pottedplant/0_real/05537.png,44853,ff3cc67a,57695212305,44607,8
train,progan_train,pottedplant,0_real,pottedplant/0_real/05740.png,116534,b9ba1adb,58003254506,116490,8
train,progan_train,pottedplant,0_real,pottedplant/0_real/05857.png,89217,ac54877a,56468350720,89232,8
train,progan_train,pottedplant,0_real,pottedplant/0_real/06521.png,112350,7cae885c,58069821128,112304,8
train,progan_train,pottedplant,0_real,pottedplant/0_real/06553.png,113008,64961ab5,57851757548,112961,8
train,progan_train,pottedplant,0_real,pottedplant/0_real/06569.png,98123,1c096496,56983856346,97881,8
train,progan_train,pottedplant,0_real,pottedplant/0_real/06576.png,128045,d0bf898b,57961708804,127884,8
train,progan_train,pottedplant,0_real,pottedplant/0_real/06661.png,134588,5e030b2e,56614365658,134584,8
train,progan_train,pottedplant,0_real,pottedplant/0_real/06671.png,82205,2635b122,58062097191,81987,8
train,progan_train,pottedplant,0_real,pottedplant/0_real/06801.png,161584,955219ae,58133888621,161588,8
train,progan_train,pottedplant,0_real,pottedplant/0_real/06874.png,62539,e1a728bd,57474580836,62469,8
train,progan_train,pottedplant,0_real,pottedplant/0_real/06960.png,97556,68230758,56963365245,97538,8
train,progan_train,pottedplant,0_real,pottedplant/0_real/07531.png,136764,792bdf0d,56334832017,136743,8
train,progan_train,pottedplant,0_real,pottedplant/0_real/07618.png,157851,caa6debf,57047578678,157797,8
train,progan_train,pottedplant,0_real,pottedplant/0_real/08841.png,142448,e0dde7db,56986644130,142253,8
train,progan_train,pottedplant,0_real,pottedplant/0_real/08922.png,122500,b7f1e4fa,56535690546,122387,8
train,progan_train,pottedplant,0_real,pottedplant/0_real/09391.png,148268,d6165627,56355855882,148190,8
train,progan_train,pottedplant,0_real,pottedplant/0_real/09431.png,144950,a3774d76,56204664537,144828,8
train,progan_train,pottedplant,0_real,pottedplant/0_real/09953.png,155021,06f9ff9c,57947940135,154980,8
train,progan_train,pottedplant,0_real,pottedplant/0_real/10261.png,144644,a655f776,57403488614,144494,8
train,progan_train,pottedplant,0_real,pottedplant/0_real/10542.png,157863,8d460b0b,57395617925,156782,8
train,progan_train,pottedplant,0_real,pottedplant/0_real/10650.png,93415,2b9fa798,57198835432,93328,8
train,progan_train,pottedplant,0_real,pottedplant/0_real/10781.png,134273,6d07098d,57623371260,134298,8
train,progan_train,pottedplant,0_real,pottedplant/0_real/10925.png,130535,bf9f3f99,57835913685,130184,8
train,progan_train,pottedplant,0_real,pottedplant/0_real/11401.png,142288,7427773d,58050340651,142234,8
train,progan_train,pottedplant,0_real,pottedplant/0_real/11494.png,43273,9b13809e,56204993198,42912,8
train,progan_train,pottedplant,0_real,pottedplant/0_real/12088.png,142167,6bc3328d,57154006542,141341,8
train,progan_train,pottedplant,0_real,pottedplant/0_real/12277.png,152939,63b6beef,56261924494,152638,8
train,progan_train,pottedplant,0_real,pottedplant/0_real/13028.png,134376,3eed84b5,56711374313,134171,8
train,progan_train,pottedplant,0_real,pottedplant/0_real/13387.png,156934,8c9a9e94,56303779151,156904,8
train,progan_train,pottedplant,0_real,pottedplant/0_real/13410.png,134094,984cdcfe,58042981909,133858,8
train,progan_train,pottedplant,0_real,pottedplant/0_real/13622.png,79648,ce9c3688,57676527213,79649,8
train,progan_train,pottedplant,0_real,pottedplant/0_real/13628.png,95676,34d51647,57741963468,95653,8
train,progan_train,pottedplant,0_real,pottedplant/0_real/13821.png,148649,94d2abb7,57297141714,148643,8
train,progan_train,pottedplant,0_real,pottedplant/0_real/14102.png,118659,5ae76401,57026127668,118679,8
train,progan_train,pottedplant,0_real,pottedplant/0_real/14300.png,87129,43bc0c8a,57352786807,86985,8
train,progan_train,pottedplant,0_real,pottedplant/0_real/14338.png,140904,9ba95206,56870309813,140929,8
train,progan_train,pottedplant,0_real,pottedplant/0_real/14344.png,53922,326e79d1,56186767737,53761,8
train,progan_train,pottedplant,0_real,pottedplant/0_real/14473.png,102639,c532a46a,56797658908,102558,8
train,progan_train,pottedplant,0_real,pottedplant/0_real/14534.png,109320,5fd31e1a,57875313593,109154,8
train,progan_train,pottedplant,0_real,pottedplant/0_real/15119.png,127725,1369749a,58190431617,127745,8
train,progan_train,pottedplant,0_real,pottedplant/0_real/15205.png,109497,1952193e,58180615186,109513,8
train,progan_train,pottedplant,0_real,pottedplant/0_real/15318.png,107076,5ef1db1c,57759895713,107037,8
train,progan_train,pottedplant,0_real,pottedplant/0_real/15375.png,88728,1dc590db,57335505562,88727,8
train,progan_train,pottedplant,0_real,pottedplant/0_real/15637.png,153708,f8f4c1e1,56552150953,153521,8
train,progan_train,pottedplant,0_real,pottedplant/0_real/15985.png,102579,48c90bf5,56318773998,102599,8
train,progan_train,pottedplant,0_real,pottedplant/0_real/16011.png,149896,5fae60f7,57468301161,149776,8
train,progan_train,pottedplant,0_real,pottedplant/0_real/16183.png,91855,a243a985,57204424240,91853,8
train,progan_train,pottedplant,0_real,pottedplant/0_real/16436.png,140754,78b520c6,57196499684,140422,8
train,progan_train,pottedplant,0_real,pottedplant/0_real/16503.png,114155,eec3ff90,57647081608,114153,8
train,progan_train,pottedplant,0_real,pottedplant/0_real/16552.png,104225,af40e990,56106417342,104245,8
train,progan_train,pottedplant,0_real,pottedplant/0_real/17096.png,130136,b7c713ac,57627918255,130133,8
train,progan_train,pottedplant,0_real,pottedplant/0_real/17128.png,129793,59aaa9e7,57656610935,129615,8
train,progan_train,pottedplant,0_real,pottedplant/0_real/17154.png,73433,715fd9e4,57679098195,73448,8
train,progan_train,pottedplant,0_real,pottedplant/0_real/17169.png,142184,b4359323,56333348553,142209,8
train,progan_train,pottedplant,0_real,pottedplant/0_real/17362.png,126532,aa78f666,58084015448,126327,8
train,progan_train,pottedplant,0_real,pottedplant/0_real/17441.png,126053,ef6ee25a,57392938614,126020,8
train,progan_train,pottedplant,0_real,pottedplant/0_real/17466.png,26979,22ff5a44,57669804770,26922,8
train,progan_train,pottedplant,0_real,pottedplant/0_real/17671.png,153674,4802c91d,56686404962,153384,8
train,progan_train,pottedplant,0_real,pottedplant/0_real/18463.png,115751,22d17df4,58131890850,115697,8
train,progan_train,pottedplant,0_real,pottedplant/0_real/18505.png,143412,3dd89032,58015292293,143351,8
train,progan_train,pottedplant,0_real,pottedplant/0_real/18527.png,136228,46b73d81,56180317234,136236,8
train,progan_train,pottedplant,0_real,pottedplant/0_real/18814.png,112215,593de473,57708744465,112218,8
train,progan_train,pottedplant,0_real,pottedplant/0_real/18910.png,144495,eb4e0270,56890532514,144304,8
train,progan_train,pottedplant,0_real,pottedplant/0_real/18969.png,114386,d4feff29,56633133367,114174,8
train,progan_train,pottedplant,0_real,pottedplant/0_real/19049.png,64770,cc4e2b72,57229206208,64780,8
train,progan_train,pottedplant,0_real,pottedplant/0_real/19871.png,116937,efbd6ea6,57249140262,116916,8
train,progan_train,pottedplant,0_real,pottedplant/0_real/19973.png,144379,77adddca,56549301268,144232,8
train,progan_train,pottedplant,1_fake,pottedplant/1_fake/00202.png,116665,d3d89256,59928299286,116685,8
train,progan_train,pottedplant,1_fake,pottedplant/1_fake/00324.png,138991,427d5180,59211101668,139011,8
train,progan_train,pottedplant,1_fake,pottedplant/1_fake/00672.png,135981,b3a15f83,59275177871,135934,8
train,progan_train,pottedplant,1_fake,pottedplant/1_fake/01085.png,118211,c3efeb62,60228580361,118213,8
train,progan_train,pottedplant,1_fake,pottedplant/1_fake/01175.png,104560,062b06f5,58573559605,104570,8
train,progan_train,pottedplant,1_fake,pottedplant/1_fake/01178.png,105454,8ea18b1c,59987069402,105474,8
train,progan_train,pottedplant,1_fake,pottedplant/1_fake/01185.png,95411,b2f561f5,59711811686,95426,8
train,progan_train,pottedplant,1_fake,pottedplant/1_fake/01883.png,90241,64bdbe42,60017698394,90256,8
train,progan_train,pottedplant,1_fake,pottedplant/1_fake/02402.png,100363,18c27360,58623578683,100354,8
train,progan_train,pottedplant,1_fake,pottedplant/1_fake/02416.png,103505,ca559f1c,58314787565,103525,8
train,progan_train,pottedplant,1_fake,pottedplant/1_fake/02435.png,107618,e6bd5158,59468788734,107490,8
train,progan_train,pottedplant,1_fake,pottedplant/1_fake/03228.png,99589,8c7ef736,59070778106,99609,8
train,progan_train,pottedplant,1_fake,pottedplant/1_fake/03548.png,136366,cf095af6,58219213795,136391,8
train,progan_train,pottedplant,1_fake,pottedplant/1_fake/03551.png,79081,e5d6b7e1,59542373891,79096,8
train,progan_train,pottedplant,1_fake,pottedplant/1_fake/03771.png,117924,64f82a40,59627950605,117944,8
train,progan_train,pottedplant,1_fake,pottedplant/1_fake/03832.png,150055,8dc7fdfe,59269560742,149943,8
train,progan_train,pottedplant,1_fake,pottedplant/1_fake/03945.png,127824,2a2e6de9,58805652523,127799,8
train,progan_train,pottedplant,1_fake,pottedplant/1_fake/03958.png,71404,f47bf26c,58367357411,71419,8
train,progan_train,pottedplant,1_fake,pottedplant/1_fake/03992.png,126093,99d91541,59073864348,126085,8
train,progan_train,pottedplant,1_fake,pottedplant/1_fake/04151.png,113182,18e73f45,59334330303,113194,8
train,progan_train,pottedplant,1_fake,pottedplant/1_fake/04394.png,111529,a4e62db8,59647430170,111549,8
train,progan_train,pottedplant,1_fake,pottedplant/1_fake/04552.png,133202,36c3b835,60268845058,133183,8
train,progan_train,pottedplant,1_fake,pottedplant/1_fake/04731.png,128814,07c47ca3,59765308079,128817,8
train,progan_train,pottedplant,1_fake,pottedplant/1_fake/05140.png,129428,ee731f24,58749005314,129420,8
train,progan_train,pottedplant,1_fake,pottedplant/1_fake/05167.png,147773,68c0ef85,59143736143,147780,8
train,progan_train,pottedplant,1_fake,pottedplant/1_fake/05249.png,126524,40efdad1,58787279734,126544,8
train,progan_train,pottedplant,1_fake,pottedplant/1_fake/05632.png,146373,2bc0b2cd,59068786043,146398,8
train,progan_train,pottedplant,1_fake,pottedplant/1_fake/05964.png,142343,ed4a6e37,58276862463,142044,8
train,progan_train,pottedplant,1_fake,pottedplant/1_fake/06199.png,133194,bbae1127,58604809694,132957,8
train,progan_train,pottedplant,1_fake,pottedplant/1_fake/06211.png,153899,37aed990,58418172349,153897,8
train,progan_train,pottedplant,1_fake,pottedplant/1_fake/06245.png,125710,351c3b3a,60000444205,125730,8
train,progan_train,pottedplant,1_fake,pottedplant/1_fake/06394.png,147040,b400ffda,58231356187,146831,8
train,progan_train,pottedplant,1_fake,pottedplant/1_fake/06563.png,109764,627a884c,59330063246,109766,8
train,progan_train,pottedplant,1_fake,pottedplant/1_fake/06644.png,123736,d6a8b928,58412060390,123632,8
train,progan_train,pottedplant,1_fake,pottedplant/1_fake/06654.png,134963,8e8fba9d,59445682327,134930,8
train,progan_train,pottedplant,1_fake,pottedplant/1_fake/07043.png,154201,d2a98a79,59245305062,154222,8
train,progan_train,pottedplant,1_fake,pottedplant/1_fake/07252.png,148747,2ad6e28e,59166596932,148772,8
train,progan_train,pottedplant,1_fake,pottedplant/1_fake/07811.png,110263,36206234,59042982662,110167,8
train,progan_train,pottedplant,1_fake,pottedplant/1_fake/08031.png,149251,67b901a5,59422335534,149179,8
train,progan_train,pottedplant,1_fake,pottedplant/1_fake/08171.png,153022,03ff05a8,59561961540,152907,8
train,progan_train,pottedplant,1_fake,pottedplant/1_fake/08308.png,123422,baec13f1,58327734843,123331,8
train,progan_train,pottedplant,1_fake,pottedplant/1_fake/08366.png,95013,0556e836,58921603238,95028,8
train,progan_train,pottedplant,1_fake,pottedplant/1_fake/08473.png,143302,5671dbd5,60234721350,143229,8
train,progan_train,pottedplant,1_fake,pottedplant/1_fake/08521.png,125552,30b8bddb,59715053691,125572,8
train,progan_train,pottedplant,1_fake,pottedplant/1_fake/08528.png,136840,12b14dd8,59630432769,136865,8
train,progan_train,pottedplant,1_fake,pottedplant/1_fake/08545.png,92066,a27da044,58550511082,92081,8
train,progan_train,pottedplant,1_fake,pottedplant/1_fake/08652.png,148746,9422c320,58835601535,148755,8
train,progan_train,pottedplant,1_fake,pottedplant/1_fake/08842.png,138603,1c631cb2,59984410951,138509,8
train,progan_train,pottedplant,1_fake,pottedplant/1_fake/08976.png,122078,8f7b34c8,60023065499,122065,8
train,progan_train,pottedplant,1_fake,pottedplant/1_fake/09549.png,128223,2405185f,59744386519,128243,8
train,progan_train,pottedplant,1_fake,pottedplant/1_fake/09629.png,115348,9ac087c8,58615846257,115352,8
train,progan_train,pottedplant,1_fake,pottedplant/1_fake/09820.png,119110,42854b21,59627589155,119049,8
train,progan_train,pottedplant,1_fake,pottedplant/1_fake/09879.png,151943,293be64a,59060759097,151855,8
train,progan_train,pottedplant,1_fake,pottedplant/1_fake/10062.png,129543,8f2e5f98,59729592204,129544,8
train,progan_train,pottedplant,1_fake,pottedplant/1_fake/10413.png,140263,04ec7522,58979669215,140277,8
train,progan_train,pottedplant,1_fake,pottedplant/1_fake/10453.png,134619,0ee3f273,59211240765,134638,8
train,progan_train,pottedplant,1_fake,pottedplant/1_fake/10698.png,125372,cd93ecbf,58261616330,125392,8
train,progan_train,pottedplant,1_fake,pottedplant/1_fake/10815.png,75951,44ba1e61,59970199025,75743,8
train,progan_train,pottedplant,1_fake,pottedplant/1_fake/10938.png,120679,7c5195af,58702088731,120699,8
train,progan_train,pottedplant,1_fake,pottedplant/1_fake/11079.png,117897,ba3e0e2d,58557094830,117869,8
train,progan_train,pottedplant,1_fake,pottedplant/1_fake/11352.png,155687,6dc3182e,59505111365,155674,8
train,progan_train,pottedplant,1_fake,pottedplant/1_fake/11742.png,140601,41f4fab9,59146968040,140476,8
train,progan_train,pottedplant,1_fake,pottedplant/1_fake/11766.png,158960,45eb3775,58393319539,158960,8
train,progan_train,pottedplant,1_fake,pottedplant/1_fake/12315.png,109719,21a7675e,58614769100,109739,8
train,progan_train,pottedplant,1_fake,pottedplant/1_fake/12360.png,128341,5e5249d7,59636271492,128257,8
train,progan_train,pottedplant,1_fake,pottedplant/1_fake/12728.png,143916,b3b108fd,59008288895,143839,8
train,progan_train,pottedplant,1_fake,pottedplant/1_fake/13373.png,127787,dd95cf43,59407880541,127727,8
train,progan_train,pottedplant,1_fake,pottedplant/1_fake/13556.png,119364,bc21be2c,60003989336,119301,8
train,progan_train,pottedplant,1_fake,pottedplant/1_fake/13734.png,139994,786682d4,59597987137,139875,8
train,progan_train,pottedplant,1_fake,pottedplant/1_fake/13750.png,158679,5b9bb07a,59812179718,158433,8
train,progan_train,pottedplant,1_fake,pottedplant/1_fake/13758.png,167803,6c99185e,58472920992,167833,8
train,progan_train,pottedplant,1_fake,pottedplant/1_fake/14123.png,145511,de313289,58508313307,145528,8
train,progan_train,pottedplant,1_fake,pottedplant/1_fake/14183.png,111521,bbc15570,60227095869,111508,8
train,progan_train,pottedplant,1_fake,pottedplant/1_fake/14449.png,149549,2c81896b,60229018113,149574,8
train,progan_train,pottedplant,1_fake,pottedplant/1_fake/14662.png,83084,82d12bc5,59232348966,83099,8
train,progan_train,pottedplant,1_fake,pottedplant/1_fake/15426.png,148761,b3e0a6a7,59248833361,148514,8
train,progan_train,pottedplant,1_fake,pottedplant/1_fake/16269.png,125373,ece16d44,59560925038,125383,8
train,progan_train,pottedplant,1_fake,pottedplant/1_fake/16417.png,91390,3071b196,58738288990,91405,8
train,progan_train,pottedplant,1_fake,pottedplant/1_fake/16685.png,149776,692407b1,58782665356,149801,8
train,progan_train,pottedplant,1_fake,pottedplant/1_fake/16925.png,147793,893e77b4,60083384552,147810,8
train,progan_train,pottedplant,1_fake,pottedplant/1_fake/16962.png,109056,576bf50c,59245752760,109050,8
train,progan_train,pottedplant,1_fake,pottedplant/1_fake/17035.png,142361,f291d284,58795662960,142301,8
train,progan_train,pottedplant,1_fake,pottedplant/1_fake/17326.png,118617,63ac7369,58323473796,118637,8
train,progan_train,pottedplant,1_fake,pottedplant/1_fake/17351.png,144291,253f7c55,59050267307,144316,8
train,progan_train,pottedplant,1_fake,pottedplant/1_fake/17402.png,117509,df472b5b,59454427247,117523,8
train,progan_train,pottedplant,1_fake,pottedplant/1_fake/17866.png,92866,42c4d048,59571394297,92881,8
train,progan_train,pottedplant,1_fake,pottedplant/1_fake/18222.png,138805,ea381f69,60401275332,138720,8
train,progan_train,pottedplant,1_fake,pottedplant/1_fake/18292.png,124526,6de5ad2f,58545954744,124538,8
train,progan_train,pottedplant,1_fake,pottedplant/1_fake/18463.png,141249,0120f9be,60352422871,141229,8
train,progan_train,pottedplant,1_fake,pottedplant/1_fake/18507.png,60591,58cf378e,58214223800,60601,8
train,progan_train,pottedplant,1_fake,pottedplant/1_fake/18544.png,128514,af8995a7,58526643637,128444,8
train,progan_train,pottedplant,1_fake,pottedplant/1_fake/18596.png,132622,e58617a4,60286838209,132647,8
train,progan_train,pottedplant,1_fake,pottedplant/1_fake/18666.png,99412,746e8ad6,60336808099,99432,8
train,progan_train,pottedplant,1_fake,pottedplant/1_fake/19052.png,119735,6d095ba6,60013754464,119633,8
train,progan_train,pottedplant,1_fake,pottedplant/1_fake/19194.png,154989,a25fb2eb,59248071037,154981,8
train,progan_train,pottedplant,1_fake,pottedplant/1_fake/19342.png,132851,4d1f55e4,58244317238,132876,8
train,progan_train,pottedplant,1_fake,pottedplant/1_fake/19527.png,111384,dba63d97,58755197906,111323,8
train,progan_train,pottedplant,1_fake,pottedplant/1_fake/19586.png,104267,b7bbc3fd,59954141519,104119,8
train,progan_train,pottedplant,1_fake,pottedplant/1_fake/19616.png,133906,d8cdd73d,59234975094,133931,8
train,progan_train,pottedplant,1_fake,pottedplant/1_fake/19803.png,127666,19abc34c,58534999802,127638,8
train,progan_train,sheep,0_real,sheep/0_real/00259.png,103500,b80b93c8,62216174713,103398,8
train,progan_train,sheep,0_real,sheep/0_real/00292.png,130024,8c6b5ed5,60904747719,129381,8
train,progan_train,sheep,0_real,sheep/0_real/00346.png,89229,b3747ec5,62063424744,88877,8
train,progan_train,sheep,0_real,sheep/0_real/00532.png,133207,89aad65c,60734719239,132857,8
train,progan_train,sheep,0_real,sheep/0_real/00850.png,141599,ec20468b,62120496281,141546,8
train,progan_train,sheep,0_real,sheep/0_real/01094.png,127805,d322931e,61903322470,127322,8
train,progan_train,sheep,0_real,sheep/0_real/01186.png,111028,ef6f6667,61576791190,111019,8
train,progan_train,sheep,0_real,sheep/0_real/02036.png,95727,feb525b0,61318140270,95658,8
train,progan_train,sheep,0_real,sheep/0_real/02059.png,133085,1a343594,61915695612,132312,8
train,progan_train,sheep,0_real,sheep/0_real/02266.png,135693,4e57011a,62397136551,135269,8
train,progan_train,sheep,0_real,sheep/0_real/02564.png,153912,582a93ad,61618622443,153738,8
train,progan_train,sheep,0_real,sheep/0_real/02597.png,132424,e1134d3e,61527627286,132302,8
train,progan_train,sheep,0_real,sheep/0_real/02765.png,89761,6fdf1d32,60948708616,89373,8
train,progan_train,sheep,0_real,sheep/0_real/02920.png,153517,48895795,62289787972,153233,8
train,progan_train,sheep,0_real,sheep/0_real/03091.png,97111,1e4cd3f8,62034795419,96821,8
train,progan_train,sheep,0_real,sheep/0_real/03273.png,144460,b34c1f4f,61153278946,144188,8
train,progan_train,sheep,0_real,sheep/0_real/03480.png,86797,e761a4d8,60882537046,86750,8
train,progan_train,sheep,0_real,sheep/0_real/04063.png,143759,e5a9b0dd,62126504093,142934,8
train,progan_train,sheep,0_real,sheep/0_real/04475.png,122782,1989a606,61733059342,122444,8
train,progan_train,sheep,0_real,sheep/0_real/04480.png,52032,a0041ff3,61267513397,51359,8
train,progan_train,sheep,0_real,sheep/0_real/04523.png,115937,6d4abf8c,61776819674,115610,8
train,progan_train,sheep,0_real,sheep/0_real/04549.png,93087,f045e9e8,62348602683,92853,8
train,progan_train,sheep,0_real,sheep/0_real/04676.png,114166,ab436ec9,60548810171,113823,8
train,progan_train,sheep,0_real,sheep/0_real/04878.png,142710,d99a05e0,61330125933,142470,8
train,progan_train,sheep,0_real,sheep/0_real/05046.png,140567,aae65f61,60518953190,139993,8
train,progan_train,sheep,0_real,sheep/0_real/05123.png,110049,eab62f41,62402823110,109720,8
train,progan_train,sheep,0_real,sheep/0_real/05443.png,130801,bd426fb6,61487106627,130254,8
train,progan_train,sheep,0_real,sheep/0_real/05491.png,110911,51acc2a2,62094367949,110664,8
train,progan_train,sheep,0_real,sheep/0_real/05642.png,140973,e2699bf1,61248314006,140789,8
train,progan_train,sheep,0_real,sheep/0_real/05691.png,158343,cabf8c9b,61232420316,157966,8
train,progan_train,sheep,0_real,sheep/0_real/06603.png,134135,d1778cb7,60900475754,133233,8
train,progan_train,sheep,0_real,sheep/0_real/06664.png,101503,eff70f16,60472858571,101197,8
train,progan_train,sheep,0_real,sheep/0_real/06682.png,85099,33cb01bd,60468861597,85002,8
train,progan_train,sheep,0_real,sheep/0_real/06684.png,177093,16683c62,60617147834,177123,8
train,progan_train,sheep,0_real,sheep/0_real/06854.png,119019,24bfaf99,62381648225,118588,8
train,progan_train,sheep,0_real,sheep/0_real/07374.png,115425,0dacab52,62422900456,115325,8
train,progan_train,sheep,0_real,sheep/0_real/07679.png,109900,d8097e4a,60448710788,109661,8
train,progan_train,sheep,0_real,sheep/0_real/08143.png,150583,69eb719f,61490046241,150548,8
train,progan_train,sheep,0_real,sheep/0_real/08235.png,118998,9c794fa6,60843347981,118825,8
train,progan_train,sheep,0_real,sheep/0_real/08342.png,130017,f0cc4b66,61300207635,129180,8
train,progan_train,sheep,0_real,sheep/0_real/08416.png,108449,f9475fcd,62172630050,108427,8
train,progan_train,sheep,0_real,sheep/0_real/08941.png,122601,f8a0231c,61397648774,122356,8
train,progan_train,sheep,0_real,sheep/0_real/09062.png,99420,4b2b23f6,62194568378,99096,8
train,progan_train,sheep,0_real,sheep/0_real/09103.png,87402,1fe60597,62235845287,86888,8
train,progan_train,sheep,0_real,sheep/0_real/09243.png,113812,5d537e53,61192263346,113832,8
train,progan_train,sheep,0_real,sheep/0_real/09384.png,114112,f62e1506,60827436116,113618,8
train,progan_train,sheep,0_real,sheep/0_real/09717.png,120322,33dd88bf,62169339934,120054,8
train,progan_train,sheep,0_real,sheep/0_real/09890.png,148810,a25f0a58,62597971336,148574,8
train,progan_train,sheep,0_real,sheep/0_real/10003.png,152497,91af1f81,61180610522,151889,8
train,progan_train,sheep,0_real,sheep/0_real/10046.png,155975,689e7092,61082055031,155655,8
train,progan_train,sheep,0_real,sheep/0_real/10137.png,102497,6be26806,62045602406,102465,8
train,progan_train,sheep,0_real,sheep/0_real/10229.png,141055,d8180736,60988743589,140708,8
train,progan_train,sheep,0_real,sheep/0_real/10435.png,122860,821221e6,62406458805,122472,8
train,progan_train,sheep,0_real,sheep/0_real/10546.png,138987,f24b7fb9,62167569380,138607,8
train,progan_train,sheep,0_real,sheep/0_real/11593.png,91308,4035b2a8,61235567502,91285,8
train,progan_train,sheep,0_real,sheep/0_real/11676.png,148764,1656c18d,61513632569,148062,8
train,progan_train,sheep,0_real,sheep/0_real/11756.png,67836,9fc4ca35,61774999560,67406,8
train,progan_train,sheep,0_real,sheep/0_real/11763.png,117952,bffd2f6d,62225600265,117595,8
train,progan_train,sheep,0_real,sheep/0_real/12001.png,112766,f303dbc6,61815663122,112417,8
train,progan_train,sheep,0_real,sheep/0_real/12161.png,153267,5827324c,61872233698,152669,8
train,progan_train,sheep,0_real,sheep/0_real/12518.png,105042,2f63bcf2,61945792412,104753,8
train,progan_train,sheep,0_real,sheep/0_real/13062.png,144696,a0f822d7,61000634528,144701,8
train,progan_train,sheep,0_real,sheep/0_real/13151.png,110778,e7f07241,62393144919,110459,8
train,progan_train,sheep,0_real,sheep/0_real/13290.png,133411,ec6c6e3a,62424146044,132615,8
train,progan_train,sheep,0_real,sheep/0_real/13496.png,137323,2f980d07,60916355640,136621,8
train,progan_train,sheep,0_real,sheep/0_real/13509.png,133607,9430f4ad,61759568101,132722,8
train,progan_train,sheep,0_real,sheep/0_real/14029.png,142509,1f79564f,62624651070,141640,8
train,progan_train,sheep,0_real,sheep/0_real/14139.png,140611,bcd33124,61405810606,140300,8
train,progan_train,sheep,0_real,sheep/0_real/14262.png,123482,568c66e4,61076196754,123180,8
train,progan_train,sheep,0_real,sheep/0_real/14526.png,109808,e76049aa,61374178781,109627,8
train,progan_train,sheep,0_real,sheep/0_real/14539.png,152930,c76a6a4b,61368087831,152750,8
train,progan_train,sheep,0_real,sheep/0_real/14586.png,113289,331a806e,61710630368,113158,8
train,progan_train,sheep,0_real,sheep/0_real/14649.png,85063,ee831d0e,60667327275,83501,8
train,progan_train,sheep,0_real,sheep/0_real/14770.png,110814,bd19e520,62023251674,110549,8
train,progan_train,sheep,0_real,sheep/0_real/15618.png,127439,9ca9c65c,61903802108,127397,8
train,progan_train,sheep,0_real,sheep/0_real/15643.png,128886,eed88bbc,62471481155,127940,8
train,progan_train,sheep,0_real,sheep/0_real/15942.png,116823,05c1458c,61093011592,116599,8
train,progan_train,sheep,0_real,sheep/0_real/16198.png,124572,7f7c71b0,62382841132,124522,8
train,progan_train,sheep,0_real,sheep/0_real/16210.png,119905,79578474,61713051145,119776,8
train,progan_train,sheep,0_real,sheep/0_real/16695.png,65684,0587c435,62051383309,65285,8
train,progan_train,sheep,0_real,sheep/0_real/16700.png,145447,98e1a258,60641607454,145249,8
train,progan_train,sheep,0_real,sheep/0_real/16984.png,150814,e598492f,62005423366,150012,8
train,progan_train,sheep,0_real,sheep/0_real/17084.png,87937,000bfe8c,60968368280,87315,8
train,progan_train,sheep,0_real,sheep/0_real/17085.png,128637,98e3d0cc,62065797349,128140,8
train,progan_train,sheep,0_real,sheep/0_real/17348.png,104502,a46ae476,62261396468,104013,8
train,progan_train,sheep,0_real,sheep/0_real/17378.png,126044,d4dbc5a4,62146330061,125241,8
train,progan_train,sheep,0_real,sheep/0_real/17428.png,104888,7c944cd1,61564616866,104749,8
train,progan_train,sheep,0_real,sheep/0_real/17586.png,122286,5de397b6,62464676615,121495,8
train,progan_train,sheep,0_real,sheep/0_real/17715.png,128460,44d5c9d2,61167034271,128331,8
train,progan_train,sheep,0_real,sheep/0_real/17803.png,83065,4a20b2a1,62121413351,82935,8
train,progan_train,sheep,0_real,sheep/0_real/17850.png,132624,d3d18f98,61629920929,132649,8
train,progan_train,sheep,0_real,sheep/0_real/17889.png,158945,6ffec0a5,61081155391,158388,8
train,progan_train,sheep,0_real,sheep/0_real/18036.png,124286,08f6db1e,62615430811,123387,8
train,progan_train,sheep,0_real,sheep/0_real/18910.png,105873,4bbf96a1,61279417327,105193,8
train,progan_train,sheep,0_real,sheep/0_real/18990.png,107665,7ce78bb2,60869882938,107269,8
train,progan_train,sheep,0_real,sheep/0_real/19149.png,131073,75477b98,62217964830,129991,8
train,progan_train,sheep,0_real,sheep/0_real/19238.png,111166,36a7af67,62368347672,111025,8
train,progan_train,sheep,0_real,sheep/0_real/19344.png,139477,ad97982c,62024750940,139350,8
train,progan_train,sheep,0_real,sheep/0_real/19719.png,103985,35d1de22,61319612190,103973,8
train,progan_train,sheep,0_real,sheep/0_real/19840.png,147619,c076c17a,60543534905,147192,8
train,progan_train,sheep,1_fake,sheep/1_fake/00024.png,79833,1cf0d29c,63785825707,79788,8
train,progan_train,sheep,1_fake,sheep/1_fake/00071.png,113295,2c998dfc,62916809578,113226,8
train,progan_train,sheep,1_fake,sheep/1_fake/00721.png,137802,5630a8c1,64812848643,137195,8
train,progan_train,sheep,1_fake,sheep/1_fake/01294.png,147741,1747cef9,64119654844,147398,8
train,progan_train,sheep,1_fake,sheep/1_fake/03066.png,75801,65aad862,63127460925,75786,8
train,progan_train,sheep,1_fake,sheep/1_fake/03101.png,109127,7a6d3522,64287375975,108924,8
train,progan_train,sheep,1_fake,sheep/1_fake/03201.png,123588,64f5e479,62705995572,122557,8
train,progan_train,sheep,1_fake,sheep/1_fake/03220.png,114073,ce28f771,63154205763,113496,8
train,progan_train,sheep,1_fake,sheep/1_fake/03547.png,144967,36222891,64415117687,144528,8
train,progan_train,sheep,1_fake,sheep/1_fake/03672.png,144462,1ee767fb,62663508928,143860,8
train,progan_train,sheep,1_fake,sheep/1_fake/03769.png,102110,2ddc6148,63528531935,101983,8
train,progan_train,sheep,1_fake,sheep/1_fake/03887.png,124716,720e8598,63541834238,124515,8
train,progan_train,sheep,1_fake,sheep/1_fake/04078.png,112028,4b518f5a,63285359172,111899,8
train,progan_train,sheep,1_fake,sheep/1_fake/04258.png,128386,cfd7ab1e,63559435714,128079,8
train,progan_train,sheep,1_fake,sheep/1_fake/04562.png,139705,2828b11c,62872692054,139394,8
train,progan_train,sheep,1_fake,sheep/1_fake/04729.png,107099,cd8b5aad,64741129208,106593,8
train,progan_train,sheep,1_fake,sheep/1_fake/04733.png,102936,9608ac53,62922989255,102625,8
train,progan_train,sheep,1_fake,sheep/1_fake/04754.png,154476,9d957788,64394321560,154181,8
train,progan_train,sheep,1_fake,sheep/1_fake/04833.png,124367,8f7b3e42,62780475260,124246,8
train,progan_train,sheep,1_fake,sheep/1_fake/04919.png,122244,857d9fe7,64908145629,120834,8
train,progan_train,sheep,1_fake,sheep/1_fake/05022.png,139385,c2c83f04,64915006385,139224,8
train,progan_train,sheep,1_fake,sheep/1_fake/05176.png,128701,7b6130d5,64369641047,128608,8
train,progan_train,sheep,1_fake,sheep/1_fake/05808.png,85328,8816be25,64185513981,85246,8
train,progan_train,sheep,1_fake,sheep/1_fake/05994.png,141779,1e5180cc,62752542971,140905,8
train,progan_train,sheep,1_fake,sheep/1_fake/06356.png,131473,19a7d32d,63417229742,130932,8
train,progan_train,sheep,1_fake,sheep/1_fake/07251.png,138997,d446f13a,63620029094,138449,8
train,progan_train,sheep,1_fake,sheep/1_fake/07265.png,137009,b2b6072e,63593096285,136753,8
train,progan_train,sheep,1_fake,sheep/1_fake/07294.png,125799,8e25b0b6,63993605687,125195,8
train,progan_train,sheep,1_fake,sheep/1_fake/07448.png,112271,887c63b3,64497719849,112041,8
train,progan_train,sheep,1_fake,sheep/1_fake/07565.png,136902,8e204720,64559258819,136627,8
train,progan_train,sheep,1_fake,sheep/1_fake/07600.png,155523,441b4cbc,63630042518,155480,8
train,progan_train,sheep,1_fake,sheep/1_fake/07823.png,110781,f27059b1,64728072419,110675,8
train,progan_train,sheep,1_fake,sheep/1_fake/07835.png,119736,448fd9bf,63437754100,119384,8
train,progan_train,sheep,1_fake,sheep/1_fake/07855.png,114439,c0458dc0,63836061365,114283,8
train,progan_train,sheep,1_fake,sheep/1_fake/08099.png,110119,c2e77c46,62836854505,109724,8
train,progan_train,sheep,1_fake,sheep/1_fake/08177.png,116048,42d60d7f,64662338399,115875,8
train,progan_train,sheep,1_fake,sheep/1_fake/08222.png,138768,26bf294b,64889349891,138069,8
train,progan_train,sheep,1_fake,sheep/1_fake/08404.png,136630,36c7ca35,63984856977,136422,8
train,progan_train,sheep,1_fake,sheep/1_fake/08810.png,86016,19418ab1,64047024589,86002,8
train,progan_train,sheep,1_fake,sheep/1_fake/08906.png,152547,2b644169,64917096844,152076,8
train,progan_train,sheep,1_fake,sheep/1_fake/09219.png,100553,7f838ca7,64400058687,100519,8
train,progan_train,sheep,1_fake,sheep/1_fake/09234.png,129015,a81f88e0,64728426750,127978,8
train,progan_train,sheep,1_fake,sheep/1_fake/09762.png,97631,87008784,64639060045,97618,8
train,progan_train,sheep,1_fake,sheep/1_fake/09839.png,120692,4569eb30,63199256702,120628,8
train,progan_train,sheep,1_fake,sheep/1_fake/09854.png,99219,87562492,64432015391,99145,8
train,progan_train,sheep,1_fake,sheep/1_fake/09904.png,102045,dd0fc960,63220944579,101951,8
train,progan_train,sheep,1_fake,sheep/1_fake/09995.png,116109,9b74e96b,63361722656,115817,8
train,progan_train,sheep,1_fake,sheep/1_fake/10402.png,146352,85037ffb,64524371339,146184,8
train,progan_train,sheep,1_fake,sheep/1_fake/10535.png,115470,afd586cb,62635870775,115384,8
train,progan_train,sheep,1_fake,sheep/1_fake/11549.png,124146,c6613410,62901306631,124116,8
train,progan_train,sheep,1_fake,sheep/1_fake/11618.png,121028,b554dcaf,64052666245,120309,8
train,progan_train,sheep,1_fake,sheep/1_fake/11745.png,128513,a88eaa0a,63902737766,128108,8
train,progan_train,sheep,1_fake,sheep/1_fake/11856.png,134944,b7a3dc7d,64811421615,134854,8
train,progan_train,sheep,1_fake,sheep/1_fake/12580.png,125531,524a8980,64072073399,125110,8
train,progan_train,sheep,1_fake,sheep/1_fake/12730.png,144235,ac0c0619,63402298703,144006,8
train,progan_train,sheep,1_fake,sheep/1_fake/12839.png,137680,5a4a7d5c,63509156678,137585,8
train,progan_train,sheep,1_fake,sheep/1_fake/12877.png,128196,f7b9dd5e,63917565679,127714,8
train,progan_train,sheep,1_fake,sheep/1_fake/13055.png,140696,74cc95bd,63550663985,140650,8
train,progan_train,sheep,1_fake,sheep/1_fake/13092.png,123750,ec808353,64652140367,123386,8
train,progan_train,sheep,1_fake,sheep/1_fake/13389.png,105251,bd6384da,63590972696,105187,8
train,progan_train,sheep,1_fake,sheep/1_fake/13446.png,89221,776cbd2b,63084829056,88860,8
train,progan_train,sheep,1_fake,sheep/1_fake/13518.png,107520,28b216ed,64884694462,107405,8
train,progan_train,sheep,1_fake,sheep/1_fake/13525.png,136628,1c22c79b,62946794795,136162,8
train,progan_train,sheep,1_fake,sheep/1_fake/13919.png,131634,00ba28e6,64565002052,131271,8
train,progan_train,sheep,1_fake,sheep/1_fake/14022.png,147679,6a62946a,62636370992,147480,8
train,progan_train,sheep,1_fake,sheep/1_fake/14120.png,136002,c3375b3b,62995055555,135520,8
train,progan_train,sheep,1_fake,sheep/1_fake/14197.png,87193,2bedae47,64538503149,87052,8
train,progan_train,sheep,1_fake,sheep/1_fake/14280.png,119607,4cfccb56,64705901988,119574,8
train,progan_train,sheep,1_fake,sheep/1_fake/14714.png,131670,a28a201c,64158514369,131452,8
train,progan_train,sheep,1_fake,sheep/1_fake/14769.png,117725,09c1dbc7,63184306617,117654,8
train,progan_train,sheep,1_fake,sheep/1_fake/15020.png,136776,ad41cd0a,63934686787,135548,8
train,progan_train,sheep,1_fake,sheep/1_fake/15078.png,107735,9e4cedb2,63333346658,107755,8
train,progan_train,sheep,1_fake,sheep/1_fake/15362.png,128176,15a007a0,64014312743,127842,8
train,progan_train,sheep,1_fake,sheep/1_fake/15574.png,133753,31ad3d76,64655883552,133607,8
train,progan_train,sheep,1_fake,sheep/1_fake/15630.png,99498,2cad8a73,64084531403,99243,8
train,progan_train,sheep,1_fake,sheep/1_fake/15895.png,122316,79f92b34,63263680465,122099,8
train,progan_train,sheep,1_fake,sheep/1_fake/15956.png,134051,0431b657,63417642995,133664,8
train,progan_train,sheep,1_fake,sheep/1_fake/16444.png,151665,e085386e,64534274415,151570,8
train,progan_train,sheep,1_fake,sheep/1_fake/16461.png,148088,386c3a5c,64051443407,147361,8
train,progan_train,sheep,1_fake,sheep/1_fake/16624.png,120126,ec6e9b03,63102485759,119932,8
train,progan_train,sheep,1_fake,sheep/1_fake/16774.png,140795,0df4be00,63711663568,140324,8
train,progan_train,sheep,1_fake,sheep/1_fake/16796.png,138098,4d25479e,63796659344,137645,8
train,progan_train,sheep,1_fake,sheep/1_fake/16865.png,138394,653b79f3,64718296131,137660,8
train,progan_train,sheep,1_fake,sheep/1_fake/17002.png,147083,66f5a120,64760776127,146572,8
train,progan_train,sheep,1_fake,sheep/1_fake/17040.png,120584,a9f6518b,64885065278,120351,8
train,progan_train,sheep,1_fake,sheep/1_fake/17179.png,83618,53473b6e,63171901268,83514,8
train,progan_train,sheep,1_fake,sheep/1_fake/17207.png,136907,ee10c8a5,64772490253,136570,8
train,progan_train,sheep,1_fake,sheep/1_fake/17537.png,127962,33e76ef8,63715122449,127854,8
train,progan_train,sheep,1_fake,sheep/1_fake/17685.png,150766,55e83d40,62784984689,150682,8
train,progan_train,sheep,1_fake,sheep/1_fake/17804.png,128107,0a94a130,63325281509,128072,8
train,progan_train,sheep,1_fake,sheep/1_fake/17880.png,110675,818c5ce5,64535312429,110666,8
train,progan_train,sheep,1_fake,sheep/1_fake/18094.png,129716,b8988c63,64704920936,129287,8
train,progan_train,sheep,1_fake,sheep/1_fake/18198.png,111967,f0a305d8,64613861633,111652,8
train,progan_train,sheep,1_fake,sheep/1_fake/18241.png,127777,60175f92,63269783161,127680,8
train,progan_train,sheep,1_fake,sheep/1_fake/18297.png,147590,c2549c0f,63275291747,147098,8
train,progan_train,sheep,1_fake,sheep/1_fake/18597.png,140597,058371fd,63090360408,140388,8
train,progan_train,sheep,1_fake,sheep/1_fake/18828.png,101980,d4030fd8,64845141331,101829,8
train,progan_train,sheep,1_fake,sheep/1_fake/19358.png,136310,f2665b3c,63966866362,135592,8
train,progan_train,sheep,1_fake,sheep/1_fake/19817.png,97800,4465eaf9,63527816461,97766,8
train,progan_train,sheep,1_fake,sheep/1_fake/19989.png,101039,b09a145a,63709018222,100656,8
train,progan_train,sofa,0_real,sofa/0_real/00071.png,109962,73ec1e50,65110331843,109951,8
train,progan_train,sofa,0_real,sofa/0_real/00154.png,92762,ad1b4ec3,65314475100,92768,8
train,progan_train,sofa,0_real,sofa/0_real/00240.png,55453,6da32845,65576293807,54797,8
train,progan_train,sofa,0_real,sofa/0_real/00315.png,89017,9170fe33,65818133912,89026,8
train,progan_train,sofa,0_real,sofa/0_real/00627.png,118327,3ca57c9d,64986179105,117939,8
train,progan_train,sofa,0_real,sofa/0_real/00803.png,54293,aaa0ac1e,65637353556,54265,8
train,progan_train,sofa,0_real,sofa/0_real/00859.png,44933,e089932f,64980506130,44943,8
train,progan_train,sofa,0_real,sofa/0_real/00997.png,127736,13224aab,65746908862,127756,8
train,progan_train,sofa,0_real,sofa/0_real/01177.png,89290,0d00a86e,65526345831,89297,8
train,progan_train,sofa,0_real,sofa/0_real/01564.png,86220,a6efea88,66084644103,86078,8
train,progan_train,sofa,0_real,sofa/0_real/01656.png,102839,cc5e07bd,65548630653,102661,8
train,progan_train,sofa,0_real,sofa/0_real/01697.png,11212,c1bced29,65200032196,10395,8
train,progan_train,sofa,0_real,sofa/0_real/01839.png,49112,a62d0376,65966191245,49120,8
train,progan_train,sofa,0_real,sofa/0_real/01902.png,132097,517ce469,64961540794,132044,8
train,progan_train,sofa,0_real,sofa/0_real/02434.png,124378,c9cd18bc,66441630914,124206,8
train,progan_train,sofa,0_real,sofa/0_real/02809.png,19838,b8f69423,65489020169,19151,8
train,progan_train,sofa,0_real,sofa/0_real/02924.png,11525,d6223d18,66227730626,10731,8
train,progan_train,sofa,0_real,sofa/0_real/02957.png,51102,3756790a,65880917040,51075,8
train,progan_train,sofa,0_real,sofa/0_real/03135.png,71145,18c68e39,65225131802,71153,8
train,progan_train,sofa,0_real,sofa/0_real/03379.png,85489,7b9ae373,65817229552,85192,8
train,progan_train,sofa,0_real,sofa/0_real/03606.png,86227,4ea96bf6,65982220013,86140,8
train,progan_train,sofa,0_real,sofa/0_real/03632.png,59335,546d7ee1,66151575037,59337,8
train,progan_train,sofa,0_real,sofa/0_real/03707.png,96408,8a343a0f,65108797107,96191,8
train,progan_train,sofa,0_real,sofa/0_real/04203.png,71382,539833b4,66387296457,71397,8
train,progan_train,sofa,0_real,sofa/0_real/04276.png,90360,847d84fa,64948850531,90370,8
train,progan_train,sofa,0_real,sofa/0_real/04283.png,115718,4df7c052,65129205408,115721,8
train,progan_train,sofa,0_real,sofa/0_real/04745.png,137784,4dba2f04,66006027537,137203,8
train,progan_train,sofa,0_real,sofa/0_real/04773.png,139474,cf1fb20e,66456708342,138958,8
train,progan_train,sofa,0_real,sofa/0_real/04907.png,109370,1e864abd,66065812318,109052,8
train,progan_train,sofa,0_real,sofa/0_real/05239.png,61440,17dd5e59,64936153114,60997,8
train,progan_train,sofa,0_real,sofa/0_real/05262.png,84620,230c918f,65377407782,84582,8
train,progan_train,sofa,0_real,sofa/0_real/05388.png,86940,2533b0df,65480790855,86893,8
train,progan_train,sofa,0_real,sofa/0_real/06144.png,40832,a7e860b7,65726488737,40719,8
train,progan_train,sofa,0_real,sofa/0_real/06170.png,95693,6c0d0927,66401165957,95679,8
train,progan_train,sofa,0_real,sofa/0_real/06233.png,108833,1c28e72f,65388567555,108491,8
train,progan_train,sofa,0_real,sofa/0_real/06305.png,130092,ceceeba3,65360643685,130101,8
train,progan_train,sofa,0_real,sofa/0_real/06824.png,82249,d052f235,66176158403,82172,8
train,progan_train,sofa,0_real,sofa/0_real/06988.png,78088,fd49ae48,65290872442,77959,8
train,progan_train,sofa,0_real,sofa/0_real/07041.png,74401,2b74a80d,65559106898,74345,8
train,progan_train,sofa,0_real,sofa/0_real/07084.png,57548,63977e00,65911686507,56998,8
train,progan_train,sofa,0_real,sofa/0_real/07203.png,68154,c5413a6c,66288924012,67902,8
train,progan_train,sofa,0_real,sofa/0_real/07484.png,24437,ef004fac,66047498199,23724,8
train,progan_train,sofa,0_real,sofa/0_real/07569.png,90866,d33a3ab4,65421606862,90836,8
train,progan_train,sofa,0_real,sofa/0_real/07643.png,46475,a1062e84,66102426727,46326,8
train,progan_train,sofa,0_real,sofa/0_real/07673.png,74578,315d8433,65653379712,74552,8
train,progan_train,sofa,0_real,sofa/0_real/07765.png,110835,86fb05d8,64941536812,110855,8
train,progan_train,sofa,0_real,sofa/0_real/07877.png,97705,dd6528cd,65148746855,97720,8
train,progan_train,sofa,0_real,sofa/0_real/07878.png,72506,60291b39,65148144650,72489,8
train,progan_train,sofa,0_real,sofa/0_real/08345.png,85132,3f1dfd89,65634530738,85114,8
train,progan_train,sofa,0_real,sofa/0_real/08742.png,37112,2b27956c,65593155344,36978,8
train,progan_train,sofa,0_real,sofa/0_real/08753.png,106980,4e12e163,65623549268,106935,8
train,progan_train,sofa,0_real,sofa/0_real/08791.png,66527,fdb6337b,66106726748,66533,8
train,progan_train,sofa,0_real,sofa/0_real/08792.png,80519,cf1b72fa,66216908822,80435,8
train,progan_train,sofa,0_real,sofa/0_real/08996.png,129281,e7e11d60,66209280666,129217,8
train,progan_train,sofa,0_real,sofa/0_real/09357.png,109649,7c60e8f1,66011113159,109468,8
train,progan_train,sofa,0_real,sofa/0_real/09413.png,120048,eb54ada0,65539683316,119804,8
train,progan_train,sofa,0_real,sofa/0_real/09453.png,101028,f555c048,65458165931,101048,8
train,progan_train,sofa,0_real,sofa/0_real/09485.png,27778,60d7d249,65472006361,26881,8
train,progan_train,sofa,0_real,sofa/0_real/09818.png,49626,93c93c2b,65642662994,49636,8
train,progan_train,sofa,0_real,sofa/0_real/09879.png,75904,1130f019,65523096697,75912,8
train,progan_train,sofa,0_real,sofa/0_real/10603.png,72099,1a79f63f,65238597416,72036,8
train,progan_train,sofa,0_real,sofa/0_real/10609.png,105119,12488012,65285651408,104607,8
train,progan_train,sofa,0_real,sofa/0_real/10624.png,98878,bb03f7fb,66181483193,98609,8
train,progan_train,sofa,0_real,sofa/0_real/10831.png,78554,a3dbf914,66400680374,78543,8
train,progan_train,sofa,0_real,sofa/0_real/10996.png,23051,7f48e8aa,65509874057,22324,8
train,progan_train,sofa,0_real,sofa/0_real/11005.png,105158,cb5c366f,65567739034,105111,8
train,progan_train,sofa,0_real,sofa/0_real/11134.png,93745,5e3d2583,65710803008,93693,8
train,progan_train,sofa,0_real,sofa/0_real/11367.png,81960,674c7eee,65163919798,81824,8
train,progan_train,sofa,0_real,sofa/0_real/11974.png,102594,2b6d15e6,65895326210,102592,8
train,progan_train,sofa,0_real,sofa/0_real/12955.png,87082,068faac2,65313420533,86916,8
train,progan_train,sofa,0_real,sofa/0_real/13095.png,75787,3dd20fb3,66298834914,75738,8
train,progan_train,sofa,0_real,sofa/0_real/13099.png,112165,49d0f225,66166138579,112091,8
train,progan_train,sofa,0_real,sofa/0_real/13687.png,62862,b12c86df,66011524666,62768,8
train,progan_train,sofa,0_real,sofa/0_real/13838.png,124862,2ed1308c,66000183328,124808,8
train,progan_train,sofa,0_real,sofa/0_real/14132.png,68151,51525a95,65383548714,67845,8
train,progan_train,sofa,0_real,sofa/0_real/14161.png,88171,c65f4589,65641278441,88128,8
train,progan_train,sofa,0_real,sofa/0_real/14490.png,60486,e55d579e,65996400403,59568,8
train,progan_train,sofa,0_real,sofa/0_real/14615.png,73172,b3e2180d,65086737180,73156,8
train,progan_train,sofa,0_real,sofa/0_real/14894.png,61123,7167a05d,66047020823,61026,8
train,progan_train,sofa,0_real,sofa/0_real/15035.png,54921,4ac54487,65255213983,54769,8
train,progan_train,sofa,0_real,sofa/0_real/15228.png,78775,639f6013,66408930718,78756,8
train,progan_train,sofa,0_real,sofa/0_real/15301.png,96475,56e2d4b3,65426629933,96455,8
train,progan_train,sofa,0_real,sofa/0_real/15860.png,65941,0e3062b9,65438344957,65784,8
train,progan_train,sofa,0_real,sofa/0_real/16172.png,112032,5d0cbd35,65888978364,111747,8
train,progan_train,sofa,0_real,sofa/0_real/16644.png,37261,e10f8a98,65255388910,37136,8
train,progan_train,sofa,0_real,sofa/0_real/16673.png,67339,bc7ca16f,66393465983,67266,8
train,progan_train,sofa,0_real,sofa/0_real/16693.png,99219,f143e827,64936726825,99158,8
train,progan_train,sofa,0_real,sofa/0_real/16815.png,109434,ca26010b,65555424744,109454,8
train,progan_train,sofa,0_real,sofa/0_real/16835.png,55288,21c00845,65088403359,55240,8
train,progan_train,sofa,0_real,sofa/0_real/16881.png,53299,b339b4d9,66084590783,53241,8
train,progan_train,sofa,0_real,sofa/0_real/17259.png,75403,4acc2bbb,65561677047,75224,8
train,progan_train,sofa,0_real,sofa/0_real/17351.png,109104,26399c82,65515893237,108951,8
train,progan_train,sofa,0_real,sofa/0_real/17533.png,106677,36de0453,65198291026,106409,8
train,progan_train,sofa,0_real,sofa/0_real/18251.png,77775,7657131c,65824184213,77566,8
train,progan_train,sofa,0_real,sofa/0_real/18990.png,75462,60beffe4,65234926309,75393,8
train,progan_train,sofa,0_real,sofa/0_real/19174.png,116109,8f4e12ff,65775388279,115976,8
train,progan_train,sofa,0_real,sofa/0_real/19276.png,105578,e194bbf9,65546224014,105368,8
train,progan_train,sofa,0_real,sofa/0_real/19302.png,63080,cdc92104,65976519366,63090,8
train,progan_train,sofa,0_real,sofa/0_real/19876.png,119615,6f283da8,65855875365,119323,8
train,progan_train,sofa,0_real,sofa/0_real/19894.png,95434,3381cfa6,66078398005,95197,8
train,progan_train,sofa,1_fake,sofa/1_fake/00141.png,111261,35776d9e,66760669008,111207,8
train,progan_train,sofa,1_fake,sofa/1_fake/00158.png,34846,7aa2a560,66662584014,34778,8
train,progan_train,sofa,1_fake,sofa/1_fake/00621.png,103537,873c8f2d,67179674162,103550,8
train,progan_train,sofa,1_fake,sofa/1_fake/00747.png,120066,f1521039,67039733375,119958,8
train,progan_train,sofa,1_fake,sofa/1_fake/00905.png,84886,398e2f59,67865656501,84688,8
train,progan_train,sofa,1_fake,sofa/1_fake/01107.png,121117,d49d2b3a,67606962953,121054,8
train,progan_train,sofa,1_fake,sofa/1_fake/01198.png,101232,41815acf,67307100574,101171,8
train,progan_train,sofa,1_fake,sofa/1_fake/01334.png,86750,f73f144c,67673180685,86765,8
train,progan_train,sofa,1_fake,sofa/1_fake/01341.png,121326,5580d8b9,66729940274,121346,8
train,progan_train,sofa,1_fake,sofa/1_fake/01718.png,88361,f237d390,66673077739,88376,8
train,progan_train,sofa,1_fake,sofa/1_fake/01895.png,105866,efb7fb65,67422267879,105863,8
train,progan_train,sofa,1_fake,sofa/1_fake/01944.png,138971,ce51aab3,66681559910,138767,8
train,progan_train,sofa,1_fake,sofa/1_fake/02182.png,81507,a8be8368,66996603433,81522,8
train,progan_train,sofa,1_fake,sofa/1_fake/02196.png,109841,8e7bddba,66621623664,109827,8
train,progan_train,sofa,1_fake,sofa/1_fake/02378.png,113861,a59ca37a,67402888405,113859,8
train,progan_train,sofa,1_fake,sofa/1_fake/02550.png,97783,bb97d022,67670123758,97751,8
train,progan_train,sofa,1_fake,sofa/1_fake/02605.png,105496,73cca06f,66839707435,105445,8
train,progan_train,sofa,1_fake,sofa/1_fake/02745.png,93353,5a10be18,66916379068,93303,8
train,progan_train,sofa,1_fake,sofa/1_fake/02838.png,106926,b32ea2ce,66855637828,106758,8
train,progan_train,sofa,1_fake,sofa/1_fake/03534.png,118346,c05a14ef,67827237402,118352,8
train,progan_train,sofa,1_fake,sofa/1_fake/03657.png,112173,3ea4700b,67391431310,112024,8
train,progan_train,sofa,1_fake,sofa/1_fake/03690.png,110830,1dd8bb4b,67349124261,110764,8
train,progan_train,sofa,1_fake,sofa/1_fake/03733.png,115788,cebfb64e,67035031341,115628,8
train,progan_train,sofa,1_fake,sofa/1_fake/04020.png,92532,55ad63fd,67669281348,92312,8
train,progan_train,sofa,1_fake,sofa/1_fake/04291.png,122599,15bc0487,67883053767,122535,8
train,progan_train,sofa,1_fake,sofa/1_fake/04324.png,61687,c991df75,67394332405,61667,8
train,progan_train,sofa,1_fake,sofa/1_fake/04847.png,105540,67423600,67776563313,105560,8
train,progan_train,sofa,1_fake,sofa/1_fake/04926.png,102898,63ef1ec6,67662115200,102862,8
train,progan_train,sofa,1_fake,sofa/1_fake/05032.png,40608,d351dd06,67059120000,40471,8
train,progan_train,sofa,1_fake,sofa/1_fake/05212.png,108325,e81f0aec,67375893662,108345,8
train,progan_train,sofa,1_fake,sofa/1_fake/05498.png,99522,65f9a781,67955336902,99516,8
train,progan_train,sofa,1_fake,sofa/1_fake/05661.png,130953,416a0fb6,66570940592,130960,8
train,progan_train,sofa,1_fake,sofa/1_fake/05829.png,34267,7923c33a,66671189657,34277,8
train,progan_train,sofa,1_fake,sofa/1_fake/06036.png,90659,d8b55b21,67200968712,90660,8
train,progan_train,sofa,1_fake,sofa/1_fake/06434.png,87405,25bd66eb,68092903074,87412,8
train,progan_train,sofa,1_fake,sofa/1_fake/06673.png,23171,7ece5428,66875687533,22988,8
train,progan_train,sofa,1_fake,sofa/1_fake/06751.png,115767,80a91cc8,66893588828,115772,8
train,progan_train,sofa,1_fake,sofa/1_fake/06856.png,81077,975c986f,67865308930,81075,8
train,progan_train,sofa,1_fake,sofa/1_fake/06858.png,86335,df414d6d,66781880363,86347,8
train,progan_train,sofa,1_fake,sofa/1_fake/07395.png,69967,0688d4ec,67357952317,69982,8
train,progan_train,sofa,1_fake,sofa/1_fake/07398.png,109313,6e019513,67122860793,109283,8
train,progan_train,sofa,1_fake,sofa/1_fake/07477.png,115875,266b17bd,67472421405,115895,8
train,progan_train,sofa,1_fake,sofa/1_fake/07689.png,67484,1adcbab8,66617716732,67499,8
train,progan_train,sofa,1_fake,sofa/1_fake/07741.png,107623,7411dcd8,66906714109,107216,8
train,progan_train,sofa,1_fake,sofa/1_fake/07786.png,85631,61d88c5c,67768145502,85564,8
train,progan_train,sofa,1_fake,sofa/1_fake/07832.png,92814,0c3241ac,67341111506,92829,8
train,progan_train,sofa,1_fake,sofa/1_fake/07875.png,87575,5cad71d4,68058044812,87392,8
train,progan_train,sofa,1_fake,sofa/1_fake/07972.png,37648,7f661750,67732019578,37485,8
train,progan_train,sofa,1_fake,sofa/1_fake/08063.png,119227,2f8b5ebc,66693948612,119247,8
train,progan_train,sofa,1_fake,sofa/1_fake/08423.png,91719,76cf4332,67300179949,91688,8
train,progan_train,sofa,1_fake,sofa/1_fake/08457.png,31703,75fe006d,67627385894,31630,8
train,progan_train,sofa,1_fake,sofa/1_fake/08488.png,69591,eb3803e9,66939128852,69606,8
train,progan_train,sofa,1_fake,sofa/1_fake/08872.png,103126,16e9a911,67020694213,103083,8
train,progan_train,sofa,1_fake,sofa/1_fake/09002.png,29313,66c307e3,67173585493,29036,8
train,progan_train,sofa,1_fake,sofa/1_fake/09011.png,37666,2990e2c3,66584205607,37453,8
train,progan_train,sofa,1_fake,sofa/1_fake/09176.png,130215,07d0cf9d,67972605757,130199,8
train,progan_train,sofa,1_fake,sofa/1_fake/09578.png,73461,d819866b,66954229481,73329,8
train,progan_train,sofa,1_fake,sofa/1_fake/09915.png,32729,bcefaf0e,67158926563,32624,8
train,progan_train,sofa,1_fake,sofa/1_fake/09999.png,85083,7accf49d,68073271387,85098,8
train,progan_train,sofa,1_fake,sofa/1_fake/10093.png,32160,e4480f7e,67055468895,32009,8
train,progan_train,sofa,1_fake,sofa/1_fake/10098.png,99779,b58ca130,67349659986,99725,8
train,progan_train,sofa,1_fake,sofa/1_fake/10138.png,62992,f088d0cf,67639592754,62996,8
train,progan_train,sofa,1_fake,sofa/1_fake/10653.png,112502,a9af2791,67137573035,112475,8
train,progan_train,sofa,1_fake,sofa/1_fake/10956.png,58479,ca9ab457,66549638276,58489,8
train,progan_train,sofa,1_fake,sofa/1_fake/11076.png,111523,fbe410d0,67921293804,111543,8
train,progan_train,sofa,1_fake,sofa/1_fake/11083.png,110092,c7a50674,67131920991,109983,8
train,progan_train,sofa,1_fake,sofa/1_fake/11187.png,114597,4d094e2d,66943357007,114604,8
train,progan_train,sofa,1_fake,sofa/1_fake/11195.png,91411,8da2c189,67861495815,91426,8
train,progan_train,sofa,1_fake,sofa/1_fake/11297.png,120119,69ef4c79,66825950171,120135,8
train,progan_train,sofa,1_fake,sofa/1_fake/11324.png,59856,c42e11c0,67559704099,59787,8
train,progan_train,sofa,1_fake,sofa/1_fake/11769.png,52930,a42be3eb,68024491195,52940,8
train,progan_train,sofa,1_fake,sofa/1_fake/11785.png,119499,d14eef81,67105668030,119381,8
train,progan_train,sofa,1_fake,sofa/1_fake/12115.png,157651,5a992cef,67278954449,157326,8
train,progan_train,sofa,1_fake,sofa/1_fake/12130.png,31896,5040a1bc,68009385612,31802,8
train,progan_train,sofa,1_fake,sofa/1_fake/12300.png,46400,7e394cd3,67570272713,46377,8
train,progan_train,sofa,1_fake,sofa/1_fake/12342.png,114182,77e7f45a,68098034762,114134,8
train,progan_train,sofa,1_fake,sofa/1_fake/12691.png,100472,1facd787,66771470377,100492,8
train,progan_train,sofa,1_fake,sofa/1_fake/12732.png,111123,3c1409b1,66735921693,111139,8
train,progan_train,sofa,1_fake,sofa/1_fake/13090.png,128710,5103a1c8,66664924058,128679,8
train,progan_train,sofa,1_fake,sofa/1_fake/13708.png,60844,3e073f8b,67556136603,60837,8
train,progan_train,sofa,1_fake,sofa/1_fake/13733.png,86015,489dd164,67582032001,85953,8
train,progan_train,sofa,1_fake,sofa/1_fake/14007.png,103053,09b26476,66939811229,103065,8
train,progan_train,sofa,1_fake,sofa/1_fake/14358.png,96445,f7cd783d,67405507300,96454,8
train,progan_train,sofa,1_fake,sofa/1_fake/14885.png,123671,4663c376,66896018104,123274,8
train,progan_train,sofa,1_fake,sofa/1_fake/15362.png,99707,94dada79,67460307032,99616,8
train,progan_train,sofa,1_fake,sofa/1_fake/15614.png,100108,051f70f0,67400331221,100061,8
train,progan_train,sofa,1_fake,sofa/1_fake/16168.png,95872,69434c0f,67422488218,95698,8
train,progan_train,sofa,1_fake,sofa/1_fake/16172.png,42116,34861ab2,67497780348,41990,8
train,progan_train,sofa,1_fake,sofa/1_fake/16769.png,73225,7cbd2972,66647257551,73132,8
train,progan_train,sofa,1_fake,sofa/1_fake/16920.png,114359,b3183263,66611223672,114379,8
train,progan_train,sofa,1_fake,sofa/1_fake/17142.png,130767,8ebc578e,66892115980,130778,8
train,progan_train,sofa,1_fake,sofa/1_fake/17283.png,102528,ffd1f86d,66917507382,102506,8
train,progan_train,sofa,1_fake,sofa/1_fake/17804.png,74617,7a854cc4,66962678400,74597,8
train,progan_train,sofa,1_fake,sofa/1_fake/18076.png,105222,fc44d70a,67751027787,105237,8
train,progan_train,sofa,1_fake,sofa/1_fake/18216.png,51655,dc5cb7b9,66483466060,51586,8
train,progan_train,sofa,1_fake,sofa/1_fake/18390.png,113410,8bd4d5f4,67082377974,113403,8
train,progan_train,sofa,1_fake,sofa/1_fake/19016.png,106248,ec445c01,67855983893,105883,8
train,progan_train,sofa,1_fake,sofa/1_fake/19357.png,115127,277cce9a,67258271416,115061,8
train,progan_train,sofa,1_fake,sofa/1_fake/19750.png,110047,45fa35c1,66684339566,110049,8
train,progan_train,sofa,1_fake,sofa/1_fake/19933.png,22521,7dfe12bb,66553841339,22471,8
train,progan_train,train,0_real,train/0_real/00269.png,127208,185e540d,69268545839,126516,8
train,progan_train,train,0_real,train/0_real/00899.png,124391,ac59dd6b,69980050746,124360,8
train,progan_train,train,0_real,train/0_real/01003.png,92707,c7f7be50,68291709620,92606,8
train,progan_train,train,0_real,train/0_real/01117.png,151708,e5811180,69988525082,151615,8
train,progan_train,train,0_real,train/0_real/01268.png,94636,9bb00f8a,69996590609,94555,8
train,progan_train,train,0_real,train/0_real/01362.png,75355,01087ef2,68626416351,74901,8
train,progan_train,train,0_real,train/0_real/01608.png,80520,5616a96f,69712676985,77957,8
train,progan_train,train,0_real,train/0_real/01611.png,134929,ee197b23,69511740386,134277,8
train,progan_train,train,0_real,train/0_real/01749.png,90254,f2beb32c,68259439487,89983,8
train,progan_train,train,0_real,train/0_real/01791.png,109943,aabaf698,68488746659,109894,8
train,progan_train,train,0_real,train/0_real/01901.png,97183,df03af1e,68542745396,97161,8
train,progan_train,train,0_real,train/0_real/01904.png,154671,ba26b64c,68795099786,154239,8
train,progan_train,train,0_real,train/0_real/01990.png,103668,b7c11132,69853087807,103665,8
train,progan_train,train,0_real,train/0_real/02312.png,87505,d83e1d0c,69780618801,87410,8
train,progan_train,train,0_real,train/0_real/02370.png,118506,78566cd0,68576451573,118526,8
train,progan_train,train,0_real,train/0_real/02599.png,128987,1f6d45aa,68629205704,128465,8
train,progan_train,train,0_real,train/0_real/02886.png,110072,a3d041b9,70019694148,109654,8
train,progan_train,train,0_real,train/0_real/02920.png,114955,2fae1329,69746441955,114841,8
train,progan_train,train,0_real,train/0_real/03248.png,76299,2ad1647f,69603721814,75878,8
train,progan_train,train,0_real,train/0_real/03297.png,129362,f08f4a90,69285906224,129369,8
train,progan_train,train,0_real,train/0_real/03380.png,107075,1e054a34,69964502496,107095,8
train,progan_train,train,0_real,train/0_real/03454.png,111851,b528e5e6,68756585119,111748,8
train,progan_train,train,0_real,train/0_real/03524.png,99197,b248d6e6,68897864415,99084,8
train,progan_train,train,0_real,train/0_real/03999.png,99053,e08a20cc,68741889145,98967,8
train,progan_train,train,0_real,train/0_real/04168.png,92290,bafc82fc,69229989174,92119,8
train,progan_train,train,0_real,train/0_real/04335.png,89641,4108f364,68516265375,89129,8
train,progan_train,train,0_real,train/0_real/04606.png,113890,53f88ebf,69661327310,113745,8
train,progan_train,train,0_real,train/0_real/04723.png,121326,d42a1db2,69098696772,121268,8
train,progan_train,train,0_real,train/0_real/04813.png,131668,7e3f495a,69723373530,131594,8
train,progan_train,train,0_real,train/0_real/04995.png,115237,fc1a7f8b,68827859791,115019,8
train,progan_train,train,0_real,train/0_real/05089.png,106420,c75e4d3a,68473556154,106336,8
train,progan_train,train,0_real,train/0_real/05112.png,90353,1fc217ba,69033970697,90259,8
train,progan_train,train,0_real,train/0_real/05267.png,123451,c78f748b,68509354470,123364,8
train,progan_train,train,0_real,train/0_real/05898.png,163998,bb55202e,68253747614,163973,8
train,progan_train,train,0_real,train/0_real/06280.png,113465,0c16bb39,69590962574,113282,8
train,progan_train,train,0_real,train/0_real/06407.png,124144,6ef8b127,69437576347,124015,8
train,progan_train,train,0_real,train/0_real/06536.png,123722,0328941e,69970578965,122931,8
train,progan_train,train,0_real,train/0_real/06646.png,74657,bdc7f61c,69935401997,74621,8
train,progan_train,train,0_real,train/0_real/06719.png,108633,831fbff4,69413451378,108459,8
train,progan_train,train,0_real,train/0_real/06783.png,80905,dcf32e91,69470877161,79381,8
train,progan_train,train,0_real,train/0_real/07010.png,118104,eaa9da02,69595885526,117716,8
train,progan_train,train,0_real,train/0_real/07546.png,103962,e72e91c2,68898212714,103872,8
train,progan_train,train,0_real,train/0_real/07649.png,105634,33e79880,68697246313,105580,8
train,progan_train,train,0_real,train/0_real/07998.png,71215,537741d1,69429208273,71023,8
train,progan_train,train,0_real,train/0_real/08082.png,118400,e03d3dd0,69725226651,117917,8
train,progan_train,train,0_real,train/0_real/08083.png,56745,9a9ec8a3,69756501640,56755,8
train,progan_train,train,0_real,train/0_real/08728.png,123285,6f72860d,69398127002,123169,8
train,progan_train,train,0_real,train/0_real/08757.png,121668,3475b773,69907597846,121681,8
train,progan_train,train,0_real,train/0_real/08760.png,72128,67941de7,68512620103,71994,8
train,progan_train,train,0_real,train/0_real/09168.png,88385,da21a325,68686359712,88327,8
train,progan_train,train,0_real,train/0_real/09171.png,101908,64d192c9,68878683536,101537,8
train,progan_train,train,0_real,train/0_real/09228.png,75857,5be5a68d,69669494604,74870,8
train,progan_train,train,0_real,train/0_real/09232.png,58528,257cf4c4,68759501247,58294,8
train,progan_train,train,0_real,train/0_real/09546.png,148115,9e580b80,68907121820,147954,8
train,progan_train,train,0_real,train/0_real/09663.png,74420,376c2921,68933209644,73813,8
train,progan_train,train,0_real,train/0_real/09694.png,93478,b61234fc,68245770266,93055,8
train,progan_train,train,0_real,train/0_real/09719.png,110073,c5ae5b80,69065966022,109823,8
train,progan_train,train,0_real,train/0_real/10239.png,75995,c4bdeb1a,69020213731,76010,8
train,progan_train,train,0_real,train/0_real/10701.png,139656,a1d31339,68428945881,139397,8
train,progan_train,train,0_real,train/0_real/10729.png,98874,a909d12a,69762186953,98655,8
train,progan_train,train,0_real,train/0_real/10808.png,129156,93edc8d3,68881546690,128797,8
train,progan_train,train,0_real,train/0_real/11392.png,105335,1aac6c98,69029933163,105189,8
train,progan_train,train,0_real,train/0_real/11628.png,132552,fea53b03,69365700156,132156,8
train,progan_train,train,0_real,train/0_real/11705.png,118938,f232c05d,68893983273,118958,8
train,progan_train,train,0_real,train/0_real/11723.png,111128,c63b4714,68304241165,111060,8
train,progan_train,train,0_real,train/0_real/11837.png,98936,fc7ff02e,68783264033,98895,8
train,progan_train,train,0_real,train/0_real/11856.png,123787,ae1f63d9,69955720502,123807,8
train,progan_train,train,0_real,train/0_real/11949.png,85261,fc9d3a41,68432144036,85155,8
train,progan_train,train,0_real,train/0_real/11978.png,109986,fc724548,68502842632,109827,8
train,progan_train,train,0_real,train/0_real/12105.png,107917,27e256d6,68938889933,107822,8
train,progan_train,train,0_real,train/0_real/12376.png,101877,a77469b5,68994830777,101834,8
train,progan_train,train,0_real,train/0_real/12859.png,130301,bcb825a3,68481198415,130167,8
train,progan_train,train,0_real,train/0_real/13312.png,89229,46493128,68442994331,89226,8
train,progan_train,train,0_real,train/0_real/13615.png,108118,9099dd65,68229221710,108036,8
train,progan_train,train,0_real,train/0_real/13945.png,126231,0d589bc9,68121486699,126215,8
train,progan_train,train,0_real,train/0_real/13949.png,107307,28ee8eb4,68523014903,106026,8
train,progan_train,train,0_real,train/0_real/13986.png,116545,0dc594eb,69017806220,116426,8
train,progan_train,train,0_real,train/0_real/14167.png,86958,3738b7ad,69184948093,86858,8
train,progan_train,train,0_real,train/0_real/14186.png,113316,7452e2b4,68980096771,113282,8
train,progan_train,train,0_real,train/0_real/14462.png,65825,e5510c14,69635809778,65649,8
train,progan_train,train,0_real,train/0_real/14564.png,99179,9a652254,69359129945,99117,8
train,progan_train,train,0_real,train/0_real/15336.png,106619,4c4e39de,68796693082,106308,8
train,progan_train,train,0_real,train/0_real/15389.png,94648,c63af15b,68867456153,94538,8
train,progan_train,train,0_real,train/0_real/16363.png,118011,c2d3b79a,68502489375,117820,8
train,progan_train,train,0_real,train/0_real/16694.png,97795,54e39efc,68418015815,97803,8
train,progan_train,train,0_real,train/0_real/16842.png,145045,87ed5b8a,69955037293,145024,8
train,progan_train,train,0_real,train/0_real/16893.png,105771,3e4fe523,69128915931,105753,8
train,progan_train,train,0_real,train/0_real/17203.png,65869,d43a9107,69832638899,65285,8
train,progan_train,train,0_real,train/0_real/17769.png,119994,c1c40afa,69288007451,119780,8
train,progan_train,train,0_real,train/0_real/17795.png,74915,db1132a1,69308383732,74629,8
train,progan_train,train,0_real,train/0_real/18185.png,110432,79d8bbe4,68705334504,110445,8
train,progan_train,train,0_real,train/0_real/18321.png,99146,19611134,70032845129,97056,8
train,progan_train,train,0_real,train/0_real/18401.png,83023,c5ba8a34,68821735353,82855,8
train,progan_train,train,0_real,train/0_real/18672.png,80019,c55e5b5e,69168314530,79690,8
train,progan_train,train,0_real,train/0_real/18768.png,84036,b43a430a,69158345006,83870,8
train,progan_train,train,0_real,train/0_real/18859.png,152494,0f69da55,69957192632,151762,8
train,progan_train,train,0_real,train/0_real/19125.png,102530,613d76a8,68815385237,102107,8
train,progan_train,train,0_real,train/0_real/19266.png,88515,a711c4f2,69041889674,88103,8
train,progan_train,train,0_real,train/0_real/19975.png,71785,a7db1cec,68279803167,71669,8
train,progan_train,train,0_real,train/0_real/19990.png,117631,a215b215,68521634297,117651,8
train,progan_train,train,1_fake,train/1_fake/00056.png,92941,dfa97f68,71333826152,92626,8
train,progan_train,train,1_fake,train/1_fake/00175.png,81959,cfef347d,71710915705,81786,8
train,progan_train,train,1_fake,train/1_fake/00594.png,80949,3829d02c,72080054741,80943,8
train,progan_train,train,1_fake,train/1_fake/00634.png,116734,6e090458,70115753580,116754,8
train,progan_train,train,1_fake,train/1_fake/00709.png,92968,0106aaed,70629221655,92980,8
train,progan_train,train,1_fake,train/1_fake/01056.png,57151,5a8071f2,70746467311,57123,8
train,progan_train,train,1_fake,train/1_fake/01355.png,140377,fa119b14,70788075820,140296,8
train,progan_train,train,1_fake,train/1_fake/01733.png,72877,aa93b9ca,71501159726,72768,8
train,progan_train,train,1_fake,train/1_fake/01794.png,118545,f0f6e6c2,70946964070,118434,8
train,progan_train,train,1_fake,train/1_fake/01800.png,131861,3f7146b4,70600936810,131757,8
train,progan_train,train,1_fake,train/1_fake/01861.png,110254,8c23b767,71111531509,110233,8
train,progan_train,train,1_fake,train/1_fake/01912.png,97187,5381ec34,70881437661,96846,8
train,progan_train,train,1_fake,train/1_fake/02016.png,87757,90d410fa,70571012690,87756,8
train,progan_train,train,1_fake,train/1_fake/02337.png,133808,e7645dd2,71942970651,133796,8
train,progan_train,train,1_fake,train/1_fake/02545.png,102383,3615c651,70201042679,102207,8
train,progan_train,train,1_fake,train/1_fake/02642.png,114983,4b6cbc54,70164652395,114706,8
train,progan_train,train,1_fake,train/1_fake/02696.png,145656,fa174801,70760517273,144960,8
train,progan_train,train,1_fake,train/1_fake/03416.png,120648,578a365e,70514357704,120479,8
train,progan_train,train,1_fake,train/1_fake/03480.png,112125,aae8c72e,70478363720,111441,8
train,progan_train,train,1_fake,train/1_fake/03728.png,102024,2409f53a,71331092000,102024,8
train,progan_train,train,1_fake,train/1_fake/03990.png,92372,df0bbd77,71535484542,91998,8
train,progan_train,train,1_fake,train/1_fake/04312.png,87323,163cc222,71153378523,87240,8
train,progan_train,train,1_fake,train/1_fake/04564.png,137281,b398576f,71383323906,137051,8
train,progan_train,train,1_fake,train/1_fake/04628.png,109476,e43eb2ef,71071361440,109124,8
train,progan_train,train,1_fake,train/1_fake/05094.png,146816,1c1ffc6a,71779338414,146688,8
train,progan_train,train,1_fake,train/1_fake/05193.png,125557,6f403cd0,71467911523,125308,8
train,progan_train,train,1_fake,train/1_fake/05232.png,111445,97f67c58,71223624218,111113,8
train,progan_train,train,1_fake,train/1_fake/05536.png,118374,e73ae1c0,70215710620,118220,8
train,progan_train,train,1_fake,train/1_fake/05689.png,152344,747faa9a,71605642392,151856,8
train,progan_train,train,1_fake,train/1_fake/05823.png,117216,4deae0e0,71665287808,117236,8
train,progan_train,train,1_fake,train/1_fake/06161.png,120550,2415afc4,71644169490,120315,8
train,progan_train,train,1_fake,train/1_fake/06442.png,129238,7b0f9137,70170730999,129145,8
train,progan_train,train,1_fake,train/1_fake/06444.png,119072,fd139879,70646549219,118870,8
train,progan_train,train,1_fake,train/1_fake/06583.png,154090,73337531,71859362370,154079,8
train,progan_train,train,1_fake,train/1_fake/06589.png,89926,55815f9a,71032774288,89542,8
train,progan_train,train,1_fake,train/1_fake/06640.png,110620,c3147370,70610482572,109935,8
train,progan_train,train,1_fake,train/1_fake/06883.png,113530,ba44c723,70794650822,113441,8
train,progan_train,train,1_fake,train/1_fake/06887.png,106888,0541dc48,70747490388,106704,8
train,progan_train,train,1_fake,train/1_fake/07086.png,86179,d76361f6,70106239268,85991,8
train,progan_train,train,1_fake,train/1_fake/07246.png,113762,51abde90,70744356788,113574,8
train,progan_train,train,1_fake,train/1_fake/07268.png,92920,e3205809,70830458056,92935,8
train,progan_train,train,1_fake,train/1_fake/07328.png,132678,a176108f,70915358882,132554,8
train,progan_train,train,1_fake,train/1_fake/07381.png,128870,f89378c2,71358777635,128887,8
train,progan_train,train,1_fake,train/1_fake/07449.png,100649,34c7134d,71970868872,100584,8
train,progan_train,train,1_fake,train/1_fake/07465.png,91921,154ddbf6,71981443917,91739,8
train,progan_train,train,1_fake,train/1_fake/07693.png,97950,b8e306eb,70625787599,97369,8
train,progan_train,train,1_fake,train/1_fake/07779.png,115524,5c3d8abc,71497566731,115544,8
train,progan_train,train,1_fake,train/1_fake/07984.png,153747,fed0d0a0,70323777008,153750,8
train,progan_train,train,1_fake,train/1_fake/08290.png,104605,d157f62e,71119201778,104270,8
train,progan_train,train,1_fake,train/1_fake/08645.png,112378,ceeba898,71704586930,112065,8
train,progan_train,train,1_fake,train/1_fake/08667.png,118262,1f7734d3,71407346063,118231,8
train,progan_train,train,1_fake,train/1_fake/08829.png,94947,966c4193,70097501228,94780,8
train,progan_train,train,1_fake,train/1_fake/08897.png,127881,c7deae66,70856880712,127311,8
train,progan_train,train,1_fake,train/1_fake/09501.png,113672,a5502d72,70060672904,113491,8
train,progan_train,train,1_fake,train/1_fake/09865.png,108496,584d6735,70084597275,108510,8
train,progan_train,train,1_fake,train/1_fake/09907.png,93590,369007a4,70887109346,93588,8
train,progan_train,train,1_fake,train/1_fake/10014.png,132554,63ac57df,71797918465,132401,8
train,progan_train,train,1_fake,train/1_fake/10468.png,136630,3de81d28,70224697922,136416,8
train,progan_train,train,1_fake,train/1_fake/11035.png,134523,867e3865,71085331628,134419,8
train,progan_train,train,1_fake,train/1_fake/11123.png,97735,e5015efd,72010319750,97561,8
train,progan_train,train,1_fake,train/1_fake/11218.png,99879,4e33602a,70699421839,99892,8
train,progan_train,train,1_fake,train/1_fake/11229.png,125329,c0214d07,71748887102,124310,8
train,progan_train,train,1_fake,train/1_fake/11280.png,90933,306355bd,70469526991,90800,8
train,progan_train,train,1_fake,train/1_fake/11344.png,115869,244ae456,71391427036,115847,8
train,progan_train,train,1_fake,train/1_fake/11671.png,127208,ed816b39,70049731168,126176,8
train,progan_train,train,1_fake,train/1_fake/11733.png,125400,83e430a5,70452137172,125093,8
train,progan_train,train,1_fake,train/1_fake/11881.png,112278,c43397e4,70370975965,112274,8
train,progan_train,train,1_fake,train/1_fake/12119.png,83477,4918661d,71898963554,83182,8
train,progan_train,train,1_fake,train/1_fake/12290.png,129899,3d084572,70654558697,129291,8
train,progan_train,train,1_fake,train/1_fake/12415.png,118717,c8865675,71049676536,118680,8
train,progan_train,train,1_fake,train/1_fake/13111.png,76305,d9d1fc19,70147901033,76128,8
train,progan_train,train,1_fake,train/1_fake/13218.png,145004,5e238478,70547461442,145029,8
train,progan_train,train,1_fake,train/1_fake/13364.png,114866,4a1b67fc,70782097152,114848,8
train,progan_train,train,1_fake,train/1_fake/14942.png,100452,2b30f4b2,70916534152,100441,8
train,progan_train,train,1_fake,train/1_fake/15632.png,115421,fc457cd8,71358662472,115083,8
train,progan_train,train,1_fake,train/1_fake/15677.png,102502,5d34785c,71427323436,102253,8
train,progan_train,train,1_fake,train/1_fake/15820.png,139543,6c447468,70255498048,139504,8
train,progan_train,train,1_fake,train/1_fake/15862.png,97496,c0575798,70659568949,97511,8
train,progan_train,train,1_fake,train/1_fake/16000.png,129973,a6a4d83f,71673411214,129602,8
train,progan_train,train,1_fake,train/1_fake/16423.png,94988,d11c60e6,71755271950,94898,8
train,progan_train,train,1_fake,train/1_fake/16488.png,125521,4fee197e,70979905742,125211,8
train,progan_train,train,1_fake,train/1_fake/16510.png,101567,befab9ef,70150232081,101587,8
train,progan_train,train,1_fake,train/1_fake/16919.png,121900,76a17df9,70788615811,121718,8
train,progan_train,train,1_fake,train/1_fake/17060.png,144401,2cea6d9a,71850291380,144203,8
train,progan_train,train,1_fake,train/1_fake/17462.png,109768,e8e2e047,71105883227,109788,8
train,progan_train,train,1_fake,train/1_fake/17730.png,99270,9c546127,71482289464,99287,8
train,progan_train,train,1_fake,train/1_fake/17838.png,128907,afb59c3d,70504046086,128763,8
train,progan_train,train,1_fake,train/1_fake/17846.png,111423,d73ddd83,70913997716,111405,8
train,progan_train,train,1_fake,train/1_fake/18046.png,111065,e416e70c,70861367711,110751,8
train,progan_train,train,1_fake,train/1_fake/18047.png,118121,b65c6e40,70414085300,117919,8
train,progan_train,train,1_fake,train/1_fake/18125.png,80341,9be96086,70876023137,80226,8
train,progan_train,train,1_fake,train/1_fake/18592.png,119711,c39512fc,71202676138,119705,8
train,progan_train,train,1_fake,train/1_fake/18800.png,91575,aa74b157,71242704322,91462,8
train,progan_train,train,1_fake,train/1_fake/18825.png,145859,73983778,70393653801,145712,8
train,progan_train,train,1_fake,train/1_fake/19119.png,107277,22af2540,71601203016,107274,8
train,progan_train,train,1_fake,train/1_fake/19145.png,97766,9c5b736f,72082504538,97781,8
train,progan_train,train,1_fake,train/1_fake/19491.png,108223,74f4df5b,72076431003,108091,8
train,progan_train,train,1_fake,train/1_fake/19658.png,108143,250ae5f9,70776501155,107629,8
train,progan_train,train,1_fake,train/1_fake/19755.png,131687,2e29ef79,71310812148,131709,8
train,progan_train,train,1_fake,train/1_fake/19924.png,106111,ff5e1463,71867806047,106131,8
train,progan_train,tvmonitor,0_real,tvmonitor/0_real/00076.png,84512,b1cdbcf3,72482994129,84234,8
train,progan_train,tvmonitor,0_real,tvmonitor/0_real/00252.png,48549,e9dffdc9,72821430242,48472,8
train,progan_train,tvmonitor,0_real,tvmonitor/0_real/00459.png,53537,7a0c6398,72105964203,53446,8
train,progan_train,tvmonitor,0_real,tvmonitor/0_real/00618.png,75920,ff61d180,73109157162,75284,8
train,progan_train,tvmonitor,0_real,tvmonitor/0_real/00985.png,75098,54ff3208,72800780055,75030,8
train,progan_train,tvmonitor,0_real,tvmonitor/0_real/01397.png,52304,949b7afb,73125592062,52161,8
train,progan_train,tvmonitor,0_real,tvmonitor/0_real/01525.png,96349,ac01a11c,72985742968,96180,8
train,progan_train,tvmonitor,0_real,tvmonitor/0_real/02122.png,64605,2f361be7,72928971203,64428,8
train,progan_train,tvmonitor,0_real,tvmonitor/0_real/02279.png,52824,0cc68c39,73268167903,52834,8
train,progan_train,tvmonitor,0_real,tvmonitor/0_real/02386.png,77331,31fc8103,72171725124,77346,8
train,progan_train,tvmonitor,0_real,tvmonitor/0_real/02710.png,131012,1b252810,72640733347,131032,8
train,progan_train,tvmonitor,0_real,tvmonitor/0_real/03151.png,72760,daccebdf,72715602730,72732,8
train,progan_train,tvmonitor,0_real,tvmonitor/0_real/03509.png,16633,ae6f8582,72751953290,16245,8
train,progan_train,tvmonitor,0_real,tvmonitor/0_real/03891.png,96241,7e38ca16,72628080069,96248,8
train,progan_train,tvmonitor,0_real,tvmonitor/0_real/03930.png,73736,f7c9d2e6,72483897228,73370,8
train,progan_train,tvmonitor,0_real,tvmonitor/0_real/04089.png,100114,63c5ae9c,72995968734,100131,8
train,progan_train,tvmonitor,0_real,tvmonitor/0_real/04525.png,81702,756f231a,72823414212,81659,8
train,progan_train,tvmonitor,0_real,tvmonitor/0_real/04844.png,92824,0f3197a9,72223010842,92839,8
train,progan_train,tvmonitor,0_real,tvmonitor/0_real/04895.png,39777,fe0d1baf,73010100894,39595,8
train,progan_train,tvmonitor,0_real,tvmonitor/0_real/04979.png,99252,d9eaaa4b,72757054333,99272,8
train,progan_train,tvmonitor,0_real,tvmonitor/0_real/05511.png,18810,75857da5,73302594357,18608,8
train,progan_train,tvmonitor,0_real,tvmonitor/0_real/05675.png,70637,6dc7d94a,72577390199,70619,8
train,progan_train,tvmonitor,0_real,tvmonitor/0_real/05806.png,81521,6bc00e00,72934296086,81523,8
train,progan_train,tvmonitor,0_real,tvmonitor/0_real/05896.png,20732,7fdcaf87,72968839948,20732,0
train,progan_train,tvmonitor,0_real,tvmonitor/0_real/05909.png,65002,44128d5a,72476146388,64694,8
train,progan_train,tvmonitor,0_real,tvmonitor/0_real/05998.png,64902,9accda5c,73014472424,64592,8
train,progan_train,tvmonitor,0_real,tvmonitor/0_real/06044.png,78197,3e590074,72278252970,78195,8
train,progan_train,tvmonitor,0_real,tvmonitor/0_real/06596.png,66142,94b632d6,72685942039,66097,8
train,progan_train,tvmonitor,0_real,tvmonitor/0_real/06638.png,141036,f8319ce9,73331127953,141061,8
train,progan_train,tvmonitor,0_real,tvmonitor/0_real/06819.png,58117,9ddcd93a,72429397290,57941,8
train,progan_train,tvmonitor,0_real,tvmonitor/0_real/07384.png,51954,cd88df39,72545383706,51928,8
train,progan_train,tvmonitor,0_real,tvmonitor/0_real/07632.png,62208,d721e2d7,72222785121,62213,8
train,progan_train,tvmonitor,0_real,tvmonitor/0_real/08522.png,77772,e82a3fc2,72423022595,77417,8
train,progan_train,tvmonitor,0_real,tvmonitor/0_real/08548.png,67478,779525d2,72515857150,67493,8
train,progan_train,tvmonitor,0_real,tvmonitor/0_real/08587.png,75822,e7b7d2b6,73170585883,75739,8
train,progan_train,tvmonitor,0_real,tvmonitor/0_real/08656.png,92941,6fcdd8c2,73011798706,92956,8
train,progan_train,tvmonitor,0_real,tvmonitor/0_real/08982.png,82105,6b67b2d7,72634958847,82035,8
train,progan_train,tvmonitor,0_real,tvmonitor/0_real/09361.png,36779,dc816c93,72796089106,36393,8
train,progan_train,tvmonitor,0_real,tvmonitor/0_real/09376.png,94489,bf416d1c,72874098319,94496,8
train,progan_train,tvmonitor,0_real,tvmonitor/0_real/09516.png,72638,505485a6,72099407325,72616,8
train,progan_train,tvmonitor,0_real,tvmonitor/0_real/09899.png,55225,6af32142,72412048703,55138,8
train,progan_train,tvmonitor,0_real,tvmonitor/0_real/10098.png,57685,fdfc5ce7,72798343089,57695,8
train,progan_train,tvmonitor,0_real,tvmonitor/0_real/10216.png,60043,10f4e6ec,72855601818,59786,8
train,progan_train,tvmonitor,0_real,tvmonitor/0_real/10715.png,30494,63fb5c35,73087528590,30078,8
train,progan_train,tvmonitor,0_real,tvmonitor/0_real/10934.png,58556,4a8c2a5d,72371258802,58461,8
train,progan_train,tvmonitor,0_real,tvmonitor/0_real/10960.png,66366,26d477c2,72819428442,66375,8
train,progan_train,tvmonitor,0_real,tvmonitor/0_real/11309.png,60813,c63f2732,72194530516,60725,8
train,progan_train,tvmonitor,0_real,tvmonitor/0_real/11423.png,52299,187d423d,72765019700,52309,8
train,progan_train,tvmonitor,0_real,tvmonitor/0_real/11515.png,85101,0e6439dd,72755842175,85085,8
train,progan_train,tvmonitor,0_real,tvmonitor/0_real/11519.png,78230,416ab0b9,73004459964,77946,8
train,progan_train,tvmonitor,0_real,tvmonitor/0_real/11575.png,47069,86995ead,72960851927,47079,8
train,progan_train,tvmonitor,0_real,tvmonitor/0_real/11604.png,50725,fd8bac8a,72705752304,50735,8
train,progan_train,tvmonitor,0_real,tvmonitor/0_real/12121.png,83716,2a0bf177,72892968813,83731,8
train,progan_train,tvmonitor,0_real,tvmonitor/0_real/12163.png,54022,852a2c00,72305141611,53676,8
train,progan_train,tvmonitor,0_real,tvmonitor/0_real/12220.png,40379,e867b7a6,72908970982,40175,8
train,progan_train,tvmonitor,0_real,tvmonitor/0_real/12271.png,81210,8006a9c5,72994337642,81111,8
train,progan_train,tvmonitor,0_real,tvmonitor/0_real/12614.png,71601,a6ff27b5,73385175040,71576,8
train,progan_train,tvmonitor,0_real,tvmonitor/0_real/12676.png,35614,dd8da241,72383814305,35492,8
train,progan_train,tvmonitor,0_real,tvmonitor/0_real/13190.png,87121,ab6ed257,73110483204,87106,8
train,progan_train,tvmonitor,0_real,tvmonitor/0_real/13305.png,75663,df0e777f,73350996354,75624,8
train,progan_train,tvmonitor,0_real,tvmonitor/0_real/13619.png,73207,94005398,72353369950,73122,8
train,progan_train,tvmonitor,0_real,tvmonitor/0_real/14177.png,81369,75f0cb17,73255313776,81306,8
train,progan_train,tvmonitor,0_real,tvmonitor/0_real/14250.png,118375,b51c3c45,73196042629,118268,8
train,progan_train,tvmonitor,0_real,tvmonitor/0_real/14345.png,90013,ec0156cc,72949180201,90028,8
train,progan_train,tvmonitor,0_real,tvmonitor/0_real/14783.png,97790,9f1a11f1,73088433354,97805,8
train,progan_train,tvmonitor,0_real,tvmonitor/0_real/14897.png,69415,648d5c83,72496428593,69191,8
train,progan_train,tvmonitor,0_real,tvmonitor/0_real/15167.png,76135,b3c1ed3c,72722666282,76129,8
train,progan_train,tvmonitor,0_real,tvmonitor/0_real/15331.png,40548,cd158dd9,73020626448,40014,8
train,progan_train,tvmonitor,0_real,tvmonitor/0_real/15373.png,48693,43b8fece,72357511574,48563,8
train,progan_train,tvmonitor,0_real,tvmonitor/0_real/15688.png,86041,8a9cbacc,73398529350,85827,8
train,progan_train,tvmonitor,0_real,tvmonitor/0_real/15806.png,82839,a59af652,72533482851,82707,8
train,progan_train,tvmonitor,0_real,tvmonitor/0_real/15828.png,41315,30163a5d,72737306629,40820,8
train,progan_train,tvmonitor,0_real,tvmonitor/0_real/16102.png,98885,8bc604dd,72452726686,98905,8
train,progan_train,tvmonitor,0_real,tvmonitor/0_real/16122.png,92545,b3ef25bd,72641832139,92560,8
train,progan_train,tvmonitor,0_real,tvmonitor/0_real/16209.png,76525,feb92eaf,72502754438,76525,8
train,progan_train,tvmonitor,0_real,tvmonitor/0_real/16568.png,54855,200aa6f6,72566090418,54607,8
train,progan_train,tvmonitor,0_real,tvmonitor/0_real/16709.png,29721,b1948833,72568541153,29139,8
train,progan_train,tvmonitor,0_real,tvmonitor/0_real/17076.png,88260,06e42f69,72819557745,88237,8
train,progan_train,tvmonitor,0_real,tvmonitor/0_real/17137.png,81217,0293b2d7,72812024759,81064,8
train,progan_train,tvmonitor,0_real,tvmonitor/0_real/17283.png,109931,19afa8b4,72457517822,109951,8
train,progan_train,tvmonitor,0_real,tvmonitor/0_real/17555.png,31383,4600c49e,72990440642,31383,0
train,progan_train,tvmonitor,0_real,tvmonitor/0_real/17621.png,24517,c81342d3,72265245439,24437,8
train,progan_train,tvmonitor,0_real,tvmonitor/0_real/17669.png,93620,000d3e94,72735387959,93483,8
train,progan_train,tvmonitor,0_real,tvmonitor/0_real/17730.png,47197,392579b9,73009542261,47109,8
train,progan_train,tvmonitor,0_real,tvmonitor/0_real/17768.png,49122,7ed413b5,72861044992,48946,8
train,progan_train,tvmonitor,0_real,tvmonitor/0_real/17894.png,49481,5d745881,72630599100,49433,8
train,progan_train,tvmonitor,0_real,tvmonitor/0_real/17964.png,76446,5ba784b3,72450374783,76438,8
train,progan_train,tvmonitor,0_real,tvmonitor/0_real/17980.png,55473,81fa8a67,72984412006,55370,8
train,progan_train,tvmonitor,0_real,tvmonitor/0_real/18079.png,46350,6734dfe9,73186877828,45955,8
train,progan_train,tvmonitor,0_real,tvmonitor/0_real/18415.png,91990,a874bcb7,73208275331,91871,8
train,progan_train,tvmonitor,0_real,tvmonitor/0_real/19010.png,103737,400bbc2f,73197535418,103739,8
train,progan_train,tvmonitor,0_real,tvmonitor/0_real/19078.png,22463,9afa247d,72299432475,22028,8
train,progan_train,tvmonitor,0_real,tvmonitor/0_real/19147.png,78450,1aaec957,72440399959,78280,8
train,progan_train,tvmonitor,0_real,tvmonitor/0_real/19238.png,81930,43161e8f,73245603000,81942,8
train,progan_train,tvmonitor,0_real,tvmonitor/0_real/19319.png,40539,eea7196d,72516738656,40549,8
train,progan_train,tvmonitor,0_real,tvmonitor/0_real/19373.png,101388,d072e4d0,72773048096,101336,8
train,progan_train,tvmonitor,0_real,tvmonitor/0_real/19416.png,27249,88313cce,72133639943,26707,8
train,progan_train,tvmonitor,0_real,tvmonitor/0_real/19582.png,36607,5ef911df,72196870235,36528,8
train,progan_train,tvmonitor,0_real,tvmonitor/0_real/19713.png,60806,b8f72ea3,72323892023,60784,8
train,progan_train,tvmonitor,0_real,tvmonitor/0_real/19734.png,77324,81ecedbe,72564233610,77265,8
train,progan_train,tvmonitor,1_fake,tvmonitor/1_fake/00531.png,75767,0f6a8202,74794492750,75782,8
train,progan_train,tvmonitor,1_fake,tvmonitor/1_fake/00930.png,76237,53efe4b0,73445067425,76236,8
train,progan_train,tvmonitor,1_fake,tvmonitor/1_fake/01070.png,104102,bf113204,73433651739,104073,8
train,progan_train,tvmonitor,1_fake,tvmonitor/1_fake/01163.png,75022,33da419e,73458436980,74964,8
train,progan_train,tvmonitor,1_fake,tvmonitor/1_fake/01425.png,73939,d65d6b14,73728784701,73954,8
train,progan_train,tvmonitor,1_fake,tvmonitor/1_fake/01578.png,55621,cb56ae3b,74201473692,55631,8
train,progan_train,tvmonitor,1_fake,tvmonitor/1_fake/01642.png,85713,8b92fd70,73926682078,85728,8
train,progan_train,tvmonitor,1_fake,tvmonitor/1_fake/01811.png,90998,1462b8fb,74028026973,91013,8
train,progan_train,tvmonitor,1_fake,tvmonitor/1_fake/02339.png,91160,ff7ac6f1,74360735676,91175,8
train,progan_train,tvmonitor,1_fake,tvmonitor/1_fake/02588.png,95100,ce7f7cbb,74181314222,95081,8
train,progan_train,tvmonitor,1_fake,tvmonitor/1_fake/02595.png,103570,293bd67c,74596369109,103590,8
train,progan_train,tvmonitor,1_fake,tvmonitor/1_fake/02785.png,90430,ff383cf6,74352463615,90436,8
train,progan_train,tvmonitor,1_fake,tvmonitor/1_fake/02818.png,102381,8f56b774,74102553389,102369,8
train,progan_train,tvmonitor,1_fake,tvmonitor/1_fake/02944.png,108280,ae975319,74525970096,108252,8
train,progan_train,tvmonitor,1_fake,tvmonitor/1_fake/03707.png,37637,84d0b499,73579671079,37624,8
train,progan_train,tvmonitor,1_fake,tvmonitor/1_fake/03888.png,62621,809936b0,73870284402,62470,8
train,progan_train,tvmonitor,1_fake,tvmonitor/1_fake/03921.png,99974,aff1f62a,73703600717,99845,8
train,progan_train,tvmonitor,1_fake,tvmonitor/1_fake/04229.png,90940,d87a8691,74375390704,90955,8
train,progan_train,tvmonitor,1_fake,tvmonitor/1_fake/04287.png,63642,fb5c5b0f,73478678447,63602,8
train,progan_train,tvmonitor,1_fake,tvmonitor/1_fake/04292.png,56522,62cb1102,74847882998,56532,8
train,progan_train,tvmonitor,1_fake,tvmonitor/1_fake/04354.png,79844,074ea1b0,73781322741,79855,8
train,progan_train,tvmonitor,1_fake,tvmonitor/1_fake/04754.png,91809,ed758e50,74518178260,91816,8
train,progan_train,tvmonitor,1_fake,tvmonitor/1_fake/04853.png,112075,c438215f,74539154106,112095,8
train,progan_train,tvmonitor,1_fake,tvmonitor/1_fake/05098.png,55250,4f033f0d,74131978424,55248,8
train,progan_train,tvmonitor,1_fake,tvmonitor/1_fake/05331.png,66692,f0d98281,74035602146,66509,8
train,progan_train,tvmonitor,1_fake,tvmonitor/1_fake/05836.png,71092,030f21cc,73518330531,71087,8
train,progan_train,tvmonitor,1_fake,tvmonitor/1_fake/05990.png,102341,7c3969cd,74786494682,102361,8
train,progan_train,tvmonitor,1_fake,tvmonitor/1_fake/06329.png,64650,66c778fb,74459149317,64660,8
train,progan_train,tvmonitor,1_fake,tvmonitor/1_fake/06334.png,66002,ece9d6ed,73813907559,65943,8
train,progan_train,tvmonitor,1_fake,tvmonitor/1_fake/06600.png,41811,9777da6d,73990556701,41798,8
train,progan_train,tvmonitor,1_fake,tvmonitor/1_fake/07108.png,73084,80b8c172,73752926400,72900,8
train,progan_train,tvmonitor,1_fake,tvmonitor/1_fake/07257.png,68252,b873a908,73549939989,68267,8
train,progan_train,tvmonitor,1_fake,tvmonitor/1_fake/07424.png,93095,1a76befa,73905682246,93096,8
train,progan_train,tvmonitor,1_fake,tvmonitor/1_fake/07605.png,80970,f8519791,74120519055,80975,8
train,progan_train,tvmonitor,1_fake,tvmonitor/1_fake/07785.png,40428,5cf70333,73715916538,40438,8
train,progan_train,tvmonitor,1_fake,tvmonitor/1_fake/07827.png,54659,ff003fe6,73586667636,54607,8
train,progan_train,tvmonitor,1_fake,tvmonitor/1_fake/07932.png,77866,f3a47329,74456549843,77865,8
train,progan_train,tvmonitor,1_fake,tvmonitor/1_fake/08148.png,31529,23a4ba28,74473679413,31483,8
train,progan_train,tvmonitor,1_fake,tvmonitor/1_fake/08321.png,98964,6f827083,74327683703,98946,8
train,progan_train,tvmonitor,1_fake,tvmonitor/1_fake/08336.png,76698,b1b5a4e3,74243944110,76713,8
train,progan_train,tvmonitor,1_fake,tvmonitor/1_fake/08516.png,73766,abdd4335,74254580166,73781,8
train,progan_train,tvmonitor,1_fake,tvmonitor/1_fake/08530.png,82059,8fddb9e7,73879223726,82064,8
train,progan_train,tvmonitor,1_fake,tvmonitor/1_fake/08742.png,71019,037bb240,74032661341,71012,8
train,progan_train,tvmonitor,1_fake,tvmonitor/1_fake/08927.png,110275,4d049aed,74771559883,110293,8
train,progan_train,tvmonitor,1_fake,tvmonitor/1_fake/08994.png,65618,c12266a3,74776987248,65592,8
train,progan_train,tvmonitor,1_fake,tvmonitor/1_fake/09009.png,102520,6a2130e1,74160787368,102355,8
train,progan_train,tvmonitor,1_fake,tvmonitor/1_fake/09729.png,65869,c18c30b8,74702344639,65827,8
train,progan_train,tvmonitor,1_fake,tvmonitor/1_fake/09824.png,104952,09b5f612,74286072333,104957,8
train,progan_train,tvmonitor,1_fake,tvmonitor/1_fake/09917.png,91366,194cf8cc,73572994490,91298,8
train,progan_train,tvmonitor,1_fake,tvmonitor/1_fake/09948.png,112587,1b78928d,74775172386,112564,8
train,progan_train,tvmonitor,1_fake,tvmonitor/1_fake/10161.png,61181,907d0136,73956556885,61191,8
train,progan_train,tvmonitor,1_fake,tvmonitor/1_fake/10431.png,54950,a83871a6,73752242052,54921,8
train,progan_train,tvmonitor,1_fake,tvmonitor/1_fake/10751.png,68772,884ad2c2,74812413262,68739,8
train,progan_train,tvmonitor,1_fake,tvmonitor/1_fake/10832.png,91145,0af38aad,74425496737,91160,8
train,progan_train,tvmonitor,1_fake,tvmonitor/1_fake/10889.png,88000,f820b11e,73594101930,88015,8
train,progan_train,tvmonitor,1_fake,tvmonitor/1_fake/11106.png,106374,04568a89,73555313759,106390,8
train,progan_train,tvmonitor,1_fake,tvmonitor/1_fake/11686.png,102816,f32ea6a7,73715149183,102836,8
train,progan_train,tvmonitor,1_fake,tvmonitor/1_fake/11711.png,67397,4ca64b53,73932512457,67306,8
train,progan_train,tvmonitor,1_fake,tvmonitor/1_fake/11752.png,56947,007747b1,74481590126,56852,8
train,progan_train,tvmonitor,1_fake,tvmonitor/1_fake/12151.png,64144,b12c6e1f,73929964022,64144,8
train,progan_train,tvmonitor,1_fake,tvmonitor/1_fake/12158.png,112346,6e94ee25,74234578385,112311,8
train,progan_train,tvmonitor,1_fake,tvmonitor/1_fake/12341.png,77548,e8fc49f0,74095614074,77533,8
train,progan_train,tvmonitor,1_fake,tvmonitor/1_fake/12418.png,57569,a3a19d5b,74518563020,57579,8
train,progan_train,tvmonitor,1_fake,tvmonitor/1_fake/12632.png,67780,19b288e4,74631556030,67770,8
train,progan_train,tvmonitor,1_fake,tvmonitor/1_fake/12664.png,75708,ac4f447c,74702216319,75723,8
train,progan_train,tvmonitor,1_fake,tvmonitor/1_fake/12728.png,56541,35712c98,73931014929,56457,8
train,progan_train,tvmonitor,1_fake,tvmonitor/1_fake/12810.png,71368,9e9a0cd1,73915054252,71330,8
train,progan_train,tvmonitor,1_fake,tvmonitor/1_fake/12830.png,93622,f93b1c6b,74047635712,93608,8
train,progan_train,tvmonitor,1_fake,tvmonitor/1_fake/12934.png,82502,990b9575,73964997893,82517,8
train,progan_train,tvmonitor,1_fake,tvmonitor/1_fake/13145.png,54679,41652d10,73826559932,54583,8
train,progan_train,tvmonitor,1_fake,tvmonitor/1_fake/13305.png,67285,aa94f961,74794085135,67300,8
train,progan_train,tvmonitor,1_fake,tvmonitor/1_fake/13360.png,55780,89d548bb,73589381785,55754,8
train,progan_train,tvmonitor,1_fake,tvmonitor/1_fake/13585.png,54307,1976edda,73682373445,54280,8
train,progan_train,tvmonitor,1_fake,tvmonitor/1_fake/14704.png,95745,e9603df5,73563549594,95714,8
train,progan_train,tvmonitor,1_fake,tvmonitor/1_fake/14759.png,66226,d09e860a,74439425239,66241,8
train,progan_train,tvmonitor,1_fake,tvmonitor/1_fake/14867.png,49689,62472b76,73942598495,49699,8
train,progan_train,tvmonitor,1_fake,tvmonitor/1_fake/15325.png,109976,829a949b,74767593892,109858,8
train,progan_train,tvmonitor,1_fake,tvmonitor/1_fake/15330.png,96687,8ed9b201,74559969081,96702,8
train,progan_train,tvmonitor,1_fake,tvmonitor/1_fake/15590.png,70329,6ba7be0f,74023610121,70273,8
train,progan_train,tvmonitor,1_fake,tvmonitor/1_fake/15794.png,77019,3275d125,74620132673,76986,8
train,progan_train,tvmonitor,1_fake,tvmonitor/1_fake/16128.png,85870,102d8ec5,73629758592,85865,8
train,progan_train,tvmonitor,1_fake,tvmonitor/1_fake/16143.png,93905,1ad01cd1,73655214560,93836,8
train,progan_train,tvmonitor,1_fake,tvmonitor/1_fake/16310.png,95945,b88486ae,73948959051,95949,8
train,progan_train,tvmonitor,1_fake,tvmonitor/1_fake/16355.png,98159,19ede11b,73813320316,98174,8
train,progan_train,tvmonitor,1_fake,tvmonitor/1_fake/16366.png,59684,9a9d4d00,74548991636,59694,8
train,progan_train,tvmonitor,1_fake,tvmonitor/1_fake/16378.png,74033,247ad2cb,74464467371,74027,8
train,progan_train,tvmonitor,1_fake,tvmonitor/1_fake/16804.png,97609,e233ccac,74070531282,97611,8
train,progan_train,tvmonitor,1_fake,tvmonitor/1_fake/16930.png,121218,569d438c,74706920523,121152,8
train,progan_train,tvmonitor,1_fake,tvmonitor/1_fake/17516.png,85029,93eebd3b,74173819454,85044,8
train,progan_train,tvmonitor,1_fake,tvmonitor/1_fake/17849.png,89949,dfb1b165,73644480483,89961,8
train,progan_train,tvmonitor,1_fake,tvmonitor/1_fake/18433.png,101056,76b75469,74421762357,101068,8
train,progan_train,tvmonitor,1_fake,tvmonitor/1_fake/18473.png,66834,767d6046,73573862274,66849,8
train,progan_train,tvmonitor,1_fake,tvmonitor/1_fake/18531.png,122625,2bf82614,74735365275,122645,8
train,progan_train,tvmonitor,1_fake,tvmonitor/1_fake/18850.png,75672,f7c2c5fb,74801837511,75687,8
train,progan_train,tvmonitor,1_fake,tvmonitor/1_fake/18997.png,57542,62c00cba,73472011824,57552,8
train,progan_train,tvmonitor,1_fake,tvmonitor/1_fake/19148.png,94341,b1a9f5d0,73411303112,94342,8
train,progan_train,tvmonitor,1_fake,tvmonitor/1_fake/19319.png,101091,3dae6924,73864884624,101107,8
train,progan_train,tvmonitor,1_fake,tvmonitor/1_fake/19394.png,90246,4003cab9,73431247928,90261,8
train,progan_train,tvmonitor,1_fake,tvmonitor/1_fake/19647.png,67671,6840d102,74259814787,67686,8
train,progan_train,tvmonitor,1_fake,tvmonitor/1_fake/19771.png,80985,489df01e,73547743030,80981,8
